timestamp,open,high,low,close,volume
2026-06-15 16:30:00+00:00,67149.3,67234.4,67110.7,67129.1,439.2021
2026-06-15 16:45:00+00:00,67129.1,67179.4,67054.9,67122.2,359.4897
2026-06-15 17:00:00+00:00,67122.2,67122.2,66722.4,66869.7,1087.5653
2026-06-15 17:15:00+00:00,66869.7,66946.5,66736.3,66782.8,446.9171
2026-06-15 17:30:00+00:00,66782.8,66899.7,66635.1,66850.0,465.4262
2026-06-15 17:45:00+00:00,66850.0,66917.0,66800.1,66820.6,324.1693
2026-06-15 18:00:00+00:00,66820.6,66899.9,66678.5,66777.5,534.2656
2026-06-15 18:15:00+00:00,66777.5,66856.6,66765.0,66791.2,252.5955
2026-06-15 18:30:00+00:00,66791.2,66842.9,66709.9,66765.4,375.0227
2026-06-15 18:45:00+00:00,66765.4,66889.6,66720.0,66726.1,281.49
2026-06-15 19:00:00+00:00,66726.1,66856.0,66687.4,66822.0,253.9047
2026-06-15 19:15:00+00:00,66822.0,66851.5,66308.3,66495.0,1086.669
2026-06-15 19:30:00+00:00,66495.0,66691.6,66493.3,66690.3,347.3103
2026-06-15 19:45:00+00:00,66690.3,66718.3,66467.1,66579.1,522.6193
2026-06-15 20:00:00+00:00,66579.1,66605.1,66463.0,66530.5,360.9875
2026-06-15 20:15:00+00:00,66530.5,66569.8,66482.6,66544.0,214.8903
2026-06-15 20:30:00+00:00,66544.0,66658.1,66544.0,66551.9,204.8048
2026-06-15 20:45:00+00:00,66551.9,66551.9,66448.3,66489.6,201.5247
2026-06-15 21:00:00+00:00,66489.6,66499.4,66392.5,66490.0,238.806
2026-06-15 21:15:00+00:00,66490.0,66534.8,66358.5,66379.3,197.331
2026-06-15 21:30:00+00:00,66379.3,66444.0,66292.3,66402.4,301.0422
2026-06-15 21:45:00+00:00,66402.4,66416.7,66328.3,66337.0,173.7939
2026-06-15 22:00:00+00:00,66337.0,66446.1,66321.1,66326.1,350.1925
2026-06-15 22:15:00+00:00,66326.1,66382.6,66065.0,66131.0,619.8895
2026-06-15 22:30:00+00:00,66131.0,66345.9,66068.6,66263.6,555.0234
2026-06-15 22:45:00+00:00,66263.6,66301.1,66166.7,66169.9,607.1126
2026-06-15 23:00:00+00:00,66169.9,66257.9,66149.8,66235.9,237.7682
2026-06-15 23:15:00+00:00,66235.9,66267.6,66117.9,66199.3,312.4129
2026-06-15 23:30:00+00:00,66199.3,66246.2,66086.6,66243.7,253.7364
2026-06-15 23:45:00+00:00,66243.7,66332.8,66209.9,66285.9,222.4466
2026-06-16 00:00:00+00:00,66285.9,66371.3,66235.0,66350.8,223.9644
2026-06-16 00:15:00+00:00,66350.8,66383.3,66197.2,66210.8,206.5134
2026-06-16 00:30:00+00:00,66210.8,66426.9,66204.0,66374.7,283.8206
2026-06-16 00:45:00+00:00,66374.7,66399.8,66200.9,66216.7,241.182
2026-06-16 01:00:00+00:00,66216.7,66330.4,66206.6,66247.0,323.6421
2026-06-16 01:15:00+00:00,66247.0,66345.9,66220.0,66335.1,243.3324
2026-06-16 01:30:00+00:00,66335.1,66378.7,66313.0,66325.7,133.3434
2026-06-16 01:45:00+00:00,66325.7,66385.5,66284.8,66309.8,205.4097
2026-06-16 02:00:00+00:00,66309.8,66331.8,66016.9,66028.1,445.0322
2026-06-16 02:15:00+00:00,66028.1,66125.7,65721.1,65735.3,810.8609
2026-06-16 02:30:00+00:00,65735.3,65889.1,65720.2,65849.5,633.2437
2026-06-16 02:45:00+00:00,65849.5,65858.6,65655.0,65713.9,380.7934
2026-06-16 03:00:00+00:00,65713.9,65820.7,65651.7,65778.8,355.8391
2026-06-16 03:15:00+00:00,65778.8,65976.9,65608.3,65946.2,650.3967
2026-06-16 03:30:00+00:00,65946.2,66099.1,65939.9,66095.1,343.4547
2026-06-16 03:45:00+00:00,66095.1,66139.8,66052.7,66125.3,352.6364
2026-06-16 04:00:00+00:00,66125.3,66249.9,66098.9,66117.7,311.9944
2026-06-16 04:15:00+00:00,66117.7,66134.0,65943.7,65943.7,493.5715
2026-06-16 04:30:00+00:00,65943.7,65943.7,65768.6,65854.9,567.0619
2026-06-16 04:45:00+00:00,65854.9,65874.7,65779.9,65810.9,271.3938
2026-06-16 05:00:00+00:00,65810.9,66041.8,65810.9,65987.9,328.2201
2026-06-16 05:15:00+00:00,65987.9,66089.5,65930.5,66040.9,231.2347
2026-06-16 05:30:00+00:00,66040.9,66091.0,65974.3,66059.9,290.9951
2026-06-16 05:45:00+00:00,66059.9,66119.5,66021.6,66027.9,213.022
2026-06-16 06:00:00+00:00,66027.9,66166.7,66027.8,66153.2,293.7537
2026-06-16 06:15:00+00:00,66153.2,66324.6,66117.0,66306.3,339.6439
2026-06-16 06:30:00+00:00,66306.3,66542.4,66257.1,66361.1,763.3388
2026-06-16 06:45:00+00:00,66361.1,66505.6,66349.2,66406.2,293.4127
2026-06-16 07:00:00+00:00,66406.2,66496.8,66305.9,66306.0,349.436
2026-06-16 07:15:00+00:00,66306.0,66450.5,66278.4,66301.3,786.8383
2026-06-16 07:30:00+00:00,66301.3,66398.9,66279.9,66288.4,340.3619
2026-06-16 07:45:00+00:00,66288.4,66349.9,66272.0,66341.6,163.6342
2026-06-16 08:00:00+00:00,66341.6,66470.9,66307.8,66435.6,408.1448
2026-06-16 08:15:00+00:00,66435.6,66541.7,66344.7,66518.7,362.1599
2026-06-16 08:30:00+00:00,66518.7,66618.8,66462.0,66583.3,449.4787
2026-06-16 08:45:00+00:00,66583.3,66956.7,66529.9,66863.7,1123.901
2026-06-16 09:00:00+00:00,66863.7,66878.6,66684.8,66735.5,633.7959
2026-06-16 09:15:00+00:00,66735.5,66735.5,66524.8,66581.3,506.7794
2026-06-16 09:30:00+00:00,66581.3,66706.4,66546.7,66669.7,382.0814
2026-06-16 09:45:00+00:00,66669.7,66699.5,66440.0,66478.4,363.7289
2026-06-16 10:00:00+00:00,66478.4,66563.0,66463.2,66509.8,308.3263
2026-06-16 10:15:00+00:00,66509.8,66749.6,66509.8,66633.4,486.6453
2026-06-16 10:30:00+00:00,66633.4,66637.4,66539.3,66579.8,233.2232
2026-06-16 10:45:00+00:00,66579.8,66592.4,66451.1,66476.1,304.6087
2026-06-16 11:00:00+00:00,66476.1,66619.3,66410.4,66484.0,324.6711
2026-06-16 11:15:00+00:00,66484.0,66556.7,66361.5,66445.0,294.0157
2026-06-16 11:30:00+00:00,66445.0,66452.5,66326.5,66376.9,216.2764
2026-06-16 11:45:00+00:00,66376.9,66460.3,66345.1,66455.9,331.9796
2026-06-16 12:00:00+00:00,66455.9,66537.9,66369.8,66520.0,408.75
2026-06-16 12:15:00+00:00,66520.0,66650.0,66510.1,66552.4,668.0899
2026-06-16 12:30:00+00:00,66552.4,66786.8,66409.8,66459.9,956.6393
2026-06-16 12:45:00+00:00,66459.9,66472.2,66325.1,66390.4,546.5683
2026-06-16 13:00:00+00:00,66390.4,66434.5,65973.0,66173.7,1229.9621
2026-06-16 13:15:00+00:00,66173.7,66240.0,65987.8,65987.9,548.8638
2026-06-16 13:30:00+00:00,65987.9,66136.8,65895.0,66099.8,1473.4607
2026-06-16 13:45:00+00:00,66099.8,66179.9,65961.8,66011.3,751.3887
2026-06-16 14:00:00+00:00,66011.3,66239.3,65979.9,65999.8,855.779
2026-06-16 14:15:00+00:00,65999.8,66035.9,65468.4,65523.1,2379.2122
2026-06-16 14:30:00+00:00,65523.1,65720.6,65328.7,65663.8,1666.3066
2026-06-16 14:45:00+00:00,65663.8,65749.8,65574.6,65630.0,721.1721
2026-06-16 15:00:00+00:00,65630.0,65855.9,65580.0,65833.9,976.6869
2026-06-16 15:15:00+00:00,65833.9,65884.8,65683.7,65789.5,656.3123
2026-06-16 15:30:00+00:00,65789.5,65980.0,65779.9,65814.5,627.8316
2026-06-16 15:45:00+00:00,65814.5,65964.8,65667.4,65841.7,740.0473
2026-06-16 16:00:00+00:00,65841.7,65932.0,65738.5,65744.1,464.5321
2026-06-16 16:15:00+00:00,65744.1,65800.0,65692.1,65763.9,374.243
2026-06-16 16:30:00+00:00,65763.9,65846.0,65676.3,65784.5,380.92
2026-06-16 16:45:00+00:00,65784.5,65800.3,65675.1,65730.7,326.7887
2026-06-16 17:00:00+00:00,65730.7,65829.5,65708.7,65761.4,268.228
2026-06-16 17:15:00+00:00,65761.4,65846.7,65677.3,65725.3,261.5481
2026-06-16 17:30:00+00:00,65725.3,65799.8,65682.1,65726.0,254.952
2026-06-16 17:45:00+00:00,65726.0,65991.6,65707.6,65946.1,723.0471
2026-06-16 18:00:00+00:00,65946.1,66225.3,65921.0,66105.0,1758.4163
2026-06-16 18:15:00+00:00,66105.0,66106.5,65838.9,65885.3,467.8461
2026-06-16 18:30:00+00:00,65885.3,65949.9,65767.0,65817.2,393.4514
2026-06-16 18:45:00+00:00,65817.2,65909.5,65792.1,65822.3,285.5158
2026-06-16 19:00:00+00:00,65822.3,65822.3,65620.3,65640.2,473.6201
2026-06-16 19:15:00+00:00,65640.2,65699.9,65528.8,65678.4,397.9788
2026-06-16 19:30:00+00:00,65678.4,65759.7,65570.0,65616.7,315.3306
2026-06-16 19:45:00+00:00,65616.7,65706.6,65531.9,65653.1,446.3689
2026-06-16 20:00:00+00:00,65653.1,65737.1,65561.1,65736.9,319.4719
2026-06-16 20:15:00+00:00,65736.9,65819.6,65659.9,65695.0,265.9942
2026-06-16 20:30:00+00:00,65695.0,65810.9,65689.9,65808.5,155.8249
2026-06-16 20:45:00+00:00,65808.5,65832.8,65791.0,65823.9,109.153
2026-06-16 21:00:00+00:00,65823.9,65908.4,65803.7,65885.2,204.0217
2026-06-16 21:15:00+00:00,65885.2,65887.9,65679.7,65696.3,320.8214
2026-06-16 21:30:00+00:00,65696.3,65724.0,65609.8,65702.8,145.454
2026-06-16 21:45:00+00:00,65702.8,65750.0,65676.6,65741.2,110.9748
2026-06-16 22:00:00+00:00,65741.2,65851.8,65677.6,65811.0,172.4342
2026-06-16 22:15:00+00:00,65811.0,65855.0,65682.9,65741.1,164.2727
2026-06-16 22:30:00+00:00,65741.1,65756.6,65666.5,65691.1,145.8321
2026-06-16 22:45:00+00:00,65691.1,65762.6,65644.6,65745.1,102.5611
2026-06-16 23:00:00+00:00,65745.1,65804.9,65690.0,65730.4,147.2375
2026-06-16 23:15:00+00:00,65730.4,65730.5,65610.0,65705.6,116.7017
2026-06-16 23:30:00+00:00,65705.6,65754.7,65676.0,65687.3,122.0945
2026-06-16 23:45:00+00:00,65687.3,65687.3,65589.9,65644.8,162.9554
2026-06-17 00:00:00+00:00,65644.8,65778.9,65644.8,65716.6,166.6956
2026-06-17 00:15:00+00:00,65716.6,65760.0,65671.8,65694.7,208.28
2026-06-17 00:30:00+00:00,65694.7,65812.4,65657.5,65794.5,179.7426
2026-06-17 00:45:00+00:00,65794.5,65820.9,65668.2,65679.3,172.0319
2026-06-17 01:00:00+00:00,65679.3,65799.9,65650.1,65765.2,230.6133
2026-06-17 01:15:00+00:00,65765.2,65765.2,65436.5,65556.8,813.2517
2026-06-17 01:30:00+00:00,65556.8,65786.0,65507.9,65729.8,344.0276
2026-06-17 01:45:00+00:00,65729.8,65926.4,65729.8,65901.0,439.4425
2026-06-17 02:00:00+00:00,65901.0,65910.7,65801.4,65865.0,177.385
2026-06-17 02:15:00+00:00,65865.0,66092.4,65837.1,66065.9,441.3714
2026-06-17 02:30:00+00:00,66065.9,66072.8,65743.6,65824.9,310.4358
2026-06-17 02:45:00+00:00,65824.9,65879.6,65790.7,65872.5,203.7678
2026-06-17 03:00:00+00:00,65872.5,65872.6,65769.9,65783.1,171.4746
2026-06-17 03:15:00+00:00,65783.1,65783.1,65671.8,65742.6,258.5425
2026-06-17 03:30:00+00:00,65742.6,65849.9,65742.6,65765.3,140.5444
2026-06-17 03:45:00+00:00,65765.3,65824.4,65729.4,65818.3,155.0156
2026-06-17 04:00:00+00:00,65818.3,65868.6,65786.6,65810.5,114.5146
2026-06-17 04:15:00+00:00,65810.5,65874.9,65749.0,65864.2,158.2812
2026-06-17 04:30:00+00:00,65864.2,65912.4,65828.5,65887.7,105.1887
2026-06-17 04:45:00+00:00,65887.7,66014.0,65852.5,65852.5,181.5487
2026-06-17 05:00:00+00:00,65852.5,65948.5,65750.2,65775.0,198.714
2026-06-17 05:15:00+00:00,65775.0,65829.9,65702.9,65816.0,150.0024
2026-06-17 05:30:00+00:00,65816.0,65897.1,65785.1,65878.8,157.6296
2026-06-17 05:45:00+00:00,65878.8,65899.0,65733.3,65796.0,136.5919
2026-06-17 06:00:00+00:00,65796.0,65829.9,65751.1,65818.7,136.5729
2026-06-17 06:15:00+00:00,65818.7,65869.3,65609.9,65615.6,176.4729
2026-06-17 06:30:00+00:00,65615.6,65705.5,65539.8,65606.5,407.2391
2026-06-17 06:45:00+00:00,65606.5,65644.5,65567.1,65589.4,176.01
2026-06-17 07:00:00+00:00,65589.4,65671.7,65517.5,65660.8,383.9422
2026-06-17 07:15:00+00:00,65660.8,65680.2,65440.1,65521.5,491.8357
2026-06-17 07:30:00+00:00,65521.5,65549.2,65446.9,65501.4,527.8384
2026-06-17 07:45:00+00:00,65501.4,65569.7,65209.9,65503.9,1452.8953
2026-06-17 08:00:00+00:00,65503.9,65545.6,65300.7,65304.6,392.8241
2026-06-17 08:15:00+00:00,65304.6,65364.2,65208.3,65291.0,456.8609
2026-06-17 08:30:00+00:00,65291.0,65291.0,64877.0,64881.3,1394.318
2026-06-17 08:45:00+00:00,64881.3,64991.3,64791.0,64889.7,638.0122
2026-06-17 09:00:00+00:00,64889.7,65004.9,64872.8,64940.3,456.9991
2026-06-17 09:15:00+00:00,64940.3,65045.0,64889.9,65012.5,292.9039
2026-06-17 09:30:00+00:00,65012.5,65029.1,64888.1,64916.9,211.1928
2026-06-17 09:45:00+00:00,64916.9,64976.0,64800.4,64880.0,265.3259
2026-06-17 10:00:00+00:00,64880.0,64964.1,64772.6,64854.8,485.8762
2026-06-17 10:15:00+00:00,64854.8,64950.0,64827.0,64907.5,272.594
2026-06-17 10:30:00+00:00,64907.5,64946.2,64832.6,64886.7,181.8584
2026-06-17 10:45:00+00:00,64886.7,64914.9,64733.3,64770.3,271.6582
2026-06-17 11:00:00+00:00,64770.3,64825.5,64531.7,64571.0,852.1554
2026-06-17 11:15:00+00:00,64571.0,64715.3,64526.4,64668.0,580.9284
2026-06-17 11:30:00+00:00,64668.0,64773.5,64634.9,64766.0,332.3107
2026-06-17 11:45:00+00:00,64766.0,64834.8,64766.0,64774.5,659.5954
2026-06-17 12:00:00+00:00,64774.5,64844.4,64720.4,64825.4,826.3429
2026-06-17 12:15:00+00:00,64825.4,64825.6,64606.7,64654.7,601.9808
2026-06-17 12:30:00+00:00,64654.7,64895.3,64550.7,64880.9,500.5301
2026-06-17 12:45:00+00:00,64880.9,65080.2,64880.2,65005.2,472.9366
2026-06-17 13:00:00+00:00,65005.2,65057.9,64941.3,65042.7,471.9379
2026-06-17 13:15:00+00:00,65042.7,65042.7,64828.9,64885.7,367.2572
2026-06-17 13:30:00+00:00,64885.7,65304.8,64804.2,65248.9,1150.9341
2026-06-17 13:45:00+00:00,65248.9,65332.8,65189.8,65235.2,763.3987
2026-06-17 14:00:00+00:00,65235.2,65321.5,65092.8,65309.3,786.4629
2026-06-17 14:15:00+00:00,65309.3,65430.7,65099.7,65215.5,733.0317
2026-06-17 14:30:00+00:00,65215.5,65260.4,65012.1,65074.0,649.6845
2026-06-17 14:45:00+00:00,65074.0,65260.0,64727.3,65072.3,2133.1723
2026-06-17 15:00:00+00:00,65072.3,65214.7,64946.7,65201.0,716.6276
2026-06-17 15:15:00+00:00,65201.0,65392.8,65159.8,65304.3,769.998
2026-06-17 15:30:00+00:00,65304.3,65490.9,65227.2,65466.4,838.6737
2026-06-17 15:45:00+00:00,65466.4,65829.7,65439.9,65712.6,1236.7576
2026-06-17 16:00:00+00:00,65712.6,65849.4,65676.9,65815.0,652.3339
2026-06-17 16:15:00+00:00,65815.0,66418.1,65778.9,66222.8,2312.5476
2026-06-17 16:30:00+00:00,66222.8,66270.9,65865.3,65926.2,1103.7107
2026-06-17 16:45:00+00:00,65926.2,65981.7,65803.2,65829.6,454.5693
2026-06-17 17:00:00+00:00,65829.6,65950.4,65755.1,65819.9,575.465
2026-06-17 17:15:00+00:00,65819.9,65981.5,65793.0,65930.0,380.0102
2026-06-17 17:30:00+00:00,65930.0,65979.0,65800.2,65826.6,286.4715
2026-06-17 17:45:00+00:00,65826.6,66159.9,65780.2,66070.2,742.4172
2026-06-17 18:00:00+00:00,66070.2,66076.5,64758.1,65264.8,10368.6148
2026-06-17 18:15:00+00:00,65264.8,65509.6,65237.2,65369.5,1553.3547
2026-06-17 18:30:00+00:00,65369.5,66030.8,65239.8,66006.0,4989.0831
2026-06-17 18:45:00+00:00,66006.0,66013.2,65322.8,65481.2,2333.0086
2026-06-17 19:00:00+00:00,65481.2,65631.9,65056.8,65335.3,1901.2957
2026-06-17 19:15:00+00:00,65335.3,65356.3,64305.7,64436.4,6684.2259
2026-06-17 19:30:00+00:00,64436.4,64653.1,64115.6,64147.0,3231.9057
2026-06-17 19:45:00+00:00,64147.0,64289.7,64015.0,64271.4,3525.1193
2026-06-17 20:00:00+00:00,64271.4,64427.8,64167.7,64187.1,1253.6746
2026-06-17 20:15:00+00:00,64187.1,64432.6,64172.9,64335.7,578.1352
2026-06-17 20:30:00+00:00,64335.7,64460.2,64199.9,64200.1,411.3494
2026-06-17 20:45:00+00:00,64200.1,64410.7,64138.8,64405.7,458.6149
2026-06-17 21:00:00+00:00,64405.7,64426.8,64230.1,64296.3,350.4739
2026-06-17 21:15:00+00:00,64296.3,64358.1,64231.2,64238.6,218.8743
2026-06-17 21:30:00+00:00,64238.6,64386.0,64129.8,64152.8,364.7832
2026-06-17 21:45:00+00:00,64152.8,64254.1,64104.0,64229.2,397.1782
2026-06-17 22:00:00+00:00,64229.2,64231.6,63884.9,64072.3,1004.1825
2026-06-17 22:15:00+00:00,64072.3,64350.0,64036.5,64336.3,387.3689
2026-06-17 22:30:00+00:00,64336.3,64411.3,64209.5,64238.2,366.4749
2026-06-17 22:45:00+00:00,64238.2,64389.5,64231.6,64265.2,208.4592
2026-06-17 23:00:00+00:00,64265.2,64380.9,64216.6,64294.5,247.7158
2026-06-17 23:15:00+00:00,64294.5,64495.2,64294.5,64466.1,262.317
2026-06-17 23:30:00+00:00,64466.1,64494.8,64366.1,64413.3,210.6329
2026-06-17 23:45:00+00:00,64413.3,64487.9,64366.0,64472.8,206.0672
2026-06-18 00:00:00+00:00,64472.8,64629.9,64455.3,64604.7,327.0349
2026-06-18 00:15:00+00:00,64604.7,64676.0,64509.8,64560.5,283.3311
2026-06-18 00:30:00+00:00,64560.5,64671.1,64470.3,64554.3,291.4194
2026-06-18 00:45:00+00:00,64554.3,64587.8,64422.9,64432.7,205.8816
2026-06-18 01:00:00+00:00,64432.7,64779.8,64429.0,64703.6,501.554
2026-06-18 01:15:00+00:00,64703.6,64713.4,64590.7,64629.4,233.7754
2026-06-18 01:30:00+00:00,64629.4,64721.8,64570.0,64585.5,246.6958
2026-06-18 01:45:00+00:00,64585.5,64585.5,64444.0,64520.8,187.4548
2026-06-18 02:00:00+00:00,64520.8,64649.8,64499.8,64541.3,295.9781
2026-06-18 02:15:00+00:00,64541.3,64720.8,64453.1,64672.6,288.1456
2026-06-18 02:30:00+00:00,64672.6,64741.2,64645.5,64734.9,213.0869
2026-06-18 02:45:00+00:00,64734.9,64749.9,64641.0,64652.2,249.4783
2026-06-18 03:00:00+00:00,64652.2,64652.2,64487.5,64492.0,200.8315
2026-06-18 03:15:00+00:00,64492.0,64501.9,64280.7,64280.8,349.158
2026-06-18 03:30:00+00:00,64280.8,64370.6,64228.8,64297.9,556.2818
2026-06-18 03:45:00+00:00,64297.9,64380.7,64235.5,64254.8,339.8526
2026-06-18 04:00:00+00:00,64254.8,64310.7,63795.1,63908.2,1980.4266
2026-06-18 04:15:00+00:00,63908.2,64079.5,63821.9,63911.8,889.2103
2026-06-18 04:30:00+00:00,63911.8,63958.1,63848.3,63850.0,427.0709
2026-06-18 04:45:00+00:00,63850.0,63946.0,63800.0,63850.1,403.474
2026-06-18 05:00:00+00:00,63850.1,63947.6,63660.2,63888.4,1266.2784
2026-06-18 05:15:00+00:00,63888.4,63972.3,63877.7,63893.1,368.2638
2026-06-18 05:30:00+00:00,63893.1,63999.9,63820.2,63900.0,345.4521
2026-06-18 05:45:00+00:00,63900.0,63976.6,63849.5,63961.9,328.2839
2026-06-18 06:00:00+00:00,63961.9,64048.2,63851.4,63927.2,427.723
2026-06-18 06:15:00+00:00,63927.2,63970.8,63815.2,63958.7,252.3285
2026-06-18 06:30:00+00:00,63958.7,64070.9,63939.0,64068.1,258.2831
2026-06-18 06:45:00+00:00,64068.1,64097.6,64025.3,64052.0,379.1903
2026-06-18 07:00:00+00:00,64052.0,64076.3,63985.3,64064.8,342.9109
2026-06-18 07:15:00+00:00,64064.8,64281.1,64048.7,64266.7,407.1721
2026-06-18 07:30:00+00:00,64266.7,64427.6,64218.8,64402.7,401.0655
2026-06-18 07:45:00+00:00,64402.7,64480.3,64388.8,64470.3,262.7158
2026-06-18 08:00:00+00:00,64470.3,64626.2,64351.4,64512.6,743.5477
2026-06-18 08:15:00+00:00,64512.6,64577.0,64478.1,64547.8,236.97
2026-06-18 08:30:00+00:00,64547.8,64575.8,64485.1,64485.2,321.1576
2026-06-18 08:45:00+00:00,64485.2,64498.9,64349.8,64369.9,347.31
2026-06-18 09:00:00+00:00,64369.9,64376.5,64283.9,64361.6,306.7405
2026-06-18 09:15:00+00:00,64361.6,64449.9,64205.8,64221.7,341.8817
2026-06-18 09:30:00+00:00,64221.7,64281.7,64180.3,64257.3,229.2217
2026-06-18 09:45:00+00:00,64257.3,64297.7,64162.3,64172.5,136.0129
2026-06-18 10:00:00+00:00,64172.5,64172.5,63963.4,63985.7,347.077
2026-06-18 10:15:00+00:00,63985.7,64027.7,63882.0,63942.5,440.8232
2026-06-18 10:30:00+00:00,63942.5,64055.3,63914.7,63974.7,450.5504
2026-06-18 10:45:00+00:00,63974.7,64196.9,63971.2,64050.0,512.3813
2026-06-18 11:00:00+00:00,64050.0,64175.8,63970.8,63998.1,343.682
2026-06-18 11:15:00+00:00,63998.1,64060.8,63871.6,64043.7,480.8193
2026-06-18 11:30:00+00:00,64043.7,64057.5,63854.9,63946.1,404.5177
2026-06-18 11:45:00+00:00,63946.1,64008.5,63854.9,63940.0,229.8589
2026-06-18 12:00:00+00:00,63940.0,64015.5,63892.7,63977.9,439.1175
2026-06-18 12:15:00+00:00,63977.9,64172.3,63959.8,64172.3,477.1615
2026-06-18 12:30:00+00:00,64172.3,64238.9,64098.8,64225.0,526.9128
2026-06-18 12:45:00+00:00,64225.0,64377.7,64224.7,64345.7,319.4896
2026-06-18 13:00:00+00:00,64345.7,64413.4,64256.0,64368.7,442.6802
2026-06-18 13:15:00+00:00,64368.7,64415.6,64294.7,64327.2,533.327
2026-06-18 13:30:00+00:00,64327.2,64355.1,63845.0,63850.0,1435.074
2026-06-18 13:45:00+00:00,63850.0,64132.6,63753.1,63952.3,1326.4101
2026-06-18 14:00:00+00:00,63952.3,64047.4,63694.9,63752.0,1503.5351
2026-06-18 14:15:00+00:00,63752.0,64181.0,63680.7,63785.9,1309.9833
2026-06-18 14:30:00+00:00,63785.9,64052.6,63730.3,63841.2,1023.2156
2026-06-18 14:45:00+00:00,63841.2,63968.2,63566.8,63784.1,6602.8542
2026-06-18 15:00:00+00:00,63784.1,63796.5,63525.9,63525.9,1079.3202
2026-06-18 15:15:00+00:00,63525.9,63571.1,63158.3,63214.7,5071.3696
2026-06-18 15:30:00+00:00,63214.7,63354.9,62651.4,62755.0,3980.1636
2026-06-18 15:45:00+00:00,62755.0,62863.2,62259.0,62337.7,3938.2583
2026-06-18 16:00:00+00:00,62337.7,62694.2,62309.9,62601.7,1478.5984
2026-06-18 16:15:00+00:00,62601.7,62731.4,62482.9,62568.1,802.4922
2026-06-18 16:30:00+00:00,62568.1,62749.9,62475.5,62688.0,699.8524
2026-06-18 16:45:00+00:00,62688.0,62788.8,62606.8,62664.0,559.2032
2026-06-18 17:00:00+00:00,62664.0,62677.4,62378.8,62478.0,799.9305
2026-06-18 17:15:00+00:00,62478.0,62626.7,62240.8,62553.0,5624.4538
2026-06-18 17:30:00+00:00,62553.0,62724.8,62486.0,62622.1,1099.8064
2026-06-18 17:45:00+00:00,62622.1,62699.8,62485.8,62579.0,438.3496
2026-06-18 18:00:00+00:00,62579.0,62716.3,62552.6,62678.5,655.4425
2026-06-18 18:15:00+00:00,62678.5,62932.5,62583.9,62826.2,1151.5373
2026-06-18 18:30:00+00:00,62826.2,62826.2,62652.0,62748.2,653.375
2026-06-18 18:45:00+00:00,62748.2,62871.5,62597.0,62683.3,669.5606
2026-06-18 19:00:00+00:00,62683.3,62716.5,62607.9,62661.0,367.2203
2026-06-18 19:15:00+00:00,62661.0,62788.6,62618.0,62753.4,381.5146
2026-06-18 19:30:00+00:00,62753.4,62978.6,62745.9,62943.2,331.754
2026-06-18 19:45:00+00:00,62943.2,62983.2,62879.1,62925.2,567.2547
2026-06-18 20:00:00+00:00,62925.2,63202.1,62925.2,63144.4,1025.9518
2026-06-18 20:15:00+00:00,63144.4,63255.6,63068.0,63089.9,366.6416
2026-06-18 20:30:00+00:00,63089.9,63150.8,63019.8,63109.8,612.3797
2026-06-18 20:45:00+00:00,63109.8,63109.9,63012.6,63063.0,159.789
2026-06-18 21:00:00+00:00,63063.0,63098.6,62884.5,62895.0,351.1555
2026-06-18 21:15:00+00:00,62895.0,63020.5,62835.7,62930.8,317.2657
2026-06-18 21:30:00+00:00,62930.8,62960.4,62835.9,62889.1,205.5276
2026-06-18 21:45:00+00:00,62889.1,62973.0,62858.7,62936.0,190.2345
2026-06-18 22:00:00+00:00,62936.0,62961.8,62877.8,62892.6,153.7804
2026-06-18 22:15:00+00:00,62892.6,62900.5,62739.2,62807.1,427.5339
2026-06-18 22:30:00+00:00,62807.1,62826.2,62710.3,62785.3,295.8561
2026-06-18 22:45:00+00:00,62785.3,62868.0,62749.5,62852.8,153.0183
2026-06-18 23:00:00+00:00,62852.8,62903.4,62717.0,62728.9,339.1434
2026-06-18 23:15:00+00:00,62728.9,62850.1,62723.5,62849.7,179.8904
2026-06-18 23:30:00+00:00,62849.7,62919.9,62847.4,62882.9,186.1109
2026-06-18 23:45:00+00:00,62882.9,62963.8,62823.4,62923.9,308.0566
2026-06-19 00:00:00+00:00,62923.9,62959.0,62812.5,62838.4,286.0242
2026-06-19 00:15:00+00:00,62838.4,62974.4,62819.9,62939.3,292.9252
2026-06-19 00:30:00+00:00,62939.3,63035.2,62929.7,63035.2,208.9416
2026-06-19 00:45:00+00:00,63035.2,63066.3,62943.9,62991.5,201.2294
2026-06-19 01:00:00+00:00,62991.5,63059.8,62863.8,62939.8,335.2353
2026-06-19 01:15:00+00:00,62939.8,63073.0,62890.0,62898.4,251.6631
2026-06-19 01:30:00+00:00,62898.4,62929.1,62814.2,62883.9,260.3831
2026-06-19 01:45:00+00:00,62883.9,63008.7,62883.9,62994.5,146.1881
2026-06-19 02:00:00+00:00,62994.5,63088.0,62985.4,62995.1,179.2201
2026-06-19 02:15:00+00:00,62995.1,63043.2,62917.8,62923.2,312.4455
2026-06-19 02:30:00+00:00,62923.2,62999.9,62884.2,62912.0,307.8466
2026-06-19 02:45:00+00:00,62912.0,62994.3,62858.1,62974.2,193.6164
2026-06-19 03:00:00+00:00,62974.2,63004.6,62686.5,62711.4,332.1611
2026-06-19 03:15:00+00:00,62711.4,62826.6,62349.9,62809.8,27533.7548
2026-06-19 03:30:00+00:00,62809.8,62809.8,62580.9,62669.9,496.3948
2026-06-19 03:45:00+00:00,62669.9,62789.4,62599.9,62745.1,390.6337
2026-06-19 04:00:00+00:00,62745.1,62852.7,62584.8,62842.9,492.6682
2026-06-19 04:15:00+00:00,62842.9,62888.8,62681.5,62697.0,296.4343
2026-06-19 04:30:00+00:00,62697.0,62705.7,62492.6,62582.4,465.3616
2026-06-19 04:45:00+00:00,62582.4,62651.8,62375.7,62421.7,447.5414
2026-06-19 05:00:00+00:00,62421.7,62638.1,62417.3,62638.0,321.8257
2026-06-19 05:15:00+00:00,62638.0,62638.0,62538.6,62579.6,264.543
2026-06-19 05:30:00+00:00,62579.6,62644.9,62523.3,62622.5,341.8054
2026-06-19 05:45:00+00:00,62622.5,62714.9,62618.6,62707.0,232.0725
2026-06-19 06:00:00+00:00,62707.0,62825.5,62691.0,62821.6,226.129
2026-06-19 06:15:00+00:00,62821.6,62831.5,62727.7,62806.2,167.8036
2026-06-19 06:30:00+00:00,62806.2,62855.5,62699.9,62795.8,178.6322
2026-06-19 06:45:00+00:00,62795.8,62888.5,62734.2,62865.0,280.8161
2026-06-19 07:00:00+00:00,62865.0,62896.6,62746.9,62747.0,213.4569
2026-06-19 07:15:00+00:00,62747.0,62806.6,62679.8,62709.9,257.6771
2026-06-19 07:30:00+00:00,62709.9,62799.8,62465.5,62517.5,898.8193
2026-06-19 07:45:00+00:00,62517.5,62650.0,62473.5,62592.3,791.1712
2026-06-19 08:00:00+00:00,62592.3,62645.9,62509.4,62638.4,322.0172
2026-06-19 08:15:00+00:00,62638.4,62689.0,62572.4,62637.5,253.9737
2026-06-19 08:30:00+00:00,62637.5,62757.9,62549.9,62619.2,443.9606
2026-06-19 08:45:00+00:00,62619.2,62642.0,62533.3,62575.2,180.5038
2026-06-19 09:00:00+00:00,62575.2,62623.2,62285.3,62391.8,767.7331
2026-06-19 09:15:00+00:00,62391.8,62439.9,62274.8,62344.1,413.1949
2026-06-19 09:30:00+00:00,62344.1,62465.2,62344.1,62389.9,478.8689
2026-06-19 09:45:00+00:00,62389.9,62400.1,62300.0,62352.8,545.323
2026-06-19 10:00:00+00:00,62352.8,62528.1,62347.9,62520.8,393.8266
2026-06-19 10:15:00+00:00,62520.8,62520.8,62399.8,62473.4,303.3912
2026-06-19 10:30:00+00:00,62473.4,62473.5,62381.2,62389.7,341.289
2026-06-19 10:45:00+00:00,62389.7,62570.0,62375.5,62506.1,289.7824
2026-06-19 11:00:00+00:00,62506.1,62543.8,62419.4,62465.7,340.5381
2026-06-19 11:15:00+00:00,62465.7,62662.0,62432.8,62616.2,364.7586
2026-06-19 11:30:00+00:00,62616.2,62656.9,62557.2,62625.2,238.5615
2026-06-19 11:45:00+00:00,62625.2,62658.4,62568.5,62599.8,240.17
2026-06-19 12:00:00+00:00,62599.8,62661.6,62567.6,62594.1,269.5753
2026-06-19 12:15:00+00:00,62594.1,62594.1,62458.3,62528.2,220.479
2026-06-19 12:30:00+00:00,62528.2,62575.3,62369.9,62478.3,948.5639
2026-06-19 12:45:00+00:00,62478.3,62844.7,62315.3,62799.2,1782.3635
2026-06-19 13:00:00+00:00,62799.2,62959.6,62721.2,62752.8,1198.9401
2026-06-19 13:15:00+00:00,62752.8,62779.1,62629.5,62758.8,472.8522
2026-06-19 13:30:00+00:00,62758.8,63090.6,62712.4,63064.4,1492.6728
2026-06-19 13:45:00+00:00,63064.4,63395.4,63047.1,63179.9,4637.5259
2026-06-19 14:00:00+00:00,63179.9,63229.9,63003.1,63060.1,730.1733
2026-06-19 14:15:00+00:00,63060.1,63266.9,62973.4,63239.8,670.8242
2026-06-19 14:30:00+00:00,63239.8,63389.1,63142.0,63279.9,682.1543
2026-06-19 14:45:00+00:00,63279.9,63339.4,63161.9,63174.7,461.0643
2026-06-19 15:00:00+00:00,63174.7,63229.9,63082.5,63158.0,404.0448
2026-06-19 15:15:00+00:00,63158.0,63188.4,62991.9,63034.2,591.8342
2026-06-19 15:30:00+00:00,63034.2,63266.1,63034.2,63220.7,468.2376
2026-06-19 15:45:00+00:00,63220.7,63260.0,63170.7,63192.9,327.6344
2026-06-19 16:00:00+00:00,63192.9,63372.6,63068.4,63359.3,590.1392
2026-06-19 16:15:00+00:00,63359.3,63363.4,63239.4,63289.0,658.1116
2026-06-19 16:30:00+00:00,63289.0,63362.8,63219.9,63219.9,450.1681
2026-06-19 16:45:00+00:00,63219.9,63219.9,62897.8,62943.8,554.4431
2026-06-19 17:00:00+00:00,62943.8,63004.8,62859.8,62973.8,439.9443
2026-06-19 17:15:00+00:00,62973.8,63097.9,62838.0,62899.8,520.7023
2026-06-19 17:30:00+00:00,62899.8,63086.8,62884.1,63073.0,404.6289
2026-06-19 17:45:00+00:00,63073.0,63206.9,63009.9,63166.5,616.4514
2026-06-19 18:00:00+00:00,63166.5,63175.2,63078.3,63133.9,204.6206
2026-06-19 18:15:00+00:00,63133.9,63137.7,63079.2,63083.9,190.3439
2026-06-19 18:30:00+00:00,63083.9,63158.4,62957.8,63029.1,310.1274
2026-06-19 18:45:00+00:00,63029.1,63114.8,62983.1,63079.1,223.1042
2026-06-19 19:00:00+00:00,63079.1,63088.0,62972.6,63029.8,181.0436
2026-06-19 19:15:00+00:00,63029.8,63035.8,62912.9,62969.0,162.3813
2026-06-19 19:30:00+00:00,62969.0,63001.3,62927.4,62973.7,93.4102
2026-06-19 19:45:00+00:00,62973.7,63116.8,62957.9,63001.7,250.114
2026-06-19 20:00:00+00:00,63001.7,63055.4,62986.7,63053.0,147.8977
2026-06-19 20:15:00+00:00,63053.0,63056.3,62926.2,63056.3,135.209
2026-06-19 20:30:00+00:00,63056.3,63077.3,63003.8,63069.3,116.4646
2026-06-19 20:45:00+00:00,63069.3,63245.9,63063.4,63217.3,320.3359
2026-06-19 21:00:00+00:00,63217.3,63253.4,63120.8,63238.4,171.4793
2026-06-19 21:15:00+00:00,63238.4,63238.4,63129.6,63131.5,86.2871
2026-06-19 21:30:00+00:00,63131.5,63140.2,63060.2,63060.3,117.3474
2026-06-19 21:45:00+00:00,63060.3,63104.9,63024.1,63048.0,333.7957
2026-06-19 22:00:00+00:00,63048.0,63080.0,63015.0,63066.9,123.1923
2026-06-19 22:15:00+00:00,63066.9,63272.6,63066.8,63233.5,240.0407
2026-06-19 22:30:00+00:00,63233.5,63315.1,63209.8,63291.7,193.2641
2026-06-19 22:45:00+00:00,63291.7,63344.9,63270.6,63287.6,125.1977
2026-06-19 23:00:00+00:00,63287.6,63312.0,63249.8,63263.6,76.4922
2026-06-19 23:15:00+00:00,63263.6,63307.2,63252.1,63289.1,89.5644
2026-06-19 23:30:00+00:00,63289.1,63337.1,63273.8,63296.8,92.653
2026-06-19 23:45:00+00:00,63296.8,63645.5,63266.3,63512.4,3837.3561
2026-06-20 00:00:00+00:00,63512.4,63585.6,63435.0,63493.8,456.0987
2026-06-20 00:15:00+00:00,63493.8,63620.7,63440.8,63590.2,290.9633
2026-06-20 00:30:00+00:00,63590.2,63749.9,63500.3,63575.4,638.1828
2026-06-20 00:45:00+00:00,63575.4,63578.8,63480.4,63496.7,250.502
2026-06-20 01:00:00+00:00,63496.7,63513.5,63399.9,63422.2,171.9531
2026-06-20 01:15:00+00:00,63422.2,63488.5,63368.5,63474.5,191.0136
2026-06-20 01:30:00+00:00,63474.5,63594.0,63474.5,63540.5,378.2131
2026-06-20 01:45:00+00:00,63540.5,63558.8,63516.0,63550.8,119.6184
2026-06-20 02:00:00+00:00,63550.8,63550.8,63430.9,63441.8,148.9909
2026-06-20 02:15:00+00:00,63441.8,63441.8,63354.7,63382.1,151.6957
2026-06-20 02:30:00+00:00,63382.1,63469.5,63331.1,63372.1,230.2096
2026-06-20 02:45:00+00:00,63372.1,63399.8,63301.8,63305.7,216.6688
2026-06-20 03:00:00+00:00,63305.7,63353.4,63283.5,63319.7,141.2662
2026-06-20 03:15:00+00:00,63319.7,63424.8,63319.7,63416.9,112.4618
2026-06-20 03:30:00+00:00,63416.9,63487.0,63382.8,63456.2,114.1313
2026-06-20 03:45:00+00:00,63456.2,63466.2,63399.8,63440.4,70.9462
2026-06-20 04:00:00+00:00,63440.4,63443.9,63367.4,63398.9,85.6435
2026-06-20 04:15:00+00:00,63398.9,63546.9,63392.4,63542.0,90.3643
2026-06-20 04:30:00+00:00,63542.0,63587.9,63487.8,63578.0,159.7144
2026-06-20 04:45:00+00:00,63578.0,63587.2,63511.3,63553.7,136.0987
2026-06-20 05:00:00+00:00,63553.7,63888.5,63508.9,63781.0,5293.9025
2026-06-20 05:15:00+00:00,63781.0,63811.9,63601.6,63604.5,334.7606
2026-06-20 05:30:00+00:00,63604.5,63705.2,63604.5,63609.4,172.7891
2026-06-20 05:45:00+00:00,63609.4,63685.0,63553.9,63645.3,336.1906
2026-06-20 06:00:00+00:00,63645.3,63682.2,63608.6,63656.4,176.494
2026-06-20 06:15:00+00:00,63656.4,63724.1,63610.0,63672.1,142.9795
2026-06-20 06:30:00+00:00,63672.1,63723.2,63659.2,63723.0,100.6684
2026-06-20 06:45:00+00:00,63723.0,63729.9,63687.9,63709.9,93.5644
2026-06-20 07:00:00+00:00,63709.9,63709.9,63558.5,63636.3,147.044
2026-06-20 07:15:00+00:00,63636.3,63763.1,63636.3,63762.9,146.9058
2026-06-20 07:30:00+00:00,63762.9,63774.0,63684.7,63720.3,142.2088
2026-06-20 07:45:00+00:00,63720.3,63742.0,63614.0,63624.8,201.492
2026-06-20 08:00:00+00:00,63624.8,63629.9,63453.3,63523.2,593.1206
2026-06-20 08:15:00+00:00,63523.2,63553.6,63436.9,63449.9,120.3723
2026-06-20 08:30:00+00:00,63449.9,63466.2,63396.7,63422.7,186.7462
2026-06-20 08:45:00+00:00,63422.7,63430.4,63359.8,63390.7,201.5423
2026-06-20 09:00:00+00:00,63390.7,63505.1,63390.1,63488.1,198.0879
2026-06-20 09:15:00+00:00,63488.1,63564.8,63476.3,63537.4,137.0371
2026-06-20 09:30:00+00:00,63537.4,63686.0,63523.2,63669.7,215.615
2026-06-20 09:45:00+00:00,63669.7,63760.3,63603.0,63700.7,242.7725
2026-06-20 10:00:00+00:00,63700.7,63747.5,63652.9,63657.4,211.5134
2026-06-20 10:15:00+00:00,63657.4,63693.7,63609.4,63649.1,95.2433
2026-06-20 10:30:00+00:00,63649.1,63670.3,63559.8,63574.4,110.787
2026-06-20 10:45:00+00:00,63574.4,63650.1,63574.4,63649.5,87.4568
2026-06-20 11:00:00+00:00,63649.5,63685.0,63586.6,63636.6,151.1499
2026-06-20 11:15:00+00:00,63636.6,63713.5,63626.6,63661.6,144.2631
2026-06-20 11:30:00+00:00,63661.6,63708.4,63649.2,63694.9,58.1227
2026-06-20 11:45:00+00:00,63694.9,63770.0,63651.0,63651.2,127.6297
2026-06-20 12:00:00+00:00,63651.2,63756.0,63640.9,63723.3,273.7781
2026-06-20 12:15:00+00:00,63723.3,63736.5,63670.3,63705.6,224.2319
2026-06-20 12:30:00+00:00,63705.6,63720.2,63546.0,63590.0,190.4225
2026-06-20 12:45:00+00:00,63590.0,63630.2,63498.9,63627.6,385.3435
2026-06-20 13:00:00+00:00,63627.6,63627.6,63551.7,63555.4,170.5091
2026-06-20 13:15:00+00:00,63555.4,63592.0,63242.0,63315.0,1277.5141
2026-06-20 13:30:00+00:00,63315.0,63441.1,63310.0,63422.8,298.0374
2026-06-20 13:45:00+00:00,63422.8,63464.7,63334.2,63367.8,201.3569
2026-06-20 14:00:00+00:00,63367.8,63388.7,63146.3,63185.1,827.8052
2026-06-20 14:15:00+00:00,63185.1,63347.3,63185.1,63347.2,246.1539
2026-06-20 14:30:00+00:00,63347.2,63510.8,63306.6,63477.3,431.1842
2026-06-20 14:45:00+00:00,63477.3,64137.5,63465.1,63929.3,9106.3455
2026-06-20 15:00:00+00:00,63929.3,64023.1,63809.8,63983.3,884.9473
2026-06-20 15:15:00+00:00,63983.3,64365.6,63932.8,64166.8,2904.6034
2026-06-20 15:30:00+00:00,64166.8,64181.9,64044.4,64086.5,563.9456
2026-06-20 15:45:00+00:00,64086.5,64178.6,64049.8,64139.4,315.1179
2026-06-20 16:00:00+00:00,64139.4,64149.9,63947.8,63973.7,347.1638
2026-06-20 16:15:00+00:00,63973.7,64076.9,63953.8,63966.6,267.5474
2026-06-20 16:30:00+00:00,63966.6,64037.0,63875.0,63974.3,334.8406
2026-06-20 16:45:00+00:00,63974.3,64019.6,63934.7,64000.2,159.7037
2026-06-20 17:00:00+00:00,64000.2,64000.2,63857.0,63925.8,167.0623
2026-06-20 17:15:00+00:00,63925.8,63962.9,63841.3,63962.7,321.188
2026-06-20 17:30:00+00:00,63962.7,64014.1,63674.6,63828.0,15127.6158
2026-06-20 17:45:00+00:00,63828.0,63862.5,63780.9,63810.6,203.4848
2026-06-20 18:00:00+00:00,63810.6,63898.9,63759.7,63796.3,223.034
2026-06-20 18:15:00+00:00,63796.3,63854.3,63796.3,63835.6,269.0028
2026-06-20 18:30:00+00:00,63835.6,63858.9,63750.3,63788.0,133.8402
2026-06-20 18:45:00+00:00,63788.0,63816.5,63750.5,63776.3,126.9237
2026-06-20 19:00:00+00:00,63776.3,63893.6,63764.0,63868.0,139.5944
2026-06-20 19:15:00+00:00,63868.0,63899.0,63814.8,63835.4,189.4836
2026-06-20 19:30:00+00:00,63835.4,63940.2,63808.1,63907.8,143.4377
2026-06-20 19:45:00+00:00,63907.8,63919.1,63885.1,63905.4,56.3216
2026-06-20 20:00:00+00:00,63905.4,63944.9,63885.6,63932.5,80.5971
2026-06-20 20:15:00+00:00,63932.5,63944.5,63870.3,63880.8,77.107
2026-06-20 20:30:00+00:00,63880.8,63889.9,63820.0,63847.3,87.2476
2026-06-20 20:45:00+00:00,63847.3,63908.0,63844.2,63899.3,76.7795
2026-06-20 21:00:00+00:00,63899.3,64027.7,63891.6,63956.6,197.9852
2026-06-20 21:15:00+00:00,63956.6,63966.9,63888.2,63902.7,131.6593
2026-06-20 21:30:00+00:00,63902.7,64019.8,63886.5,63999.9,191.5799
2026-06-20 21:45:00+00:00,63999.9,64066.4,63959.4,63982.9,259.0809
2026-06-20 22:00:00+00:00,63982.9,64139.0,63946.2,64108.4,242.5205
2026-06-20 22:15:00+00:00,64108.4,64306.4,64041.2,64272.8,380.8501
2026-06-20 22:30:00+00:00,64272.8,64325.9,64217.5,64252.4,253.9167
2026-06-20 22:45:00+00:00,64252.4,64297.6,64223.9,64245.8,139.0916
2026-06-20 23:00:00+00:00,64245.8,64273.0,64219.7,64226.0,141.3857
2026-06-20 23:15:00+00:00,64226.0,64292.6,64225.8,64239.8,67.1524
2026-06-20 23:30:00+00:00,64239.8,64310.1,64229.8,64305.4,129.8063
2026-06-20 23:45:00+00:00,64305.4,64317.5,64249.8,64269.9,135.007
2026-06-21 00:00:00+00:00,64269.9,64277.7,64217.4,64234.9,64.087
2026-06-21 00:15:00+00:00,64234.9,64285.7,64217.3,64238.4,85.2742
2026-06-21 00:30:00+00:00,64238.4,64302.6,64217.6,64264.7,105.2502
2026-06-21 00:45:00+00:00,64264.7,64289.9,64220.3,64264.2,96.4371
2026-06-21 01:00:00+00:00,64264.2,64295.0,64217.5,64224.2,97.5626
2026-06-21 01:15:00+00:00,64224.2,64229.9,64217.4,64218.4,61.7035
2026-06-21 01:30:00+00:00,64218.4,64266.4,64198.6,64227.2,138.1875
2026-06-21 01:45:00+00:00,64227.2,64296.9,64215.7,64221.2,135.4199
2026-06-21 02:00:00+00:00,64221.2,64235.9,64198.9,64235.8,72.6789
2026-06-21 02:15:00+00:00,64235.8,64235.8,64198.7,64207.8,28.4924
2026-06-21 02:30:00+00:00,64207.8,64242.5,64198.8,64216.3,51.9733
2026-06-21 02:45:00+00:00,64216.3,64251.1,64216.2,64219.3,33.759
2026-06-21 03:00:00+00:00,64219.3,64276.1,64206.8,64276.1,51.5527
2026-06-21 03:15:00+00:00,64276.1,64449.7,64250.2,64323.3,540.7114
2026-06-21 03:30:00+00:00,64323.3,64424.0,64269.9,64417.0,233.3483
2026-06-21 03:45:00+00:00,64417.0,64417.0,64374.3,64398.6,89.2373
2026-06-21 04:00:00+00:00,64398.6,64403.9,64348.2,64374.7,87.3287
2026-06-21 04:15:00+00:00,64374.7,64544.9,64374.7,64500.0,344.7097
2026-06-21 04:30:00+00:00,64500.0,64562.4,64456.0,64456.0,224.374
2026-06-21 04:45:00+00:00,64456.0,64456.0,64230.5,64252.5,344.171
2026-06-21 05:00:00+00:00,64252.5,64278.7,64199.9,64205.0,111.9071
2026-06-21 05:15:00+00:00,64205.0,64275.3,64198.7,64271.0,148.0543
2026-06-21 05:30:00+00:00,64271.0,64339.6,64256.3,64269.5,102.0702
2026-06-21 05:45:00+00:00,64269.5,64269.5,64202.6,64226.4,171.6673
2026-06-21 06:00:00+00:00,64226.4,64231.4,64168.5,64186.1,97.8206
2026-06-21 06:15:00+00:00,64186.1,64278.1,64179.8,64253.3,94.5318
2026-06-21 06:30:00+00:00,64253.3,64299.9,64223.7,64283.0,70.0205
2026-06-21 06:45:00+00:00,64283.0,64295.1,64259.9,64269.8,48.0238
2026-06-21 07:00:00+00:00,64269.8,64270.0,64217.4,64222.6,72.2167
2026-06-21 07:15:00+00:00,64222.6,64240.0,64143.1,64147.2,75.1923
2026-06-21 07:30:00+00:00,64147.2,64222.4,64143.1,64222.4,84.8024
2026-06-21 07:45:00+00:00,64222.4,64233.0,64147.6,64169.9,62.1578
2026-06-21 08:00:00+00:00,64169.9,64204.6,64092.8,64098.2,119.1649
2026-06-21 08:15:00+00:00,64098.2,64099.8,64018.3,64022.5,103.4002
2026-06-21 08:30:00+00:00,64022.5,64044.4,63871.1,63959.9,227.1232
2026-06-21 08:45:00+00:00,63959.9,63987.9,63894.5,63987.8,276.5634
2026-06-21 09:00:00+00:00,63987.8,63997.8,63935.2,63945.1,162.8296
2026-06-21 09:15:00+00:00,63945.1,64066.6,63929.8,64020.0,109.6209
2026-06-21 09:30:00+00:00,64020.0,64224.4,64020.0,64114.8,208.5957
2026-06-21 09:45:00+00:00,64114.8,64209.6,64085.5,64189.7,331.5033
2026-06-21 10:00:00+00:00,64189.7,64262.3,64175.2,64249.5,207.336
2026-06-21 10:15:00+00:00,64249.5,64364.3,64216.1,64277.7,206.6129
2026-06-21 10:30:00+00:00,64277.7,64362.9,64269.9,64317.2,147.2429
2026-06-21 10:45:00+00:00,64317.2,64383.9,64293.0,64338.8,397.3039
2026-06-21 11:00:00+00:00,64338.8,64453.2,64305.6,64386.3,270.9291
2026-06-21 11:15:00+00:00,64386.3,64386.3,64084.0,64355.4,616.9456
2026-06-21 11:30:00+00:00,64355.4,64377.2,64199.9,64262.1,289.8718
2026-06-21 11:45:00+00:00,64262.1,64262.1,64079.9,64149.7,321.3287
2026-06-21 12:00:00+00:00,64149.7,64208.7,64025.7,64052.4,274.9284
2026-06-21 12:15:00+00:00,64052.4,64082.9,63956.8,63985.7,358.63
2026-06-21 12:30:00+00:00,63985.7,64063.0,63916.1,64022.5,278.6408
2026-06-21 12:45:00+00:00,64022.5,64197.0,64015.9,64161.1,299.5331
2026-06-21 13:00:00+00:00,64161.1,64161.1,64078.6,64090.0,185.7762
2026-06-21 13:15:00+00:00,64090.0,64157.4,64090.0,64136.0,109.1626
2026-06-21 13:30:00+00:00,64136.0,64139.8,63985.2,64019.9,208.3253
2026-06-21 13:45:00+00:00,64019.9,64123.1,64014.5,64123.0,98.9443
2026-06-21 14:00:00+00:00,64123.0,64128.0,64028.4,64046.2,113.9859
2026-06-21 14:15:00+00:00,64046.2,64065.1,63977.8,64009.0,158.0083
2026-06-21 14:30:00+00:00,64009.0,64063.5,63969.6,64028.0,115.8637
2026-06-21 14:45:00+00:00,64028.0,64123.8,63981.3,64119.9,308.342
2026-06-21 15:00:00+00:00,64119.9,64273.3,64081.5,64174.7,394.6247
2026-06-21 15:15:00+00:00,64174.7,64249.8,64154.3,64227.4,156.8896
2026-06-21 15:30:00+00:00,64227.4,64334.9,64165.8,64268.7,306.9479
2026-06-21 15:45:00+00:00,64268.7,64286.8,64190.7,64200.0,140.9647
2026-06-21 16:00:00+00:00,64200.0,64225.4,64074.9,64118.7,338.1257
2026-06-21 16:15:00+00:00,64118.7,64231.5,64087.4,64159.7,133.8712
2026-06-21 16:30:00+00:00,64159.7,64170.1,64012.8,64080.7,227.0797
2026-06-21 16:45:00+00:00,64080.7,64187.9,64078.2,64122.0,150.1097
2026-06-21 17:00:00+00:00,64122.0,64197.0,64089.3,64179.8,171.5657
2026-06-21 17:15:00+00:00,64179.8,64184.6,64075.4,64075.5,112.0719
2026-06-21 17:30:00+00:00,64075.5,64106.1,64046.2,64100.8,120.3374
2026-06-21 17:45:00+00:00,64100.8,64163.3,64100.8,64114.6,102.544
2026-06-21 18:00:00+00:00,64114.6,64133.6,63908.6,63979.3,250.6668
2026-06-21 18:15:00+00:00,63979.3,64037.0,63974.9,64014.3,167.6647
2026-06-21 18:30:00+00:00,64014.3,64216.6,64006.7,64153.1,420.6602
2026-06-21 18:45:00+00:00,64153.1,64187.7,64109.7,64179.9,209.5041
2026-06-21 19:00:00+00:00,64179.9,64281.1,64134.9,64186.9,204.5397
2026-06-21 19:15:00+00:00,64186.9,64214.6,64165.6,64195.0,80.865
2026-06-21 19:30:00+00:00,64195.0,64214.8,64145.0,64185.5,115.547
2026-06-21 19:45:00+00:00,64185.5,64204.0,64150.3,64173.5,85.6305
2026-06-21 20:00:00+00:00,64173.5,64244.9,64103.9,64139.5,194.122
2026-06-21 20:15:00+00:00,64139.5,64142.4,64030.3,64088.4,126.5502
2026-06-21 20:30:00+00:00,64088.4,64106.8,63933.6,63949.7,155.5805
2026-06-21 20:45:00+00:00,63949.7,63954.6,63659.1,63824.8,851.7265
2026-06-21 21:00:00+00:00,63824.8,63849.7,63499.8,63601.3,4270.5993
2026-06-21 21:15:00+00:00,63601.3,63762.1,63479.8,63667.9,742.4004
2026-06-21 21:30:00+00:00,63667.9,63943.3,63667.9,63863.8,586.6787
2026-06-21 21:45:00+00:00,63863.8,63904.1,63749.5,63778.0,270.6194
2026-06-21 22:00:00+00:00,63778.0,63832.5,63542.9,63608.7,1191.3718
2026-06-21 22:15:00+00:00,63608.7,63754.8,63606.2,63700.7,611.0569
2026-06-21 22:30:00+00:00,63700.7,63700.7,63552.4,63648.5,362.0953
2026-06-21 22:45:00+00:00,63648.5,63839.6,63632.9,63775.1,281.6046
2026-06-21 23:00:00+00:00,63775.1,63775.1,63590.1,63681.5,474.9079
2026-06-21 23:15:00+00:00,63681.5,63769.8,63598.4,63604.0,336.823
2026-06-21 23:30:00+00:00,63604.0,63631.7,63265.2,63295.0,1386.8279
2026-06-21 23:45:00+00:00,63295.0,63361.9,63235.3,63287.0,526.2263
2026-06-22 00:00:00+00:00,63287.0,63569.3,63286.1,63482.1,795.4546
2026-06-22 00:15:00+00:00,63482.1,63737.7,63471.5,63698.8,604.1312
2026-06-22 00:30:00+00:00,63698.8,64073.2,63667.0,63884.1,1087.665
2026-06-22 00:45:00+00:00,63884.1,63978.4,63702.1,63865.3,545.7788
2026-06-22 01:00:00+00:00,63865.3,64030.1,63822.2,63864.6,655.8888
2026-06-22 01:15:00+00:00,63864.6,64787.9,63864.6,64618.4,4849.8761
2026-06-22 01:30:00+00:00,64618.4,64687.9,64340.0,64487.4,1446.0225
2026-06-22 01:45:00+00:00,64487.4,64669.9,64446.6,64574.3,792.7179
2026-06-22 02:00:00+00:00,64574.3,64642.5,64462.6,64519.8,618.0373
2026-06-22 02:15:00+00:00,64519.8,64615.9,64477.0,64510.1,326.9232
2026-06-22 02:30:00+00:00,64510.1,64554.9,64433.0,64460.1,321.4089
2026-06-22 02:45:00+00:00,64460.1,64470.0,64213.8,64226.4,518.2976
2026-06-22 03:00:00+00:00,64226.4,64228.5,63857.9,64017.0,933.8041
2026-06-22 03:15:00+00:00,64017.0,64434.5,64017.0,64254.9,702.8829
2026-06-22 03:30:00+00:00,64254.9,64412.2,64130.0,64147.6,451.5022
2026-06-22 03:45:00+00:00,64147.6,64179.9,63882.7,63935.0,715.8378
2026-06-22 04:00:00+00:00,63935.0,63985.0,63833.4,63935.1,472.8385
2026-06-22 04:15:00+00:00,63935.1,63998.9,63866.5,63935.4,301.1565
2026-06-22 04:30:00+00:00,63935.4,64031.1,63919.9,63925.1,214.8305
2026-06-22 04:45:00+00:00,63925.1,64085.3,63921.1,64063.5,169.9872
2026-06-22 05:00:00+00:00,64063.5,64263.0,64050.6,64253.6,412.0041
2026-06-22 05:15:00+00:00,64253.6,64254.5,64172.9,64209.2,274.7201
2026-06-22 05:30:00+00:00,64209.2,64311.6,64143.5,64236.4,373.9796
2026-06-22 05:45:00+00:00,64236.4,64238.6,64151.4,64219.4,186.0022
2026-06-22 06:00:00+00:00,64219.4,64298.8,64113.0,64190.6,242.7329
2026-06-22 06:15:00+00:00,64190.6,64205.1,64048.3,64093.7,292.2912
2026-06-22 06:30:00+00:00,64093.7,64123.0,63967.3,63977.9,322.5702
2026-06-22 06:45:00+00:00,63977.9,64021.2,63912.8,63960.5,217.504
2026-06-22 07:00:00+00:00,63960.5,64229.9,63931.0,64184.6,596.0231
2026-06-22 07:15:00+00:00,64184.6,64278.6,64170.7,64232.5,283.5023
2026-06-22 07:30:00+00:00,64232.5,64378.3,64215.3,64228.1,463.3364
2026-06-22 07:45:00+00:00,64228.1,64248.8,64137.1,64187.8,151.1035
2026-06-22 08:00:00+00:00,64187.8,64295.5,64079.8,64295.4,396.7138
2026-06-22 08:15:00+00:00,64295.4,64331.4,64163.7,64168.6,335.3872
2026-06-22 08:30:00+00:00,64168.6,64242.7,64014.7,64235.2,644.6884
2026-06-22 08:45:00+00:00,64235.2,64264.8,64071.4,64133.8,569.0966
2026-06-22 09:00:00+00:00,64133.8,64232.4,64115.0,64157.7,277.6586
2026-06-22 09:15:00+00:00,64157.7,64173.8,64065.9,64086.6,174.2101
2026-06-22 09:30:00+00:00,64086.6,64160.8,64018.9,64094.7,248.3683
2026-06-22 09:45:00+00:00,64094.7,64119.1,64059.2,64114.7,180.4411
2026-06-22 10:00:00+00:00,64114.7,64250.0,64095.8,64186.8,240.6954
2026-06-22 10:15:00+00:00,64186.8,64214.9,64115.7,64148.9,150.924
2026-06-22 10:30:00+00:00,64148.9,64184.0,64044.0,64055.0,147.5238
2026-06-22 10:45:00+00:00,64055.0,64147.6,64055.0,64109.8,117.7203
2026-06-22 11:00:00+00:00,64109.8,64382.5,64064.6,64280.2,701.2119
2026-06-22 11:15:00+00:00,64280.2,64441.5,64197.9,64337.0,729.121
2026-06-22 11:30:00+00:00,64337.0,64732.4,64337.0,64592.0,1401.6444
2026-06-22 11:45:00+00:00,64592.0,64744.9,64540.7,64624.2,669.7445
2026-06-22 12:00:00+00:00,64624.2,64878.8,64545.7,64719.9,2392.3566
2026-06-22 12:15:00+00:00,64719.9,64957.8,64661.5,64917.9,670.9567
2026-06-22 12:30:00+00:00,64917.9,65152.4,64806.1,65030.6,1213.701
2026-06-22 12:45:00+00:00,65030.6,65192.8,64955.1,65119.9,767.1617
2026-06-22 13:00:00+00:00,65119.9,65174.9,65004.1,65112.9,726.9636
2026-06-22 13:15:00+00:00,65112.9,65132.0,64915.5,64966.7,501.4427
2026-06-22 13:30:00+00:00,64966.7,65453.4,64944.8,65373.7,3149.0383
2026-06-22 13:45:00+00:00,65373.7,65564.5,65333.0,65547.6,1961.8715
2026-06-22 14:00:00+00:00,65547.6,65596.9,65250.0,65269.9,1093.9439
2026-06-22 14:15:00+00:00,65269.9,65278.2,64936.6,64937.5,1261.8474
2026-06-22 14:30:00+00:00,64937.5,65049.7,64823.9,64880.0,1340.3124
2026-06-22 14:45:00+00:00,64880.0,65021.6,64804.7,64943.0,857.5018
2026-06-22 15:00:00+00:00,64943.0,65117.0,64879.8,65050.7,874.0357
2026-06-22 15:15:00+00:00,65050.7,65086.7,64899.9,65022.0,857.1369
2026-06-22 15:30:00+00:00,65022.0,65098.3,64986.9,65034.4,494.0647
2026-06-22 15:45:00+00:00,65034.4,65047.9,64722.1,64807.8,1078.3944
2026-06-22 16:00:00+00:00,64807.8,64833.2,64625.2,64705.5,966.063
2026-06-22 16:15:00+00:00,64705.5,64766.7,64603.1,64661.3,559.9397
2026-06-22 16:30:00+00:00,64661.3,64669.5,64515.2,64554.9,512.236
2026-06-22 16:45:00+00:00,64554.9,64779.1,64482.1,64695.6,1337.6653
2026-06-22 17:00:00+00:00,64695.6,64746.3,64600.0,64652.8,301.3072
2026-06-22 17:15:00+00:00,64652.8,64676.1,64501.8,64504.4,279.4396
2026-06-22 17:30:00+00:00,64504.4,64504.4,64354.9,64399.1,696.913
2026-06-22 17:45:00+00:00,64399.1,64624.6,64399.1,64580.4,275.5994
2026-06-22 18:00:00+00:00,64580.4,64708.0,64580.4,64649.9,365.214
2026-06-22 18:15:00+00:00,64649.9,64695.4,64548.2,64578.1,266.3658
2026-06-22 18:30:00+00:00,64578.1,64599.9,64473.5,64490.9,245.4844
2026-06-22 18:45:00+00:00,64490.9,64499.8,64276.7,64312.6,735.1603
2026-06-22 19:00:00+00:00,64312.6,64396.7,64278.3,64382.6,454.0323
2026-06-22 19:15:00+00:00,64382.6,64412.0,64264.2,64323.5,429.7305
2026-06-22 19:30:00+00:00,64323.5,64426.8,64320.2,64374.5,286.5994
2026-06-22 19:45:00+00:00,64374.5,64475.8,64247.2,64438.7,511.1505
2026-06-22 20:00:00+00:00,64438.7,64637.0,64435.8,64496.1,557.6343
2026-06-22 20:15:00+00:00,64496.1,64519.0,64326.0,64382.4,216.2614
2026-06-22 20:30:00+00:00,64382.4,64474.6,64382.4,64457.4,160.6816
2026-06-22 20:45:00+00:00,64457.4,64457.4,64364.4,64409.7,123.2115
2026-06-22 21:00:00+00:00,64409.7,64460.8,64311.4,64371.7,141.621
2026-06-22 21:15:00+00:00,64371.7,64371.7,64219.9,64272.9,161.5106
2026-06-22 21:30:00+00:00,64272.9,64304.2,64114.9,64155.5,428.4698
2026-06-22 21:45:00+00:00,64155.5,64291.0,64139.2,64290.9,139.1371
2026-06-22 22:00:00+00:00,64290.9,64370.8,64233.5,64273.6,249.623
2026-06-22 22:15:00+00:00,64273.6,64285.1,63869.8,64006.8,3691.9619
2026-06-22 22:30:00+00:00,64006.8,64111.3,63770.4,63817.3,1003.9481
2026-06-22 22:45:00+00:00,63817.3,63976.6,63800.0,63948.3,461.4203
2026-06-22 23:00:00+00:00,63948.3,63989.3,63866.6,63910.7,436.4316
2026-06-22 23:15:00+00:00,63910.7,64028.3,63849.9,64012.1,320.2703
2026-06-22 23:30:00+00:00,64012.1,64012.1,63921.9,63958.9,171.9218
2026-06-22 23:45:00+00:00,63958.9,64019.3,63919.6,63990.1,177.5245
2026-06-23 00:00:00+00:00,63990.1,64004.5,63862.5,63931.0,364.8066
2026-06-23 00:15:00+00:00,63931.0,63981.0,63803.2,63831.2,251.8317
2026-06-23 00:30:00+00:00,63831.2,64086.0,63831.2,64078.2,324.846
2026-06-23 00:45:00+00:00,64078.2,64129.9,64016.2,64119.3,268.8438
2026-06-23 01:00:00+00:00,64119.3,64239.9,64100.0,64179.8,425.3732
2026-06-23 01:15:00+00:00,64179.8,64234.5,64110.8,64172.8,272.0609
2026-06-23 01:30:00+00:00,64172.8,64209.5,63968.0,64026.2,323.7347
2026-06-23 01:45:00+00:00,64026.2,64152.0,63852.9,64125.0,750.9995
2026-06-23 02:00:00+00:00,64125.0,64158.6,64005.5,64086.1,191.7246
2026-06-23 02:15:00+00:00,64086.1,64196.9,64086.0,64137.6,229.5114
2026-06-23 02:30:00+00:00,64137.6,64221.7,64124.6,64170.8,202.1477
2026-06-23 02:45:00+00:00,64170.8,64245.8,64128.0,64165.8,156.9371
2026-06-23 03:00:00+00:00,64165.8,64172.2,63927.5,63990.2,352.0116
2026-06-23 03:15:00+00:00,63990.2,64075.8,63980.1,64068.7,217.4699
2026-06-23 03:30:00+00:00,64068.7,64068.7,63934.1,63964.8,167.6907
2026-06-23 03:45:00+00:00,63964.8,64056.2,63960.8,64037.2,130.4674
2026-06-23 04:00:00+00:00,64037.2,64068.0,63979.2,64026.4,129.6919
2026-06-23 04:15:00+00:00,64026.4,64027.3,63874.0,63954.1,244.0276
2026-06-23 04:30:00+00:00,63954.1,63954.1,63770.9,63783.4,371.6481
2026-06-23 04:45:00+00:00,63783.4,63836.8,63573.1,63594.8,702.1591
2026-06-23 05:00:00+00:00,63594.8,63706.3,63577.1,63593.8,380.4909
2026-06-23 05:15:00+00:00,63593.8,63655.9,63365.1,63449.9,1161.0646
2026-06-23 05:30:00+00:00,63449.9,63491.7,63346.5,63410.0,544.932
2026-06-23 05:45:00+00:00,63410.0,63428.6,63322.0,63371.9,585.1603
2026-06-23 06:00:00+00:00,63371.9,63374.2,63086.1,63184.6,2476.0832
2026-06-23 06:15:00+00:00,63184.6,63257.6,62532.8,62739.8,18652.4316
2026-06-23 06:30:00+00:00,62739.8,62962.6,62655.9,62913.2,998.5311
2026-06-23 06:45:00+00:00,62913.2,63029.4,62878.6,62905.4,410.3313
2026-06-23 07:00:00+00:00,62905.4,63029.9,62850.7,62998.2,463.4605
2026-06-23 07:15:00+00:00,62998.2,63070.0,62945.0,62967.4,293.8401
2026-06-23 07:30:00+00:00,62967.4,63003.5,62835.4,62863.1,867.0784
2026-06-23 07:45:00+00:00,62863.1,62960.5,62827.9,62849.1,313.1099
2026-06-23 08:00:00+00:00,62849.1,62916.4,62615.8,62638.4,795.5977
2026-06-23 08:15:00+00:00,62638.4,62655.8,61880.3,61999.6,20235.0232
2026-06-23 08:30:00+00:00,61999.6,62418.5,61988.2,62349.9,1468.393
2026-06-23 08:45:00+00:00,62349.9,62432.8,62272.0,62353.5,428.0862
2026-06-23 09:00:00+00:00,62353.5,62435.7,62313.1,62405.3,342.7483
2026-06-23 09:15:00+00:00,62405.3,62481.8,62405.3,62479.9,175.8085
2026-06-23 09:30:00+00:00,62479.9,62479.9,62308.9,62333.0,365.9458
2026-06-23 09:45:00+00:00,62333.0,62392.8,62313.1,62350.2,187.1677
2026-06-23 10:00:00+00:00,62350.2,62558.9,62350.2,62429.8,356.5301
2026-06-23 10:15:00+00:00,62429.8,62429.9,62288.8,62332.9,275.231
2026-06-23 10:30:00+00:00,62332.9,62353.9,62207.3,62234.1,286.557
2026-06-23 10:45:00+00:00,62234.1,62324.5,62215.4,62290.2,238.4643
2026-06-23 11:00:00+00:00,62290.2,62386.9,62289.2,62354.9,298.3373
2026-06-23 11:15:00+00:00,62354.9,62559.3,62354.9,62514.9,2029.0548
2026-06-23 11:30:00+00:00,62514.9,62600.1,62510.1,62533.2,262.4975
2026-06-23 11:45:00+00:00,62533.2,62575.8,62390.5,62478.3,295.3571
2026-06-23 12:00:00+00:00,62478.3,62531.6,62365.4,62403.8,253.3586
2026-06-23 12:15:00+00:00,62403.8,62424.4,62308.2,62379.9,241.1035
2026-06-23 12:30:00+00:00,62379.9,62452.3,62268.3,62308.6,349.4184
2026-06-23 12:45:00+00:00,62308.6,62311.8,62162.1,62227.9,1617.8517
2026-06-23 13:00:00+00:00,62227.9,62260.6,62041.0,62154.8,783.6474
2026-06-23 13:15:00+00:00,62154.8,62154.8,61982.4,62020.2,523.7856
2026-06-23 13:30:00+00:00,62020.2,62427.9,61920.7,62365.9,4209.8177
2026-06-23 13:45:00+00:00,62365.9,62506.8,62236.8,62448.2,1529.394
2026-06-23 14:00:00+00:00,62448.2,62717.4,62396.1,62702.5,1322.2515
2026-06-23 14:15:00+00:00,62702.5,62826.8,62420.3,62547.5,1437.2173
2026-06-23 14:30:00+00:00,62547.5,62757.6,62422.2,62488.0,1325.6326
2026-06-23 14:45:00+00:00,62488.0,62581.8,62365.0,62462.7,1475.0155
2026-06-23 15:00:00+00:00,62462.7,62480.2,62280.0,62355.0,1133.4239
2026-06-23 15:15:00+00:00,62355.0,62355.0,62161.1,62247.4,674.8506
2026-06-23 15:30:00+00:00,62247.4,62466.4,62242.0,62262.2,596.8545
2026-06-23 15:45:00+00:00,62262.2,62457.3,62171.2,62455.8,560.5067
2026-06-23 16:00:00+00:00,62455.8,62812.2,62393.5,62758.8,2098.8825
2026-06-23 16:15:00+00:00,62758.8,62794.3,62541.0,62556.9,679.3074
2026-06-23 16:30:00+00:00,62556.9,62634.9,62549.9,62595.0,396.5734
2026-06-23 16:45:00+00:00,62595.0,62614.6,62460.4,62522.7,375.7745
2026-06-23 17:00:00+00:00,62522.7,62528.6,62357.0,62401.3,610.0459
2026-06-23 17:15:00+00:00,62401.3,62639.2,62399.9,62616.6,312.2291
2026-06-23 17:30:00+00:00,62616.6,62666.9,62466.6,62500.1,441.7586
2026-06-23 17:45:00+00:00,62500.1,62528.1,62301.8,62329.8,346.8509
2026-06-23 18:00:00+00:00,62329.8,62419.9,62242.0,62340.5,546.5348
2026-06-23 18:15:00+00:00,62340.5,62383.4,62291.5,62322.1,296.6586
2026-06-23 18:30:00+00:00,62322.1,62322.1,62118.2,62125.4,436.0578
2026-06-23 18:45:00+00:00,62125.4,62242.8,62075.6,62215.1,527.3547
2026-06-23 19:00:00+00:00,62215.1,62407.5,62201.3,62342.9,496.1672
2026-06-23 19:15:00+00:00,62342.9,62421.4,62225.0,62417.0,375.605
2026-06-23 19:30:00+00:00,62417.0,62465.7,62273.0,62273.0,362.9471
2026-06-23 19:45:00+00:00,62273.0,62399.8,62250.2,62365.7,560.2754
2026-06-23 20:00:00+00:00,62365.7,62515.0,62365.7,62415.9,312.133
2026-06-23 20:15:00+00:00,62415.9,62495.6,62383.4,62464.4,231.3277
2026-06-23 20:30:00+00:00,62464.4,62470.0,62420.1,62448.6,225.5092
2026-06-23 20:45:00+00:00,62448.6,62450.4,62344.5,62439.7,155.4712
2026-06-23 21:00:00+00:00,62439.7,62587.2,62439.7,62488.4,258.7482
2026-06-23 21:15:00+00:00,62488.4,62544.8,62438.5,62543.3,206.5512
2026-06-23 21:30:00+00:00,62543.3,62605.9,62523.2,62591.9,170.3416
2026-06-23 21:45:00+00:00,62591.9,62629.7,62549.9,62563.0,233.1381
2026-06-23 22:00:00+00:00,62563.0,62746.3,62553.0,62714.4,273.6128
2026-06-23 22:15:00+00:00,62714.4,62749.7,62526.3,62581.6,334.6843
2026-06-23 22:30:00+00:00,62581.6,62598.9,62501.0,62515.7,162.632
2026-06-23 22:45:00+00:00,62515.7,62589.4,62488.1,62560.1,125.9832
2026-06-23 23:00:00+00:00,62560.1,62582.8,62463.7,62485.9,296.898
2026-06-23 23:15:00+00:00,62485.9,62657.9,62485.9,62630.7,179.7241
2026-06-23 23:30:00+00:00,62630.7,62646.9,62562.2,62585.8,170.7472
2026-06-23 23:45:00+00:00,62585.8,62770.5,62579.7,62696.7,222.9773
2026-06-24 00:00:00+00:00,62696.7,62888.1,62696.7,62862.5,552.2031
2026-06-24 00:15:00+00:00,62862.5,62893.0,62781.2,62819.2,313.8019
2026-06-24 00:30:00+00:00,62819.2,62999.2,62762.8,62925.0,609.1233
2026-06-24 00:45:00+00:00,62925.0,62999.4,62866.8,62982.0,331.3567
2026-06-24 01:00:00+00:00,62982.0,62994.5,62815.6,62950.0,394.5452
2026-06-24 01:15:00+00:00,62950.0,62950.0,62736.9,62883.1,468.3898
2026-06-24 01:30:00+00:00,62883.1,63089.6,62881.9,62916.5,642.1151
2026-06-24 01:45:00+00:00,62916.5,62997.5,62898.9,62904.5,242.093
2026-06-24 02:00:00+00:00,62904.5,62994.2,62776.3,62848.0,448.332
2026-06-24 02:15:00+00:00,62848.0,62848.0,62641.2,62733.4,317.3458
2026-06-24 02:30:00+00:00,62733.4,62779.1,62578.8,62700.0,414.4349
2026-06-24 02:45:00+00:00,62700.0,62749.0,62574.7,62598.0,506.6835
2026-06-24 03:00:00+00:00,62598.0,62656.5,62526.0,62555.9,658.4027
2026-06-24 03:15:00+00:00,62555.9,62647.8,62422.9,62642.4,592.5942
2026-06-24 03:30:00+00:00,62642.4,62799.9,62641.6,62771.2,274.2098
2026-06-24 03:45:00+00:00,62771.2,62804.0,62695.0,62704.5,144.1172
2026-06-24 04:00:00+00:00,62704.5,62728.8,62600.0,62639.9,318.0129
2026-06-24 04:15:00+00:00,62639.9,62672.6,62499.8,62564.3,171.6581
2026-06-24 04:30:00+00:00,62564.3,62723.1,62560.0,62629.8,272.0374
2026-06-24 04:45:00+00:00,62629.8,62779.8,62629.8,62720.6,233.5981
2026-06-24 05:00:00+00:00,62720.6,62818.0,62677.9,62759.7,235.6349
2026-06-24 05:15:00+00:00,62759.7,62862.7,62737.5,62848.4,363.8983
2026-06-24 05:30:00+00:00,62848.4,63049.6,62826.9,62900.9,509.7807
2026-06-24 05:45:00+00:00,62900.9,62936.3,62829.9,62859.8,159.5673
2026-06-24 06:00:00+00:00,62859.8,62873.4,62735.2,62811.5,264.6634
2026-06-24 06:15:00+00:00,62811.5,62887.9,62757.5,62829.5,171.7684
2026-06-24 06:30:00+00:00,62829.5,62851.9,62756.7,62756.8,181.5905
2026-06-24 06:45:00+00:00,62756.8,62770.5,62700.1,62754.6,185.2468
2026-06-24 07:00:00+00:00,62754.6,62821.9,62656.5,62788.7,831.1429
2026-06-24 07:15:00+00:00,62788.7,62792.8,62640.3,62640.4,422.8089
2026-06-24 07:30:00+00:00,62640.4,62706.9,62600.8,62668.8,279.2034
2026-06-24 07:45:00+00:00,62668.8,62705.4,62570.8,62630.1,296.7887
2026-06-24 08:00:00+00:00,62630.1,62670.1,62573.9,62636.8,366.5179
2026-06-24 08:15:00+00:00,62636.8,62697.2,62615.1,62683.5,239.1742
2026-06-24 08:30:00+00:00,62683.5,62776.5,62645.2,62767.4,277.52
2026-06-24 08:45:00+00:00,62767.4,62784.6,62714.0,62772.8,159.7368
2026-06-24 09:00:00+00:00,62772.8,62772.9,62650.1,62750.1,267.7937
2026-06-24 09:15:00+00:00,62750.1,62757.7,62649.9,62655.2,245.5456
2026-06-24 09:30:00+00:00,62655.2,62680.5,62609.1,62635.9,209.9377
2026-06-24 09:45:00+00:00,62635.9,62693.1,62608.4,62650.1,110.3964
2026-06-24 10:00:00+00:00,62650.1,62657.7,62528.7,62584.4,290.7204
2026-06-24 10:15:00+00:00,62584.4,62609.8,62429.1,62514.1,741.9016
2026-06-24 10:30:00+00:00,62514.1,62600.0,62484.9,62569.4,301.0004
2026-06-24 10:45:00+00:00,62569.4,62574.0,62373.5,62416.8,315.8111
2026-06-24 11:00:00+00:00,62416.8,62449.9,62284.5,62349.4,493.5287
2026-06-24 11:15:00+00:00,62349.4,62389.9,62289.6,62351.7,334.0924
2026-06-24 11:30:00+00:00,62351.7,62728.9,62351.7,62706.8,544.6504
2026-06-24 11:45:00+00:00,62706.8,63196.9,62688.1,62887.6,1924.1569
2026-06-24 12:00:00+00:00,62887.6,62939.2,62774.4,62800.0,885.3548
2026-06-24 12:15:00+00:00,62800.0,62874.4,62720.4,62790.0,582.9541
2026-06-24 12:30:00+00:00,62790.0,62874.0,62727.6,62812.7,370.8041
2026-06-24 12:45:00+00:00,62812.7,62829.0,62543.4,62589.3,541.2261
2026-06-24 13:00:00+00:00,62589.3,62603.5,61955.7,62012.6,1812.3779
2026-06-24 13:15:00+00:00,62012.6,62207.8,61659.9,61824.4,3355.4997
2026-06-24 13:30:00+00:00,61824.4,62125.7,61375.2,61464.2,7198.9181
2026-06-24 13:45:00+00:00,61464.2,61624.4,61226.6,61308.0,3720.327
2026-06-24 14:00:00+00:00,61308.0,61434.4,61091.9,61213.9,2767.7112
2026-06-24 14:15:00+00:00,61213.9,61292.6,60868.0,61209.2,2366.0319
2026-06-24 14:30:00+00:00,61209.2,61359.0,61033.6,61132.7,1603.1063
2026-06-24 14:45:00+00:00,61132.7,61226.7,60929.1,61085.2,1090.7421
2026-06-24 15:00:00+00:00,61085.2,61093.9,60817.0,60871.7,1089.8538
2026-06-24 15:15:00+00:00,60871.7,61119.8,60801.4,60854.2,1149.8787
2026-06-24 15:30:00+00:00,60854.2,60859.9,60509.8,60549.8,1888.0662
2026-06-24 15:45:00+00:00,60549.8,60560.8,60237.8,60254.8,1859.0235
2026-06-24 16:00:00+00:00,60254.8,60529.9,60193.1,60492.2,1453.8866
2026-06-24 16:15:00+00:00,60492.2,60649.0,60390.4,60519.0,1214.9964
2026-06-24 16:30:00+00:00,60519.0,60539.0,60125.6,60231.7,1245.5275
2026-06-24 16:45:00+00:00,60231.7,60231.7,59375.1,59808.2,66269.4519
2026-06-24 17:00:00+00:00,59808.2,60018.8,59677.8,59802.0,2023.1178
2026-06-24 17:15:00+00:00,59802.0,59840.2,59299.9,59645.4,2678.3668
2026-06-24 17:30:00+00:00,59645.4,59720.5,59234.6,59293.1,1855.2849
2026-06-24 17:45:00+00:00,59293.1,59468.6,59063.0,59363.6,2646.8306
2026-06-24 18:00:00+00:00,59363.6,59588.0,59271.1,59563.3,1660.751
2026-06-24 18:15:00+00:00,59563.3,59895.1,59538.9,59677.8,1746.8107
2026-06-24 18:30:00+00:00,59677.8,59719.9,59455.5,59527.9,963.163
2026-06-24 18:45:00+00:00,59527.9,59617.8,59379.9,59569.4,837.0846
2026-06-24 19:00:00+00:00,59569.4,59707.6,59486.3,59648.5,877.0654
2026-06-24 19:15:00+00:00,59648.5,59814.1,59558.2,59802.3,817.0803
2026-06-24 19:30:00+00:00,59802.3,59878.9,59693.8,59752.6,672.6274
2026-06-24 19:45:00+00:00,59752.6,59962.7,59711.7,59923.6,1020.136
2026-06-24 20:00:00+00:00,59923.6,60799.8,59814.0,60648.5,8135.1084
2026-06-24 20:15:00+00:00,60648.5,60798.2,60556.3,60744.7,2078.8268
2026-06-24 20:30:00+00:00,60744.7,60898.0,60649.8,60845.4,1127.643
2026-06-24 20:45:00+00:00,60845.4,61187.7,60837.4,60926.4,2211.0458
2026-06-24 21:00:00+00:00,60926.4,60995.6,60633.0,60691.2,1110.6371
2026-06-24 21:15:00+00:00,60691.2,60880.0,60651.6,60822.1,458.386
2026-06-24 21:30:00+00:00,60822.1,61110.0,60764.2,61057.7,529.1184
2026-06-24 21:45:00+00:00,61057.7,61114.6,60969.8,61073.5,375.2399
2026-06-24 22:00:00+00:00,61073.5,61242.0,60970.3,60973.2,820.3196
2026-06-24 22:15:00+00:00,60973.2,60987.8,60851.1,60858.1,399.9492
2026-06-24 22:30:00+00:00,60858.1,60926.9,60767.3,60894.2,355.991
2026-06-24 22:45:00+00:00,60894.2,60894.2,60788.9,60850.1,205.5779
2026-06-24 23:00:00+00:00,60850.1,60936.7,60799.9,60859.7,210.9001
2026-06-24 23:15:00+00:00,60859.7,61006.7,60811.4,60955.9,255.9732
2026-06-24 23:30:00+00:00,60955.9,61037.8,60924.9,60999.8,221.2678
2026-06-24 23:45:00+00:00,60999.8,61086.1,60911.0,61051.0,322.2452
2026-06-25 00:00:00+00:00,61051.0,61138.7,60999.9,61067.3,403.0307
2026-06-25 00:15:00+00:00,61067.3,61079.3,60890.4,60895.6,399.2967
2026-06-25 00:30:00+00:00,60895.6,60964.6,60808.0,60813.2,443.9093
2026-06-25 00:45:00+00:00,60813.2,60895.3,60691.3,60786.8,523.1768
2026-06-25 01:00:00+00:00,60786.8,60854.2,60703.2,60740.9,408.7444
2026-06-25 01:15:00+00:00,60740.9,60909.3,60686.7,60827.6,408.7446
2026-06-25 01:30:00+00:00,60827.6,60879.8,60779.9,60794.3,278.6723
2026-06-25 01:45:00+00:00,60794.3,60960.3,60770.6,60892.7,316.4912
2026-06-25 02:00:00+00:00,60892.7,60938.9,60690.5,60751.8,247.4711
2026-06-25 02:15:00+00:00,60751.8,60918.0,60719.9,60900.0,214.4311
2026-06-25 02:30:00+00:00,60900.0,60906.5,60720.0,60732.6,357.6526
2026-06-25 02:45:00+00:00,60732.6,60792.8,60660.0,60763.1,394.5846
2026-06-25 03:00:00+00:00,60763.1,60842.1,60689.3,60729.9,327.4286
2026-06-25 03:15:00+00:00,60729.9,60811.8,60648.4,60764.2,221.7025
2026-06-25 03:30:00+00:00,60764.2,60821.5,60715.5,60718.5,125.1481
2026-06-25 03:45:00+00:00,60718.5,60877.6,60715.5,60853.8,197.5555
2026-06-25 04:00:00+00:00,60853.8,60878.4,60787.9,60789.6,174.2144
2026-06-25 04:15:00+00:00,60789.6,60888.0,60756.3,60865.4,108.956
2026-06-25 04:30:00+00:00,60865.4,60949.7,60779.8,60949.7,171.6355
2026-06-25 04:45:00+00:00,60949.7,61387.0,60940.7,61323.1,1043.7927
2026-06-25 05:00:00+00:00,61323.1,61722.0,61242.5,61615.7,2774.1177
2026-06-25 05:15:00+00:00,61615.7,61790.4,61438.2,61579.4,1238.3662
2026-06-25 05:30:00+00:00,61579.4,61628.6,61494.4,61499.7,420.9438
2026-06-25 05:45:00+00:00,61499.7,61649.9,61480.0,61567.0,426.3463
2026-06-25 06:00:00+00:00,61567.0,61732.9,61567.0,61680.9,331.2047
2026-06-25 06:15:00+00:00,61680.9,61767.8,61606.6,61638.4,313.4168
2026-06-25 06:30:00+00:00,61638.4,61731.8,61620.7,61728.6,282.3238
2026-06-25 06:45:00+00:00,61728.6,61828.8,61681.5,61693.3,418.2685
2026-06-25 07:00:00+00:00,61693.3,61799.9,61632.2,61724.0,707.9335
2026-06-25 07:15:00+00:00,61724.0,61865.6,61724.0,61774.0,694.9214
2026-06-25 07:30:00+00:00,61774.0,61931.0,61774.0,61885.8,297.2167
2026-06-25 07:45:00+00:00,61885.8,61915.0,61779.0,61886.6,530.6792
2026-06-25 08:00:00+00:00,61886.6,61897.4,61726.5,61770.3,295.2842
2026-06-25 08:15:00+00:00,61770.3,61770.8,61677.0,61753.5,127.5729
2026-06-25 08:30:00+00:00,61753.5,61753.5,61688.3,61729.3,167.9306
2026-06-25 08:45:00+00:00,61729.3,61774.0,61652.8,61686.3,136.9505
2026-06-25 09:00:00+00:00,61686.3,61764.5,61652.9,61715.0,148.6233
2026-06-25 09:15:00+00:00,61715.0,61741.0,61580.1,61665.2,211.0386
2026-06-25 09:30:00+00:00,61665.2,61748.4,61655.6,61724.3,207.1635
2026-06-25 09:45:00+00:00,61724.3,61755.8,61672.2,61707.7,171.6804
2026-06-25 10:00:00+00:00,61707.7,61727.7,61626.1,61657.3,109.4738
2026-06-25 10:15:00+00:00,61657.3,61724.9,61539.9,61550.3,231.7927
2026-06-25 10:30:00+00:00,61550.3,61564.7,61365.5,61368.8,394.7126
2026-06-25 10:45:00+00:00,61368.8,61378.6,61232.7,61245.2,458.0089
2026-06-25 11:00:00+00:00,61245.2,61339.6,61033.4,61330.0,706.4582
2026-06-25 11:15:00+00:00,61330.0,61393.3,61219.9,61219.9,894.582
2026-06-25 11:30:00+00:00,61219.9,61367.3,61219.9,61297.5,384.0355
2026-06-25 11:45:00+00:00,61297.5,61297.5,61125.2,61258.2,507.2771
2026-06-25 12:00:00+00:00,61258.2,61351.5,61125.9,61194.1,410.2121
2026-06-25 12:15:00+00:00,61194.1,61245.2,61048.4,61076.7,413.0364
2026-06-25 12:30:00+00:00,61076.7,61729.4,61076.7,61352.5,4909.0808
2026-06-25 12:45:00+00:00,61352.5,61384.2,61121.9,61216.2,899.5191
2026-06-25 13:00:00+00:00,61216.2,61339.8,61140.2,61296.4,851.7973
2026-06-25 13:15:00+00:00,61296.4,61341.4,61163.9,61210.0,667.8708
2026-06-25 13:30:00+00:00,61210.0,61319.7,60046.0,60054.0,6331.6156
2026-06-25 13:45:00+00:00,60054.0,60227.6,58059.9,58255.6,35896.8501
2026-06-25 14:00:00+00:00,58255.6,59712.9,58248.3,59228.6,33458.1283
2026-06-25 14:15:00+00:00,59228.6,59529.9,58754.9,59295.5,7001.7049
2026-06-25 14:30:00+00:00,59295.5,60462.9,59145.7,59459.8,88304.8333
2026-06-25 14:45:00+00:00,59459.8,59773.2,59321.9,59448.4,2828.4096
2026-06-25 15:00:00+00:00,59448.4,59457.4,59022.7,59032.8,3031.5146
2026-06-25 15:15:00+00:00,59032.8,59362.5,58841.4,59241.2,3546.4698
2026-06-25 15:30:00+00:00,59241.2,59526.1,59050.5,59172.1,2043.2182
2026-06-25 15:45:00+00:00,59172.1,59630.1,59145.8,59536.1,2028.917
2026-06-25 16:00:00+00:00,59536.1,60035.6,59439.3,59727.2,2496.5606
2026-06-25 16:15:00+00:00,59727.2,59820.3,59649.8,59718.5,8405.4174
2026-06-25 16:30:00+00:00,59718.5,59718.5,59215.2,59246.5,1764.435
2026-06-25 16:45:00+00:00,59246.5,59370.3,59132.5,59283.9,1091.4591
2026-06-25 17:00:00+00:00,59283.9,59447.7,59115.6,59380.7,1302.2018
2026-06-25 17:15:00+00:00,59380.7,59583.7,59312.7,59529.9,1477.2893
2026-06-25 17:30:00+00:00,59529.9,59719.9,59466.4,59505.0,1193.6868
2026-06-25 17:45:00+00:00,59505.0,59666.0,59417.5,59656.0,986.9679
2026-06-25 18:00:00+00:00,59656.0,59774.9,59366.4,59375.1,1627.2979
2026-06-25 18:15:00+00:00,59375.1,59727.7,59374.7,59692.8,1284.4566
2026-06-25 18:30:00+00:00,59692.8,59692.9,59371.2,59403.4,817.0155
2026-06-25 18:45:00+00:00,59403.4,59572.6,59333.0,59488.1,645.0652
2026-06-25 19:00:00+00:00,59488.1,59496.5,59199.9,59217.2,960.0278
2026-06-25 19:15:00+00:00,59217.2,59337.8,59152.5,59323.0,749.843
2026-06-25 19:30:00+00:00,59323.0,59416.0,59265.4,59275.3,541.3046
2026-06-25 19:45:00+00:00,59275.3,59339.1,59156.2,59299.7,817.4246
2026-06-25 20:00:00+00:00,59299.7,59723.3,59298.7,59553.3,1152.051
2026-06-25 20:15:00+00:00,59553.3,59711.3,59525.8,59599.9,613.2727
2026-06-25 20:30:00+00:00,59599.9,59639.6,59387.5,59498.8,511.5783
2026-06-25 20:45:00+00:00,59498.8,59499.8,59312.7,59428.8,348.1433
2026-06-25 21:00:00+00:00,59428.8,59595.6,59422.7,59595.5,391.175
2026-06-25 21:15:00+00:00,59595.5,59686.0,59526.8,59685.9,303.3262
2026-06-25 21:30:00+00:00,59685.9,59985.4,59672.9,59935.1,732.4762
2026-06-25 21:45:00+00:00,59935.1,60234.1,59863.4,60180.7,753.5892
2026-06-25 22:00:00+00:00,60180.7,60180.7,59849.9,59859.2,894.6901
2026-06-25 22:15:00+00:00,59859.2,59984.5,59756.3,59763.4,439.9927
2026-06-25 22:30:00+00:00,59763.4,59850.0,59718.5,59764.8,306.8169
2026-06-25 22:45:00+00:00,59764.8,59899.5,59705.2,59815.0,342.8455
2026-06-25 23:00:00+00:00,59815.0,59924.8,59760.8,59917.6,251.723
2026-06-25 23:15:00+00:00,59917.6,60149.0,59895.2,60068.5,546.5377
2026-06-25 23:30:00+00:00,60068.5,60164.2,59932.4,59950.6,392.1966
2026-06-25 23:45:00+00:00,59950.6,59950.6,59710.1,59769.8,413.1927
2026-06-26 00:00:00+00:00,59769.8,59882.2,59740.8,59860.0,434.103
2026-06-26 00:15:00+00:00,59860.0,59860.0,59673.0,59748.7,460.4813
2026-06-26 00:30:00+00:00,59748.7,59849.9,59670.6,59759.9,403.738
2026-06-26 00:45:00+00:00,59759.9,59800.9,59607.9,59638.0,465.9186
2026-06-26 01:00:00+00:00,59638.0,59761.2,59417.2,59573.8,773.7413
2026-06-26 01:15:00+00:00,59573.8,59643.1,59266.9,59272.2,468.7077
2026-06-26 01:30:00+00:00,59272.2,59355.6,59200.0,59293.0,683.5407
2026-06-26 01:45:00+00:00,59293.0,59416.9,59249.8,59412.9,362.5974
2026-06-26 02:00:00+00:00,59412.9,59432.2,58620.5,58650.0,5215.7413
2026-06-26 02:15:00+00:00,58650.0,58863.7,58325.6,58857.5,3758.9557
2026-06-26 02:30:00+00:00,58857.5,58990.2,58655.1,58788.2,1624.7398
2026-06-26 02:45:00+00:00,58788.2,58806.3,58403.4,58535.9,1581.4012
2026-06-26 03:00:00+00:00,58535.9,58941.6,58292.0,58870.3,2277.0605
2026-06-26 03:15:00+00:00,58870.3,59166.1,58771.7,59070.7,1198.6229
2026-06-26 03:30:00+00:00,59070.7,59525.0,58983.3,59469.8,1626.7944
2026-06-26 03:45:00+00:00,59469.8,60116.4,59463.8,60014.9,4236.7498
2026-06-26 04:00:00+00:00,60014.9,60078.2,59805.5,59885.7,1295.1442
2026-06-26 04:15:00+00:00,59885.7,60229.0,59860.5,59965.0,1074.3905
2026-06-26 04:30:00+00:00,59965.0,59998.8,59866.0,59949.3,444.4012
2026-06-26 04:45:00+00:00,59949.3,59957.9,59809.9,59899.8,249.0147
2026-06-26 05:00:00+00:00,59899.8,59952.2,59814.9,59952.2,485.0454
2026-06-26 05:15:00+00:00,59952.2,60023.9,59703.1,59936.8,785.6824
2026-06-26 05:30:00+00:00,59936.8,60029.3,59830.0,59861.1,525.284
2026-06-26 05:45:00+00:00,59861.1,59947.7,59761.2,59921.6,558.6937
2026-06-26 06:00:00+00:00,59921.6,59921.6,59667.1,59685.9,844.3506
2026-06-26 06:15:00+00:00,59685.9,60073.6,59685.8,60017.5,630.9991
2026-06-26 06:30:00+00:00,60017.5,60403.9,59925.0,60361.5,1375.8641
2026-06-26 06:45:00+00:00,60361.5,60437.5,60204.7,60298.9,752.5256
2026-06-26 07:00:00+00:00,60298.9,60517.1,60252.4,60491.6,692.8203
2026-06-26 07:15:00+00:00,60491.6,60681.8,60440.8,60560.2,1194.2996
2026-06-26 07:30:00+00:00,60560.2,60732.9,60525.4,60555.0,804.4863
2026-06-26 07:45:00+00:00,60555.0,60607.0,60461.2,60492.6,587.3726
2026-06-26 08:00:00+00:00,60492.6,60542.5,60190.9,60242.8,635.0675
2026-06-26 08:15:00+00:00,60242.8,60345.1,60155.8,60280.7,570.7905
2026-06-26 08:30:00+00:00,60280.7,60316.7,60114.1,60184.7,431.1873
2026-06-26 08:45:00+00:00,60184.7,60249.5,60116.6,60215.1,373.488
2026-06-26 09:00:00+00:00,60215.1,60229.7,60044.3,60141.0,387.1952
2026-06-26 09:15:00+00:00,60141.0,60150.8,60052.2,60098.2,375.7393
2026-06-26 09:30:00+00:00,60098.2,60104.1,59920.3,59974.6,511.9449
2026-06-26 09:45:00+00:00,59974.6,60004.2,59544.7,59709.1,1670.4556
2026-06-26 10:00:00+00:00,59709.1,59799.4,59625.1,59717.9,801.5073
2026-06-26 10:15:00+00:00,59717.9,59834.1,59690.7,59701.2,595.0407
2026-06-26 10:30:00+00:00,59701.2,59787.7,59432.3,59531.9,949.6741
2026-06-26 10:45:00+00:00,59531.9,59546.8,59210.9,59289.9,1114.6931
2026-06-26 11:00:00+00:00,59289.9,59569.0,59233.1,59465.7,1266.2961
2026-06-26 11:15:00+00:00,59465.7,59478.7,59339.9,59393.6,748.3348
2026-06-26 11:30:00+00:00,59393.6,59514.6,59361.0,59419.1,737.7834
2026-06-26 11:45:00+00:00,59419.1,59431.5,59257.1,59392.2,793.5236
2026-06-26 12:00:00+00:00,59392.2,59494.2,59320.9,59436.5,788.2905
2026-06-26 12:15:00+00:00,59436.5,59709.8,59425.5,59709.8,1100.2955
2026-06-26 12:30:00+00:00,59709.8,59990.1,58939.9,59118.7,3345.9773
2026-06-26 12:45:00+00:00,59118.7,59577.1,59041.8,59167.3,3038.7056
2026-06-26 13:00:00+00:00,59167.3,59258.8,58929.2,59075.7,1734.685
2026-06-26 13:15:00+00:00,59075.7,59153.7,58436.5,58887.2,13278.1763
2026-06-26 13:30:00+00:00,58887.2,59487.1,58810.2,59454.9,5383.8309
2026-06-26 13:45:00+00:00,59454.9,60189.4,59300.8,60146.6,5046.2501
2026-06-26 14:00:00+00:00,60146.6,60274.0,59781.0,59958.5,3527.2186
2026-06-26 14:15:00+00:00,59958.5,60222.0,59793.1,60032.5,2262.6635
2026-06-26 14:30:00+00:00,60032.5,60048.3,59522.6,59578.0,2358.3785
2026-06-26 14:45:00+00:00,59578.0,59883.9,59358.8,59568.9,1714.1344
2026-06-26 15:00:00+00:00,59568.9,60072.2,59559.9,59802.0,1807.1022
2026-06-26 15:15:00+00:00,59802.0,60352.3,59755.8,60163.1,2135.828
2026-06-26 15:30:00+00:00,60163.1,60478.4,60116.1,60400.0,1811.8761
2026-06-26 15:45:00+00:00,60400.0,60414.3,60116.3,60291.0,1759.1368
2026-06-26 16:00:00+00:00,60291.0,60564.4,60125.3,60154.4,1898.3057
2026-06-26 16:15:00+00:00,60154.4,60259.8,59938.2,60024.4,1740.5777
2026-06-26 16:30:00+00:00,60024.4,60368.3,60020.8,60040.1,1197.371
2026-06-26 16:45:00+00:00,60040.1,60157.6,59983.7,60017.7,755.8461
2026-06-26 17:00:00+00:00,60017.7,60266.1,59980.4,60190.0,863.2123
2026-06-26 17:15:00+00:00,60190.0,60229.7,60009.9,60156.9,872.0405
2026-06-26 17:30:00+00:00,60156.9,60194.2,59921.8,60042.9,943.4209
2026-06-26 17:45:00+00:00,60042.9,60091.5,59929.9,59999.8,599.1172
2026-06-26 18:00:00+00:00,59999.8,60136.3,59988.8,60066.9,615.0909
2026-06-26 18:15:00+00:00,60066.9,60091.5,59781.9,59807.5,638.6912
2026-06-26 18:30:00+00:00,59807.5,59863.7,59717.8,59755.0,500.2699
2026-06-26 18:45:00+00:00,59755.0,59755.0,59533.1,59648.8,466.5886
2026-06-26 19:00:00+00:00,59648.8,60076.3,59586.4,60002.0,1458.7531
2026-06-26 19:15:00+00:00,60002.0,60002.0,59850.0,59914.3,468.5126
2026-06-26 19:30:00+00:00,59914.3,60072.8,59855.1,59857.5,559.4874
2026-06-26 19:45:00+00:00,59857.5,59905.2,59712.7,59727.1,732.4129
2026-06-26 20:00:00+00:00,59727.1,59969.8,59658.0,59702.1,4681.7097
2026-06-26 20:15:00+00:00,59702.1,59791.0,59670.2,59755.5,349.3575
2026-06-26 20:30:00+00:00,59755.5,59761.7,59558.8,59627.1,601.5058
2026-06-26 20:45:00+00:00,59627.1,59776.9,59616.3,59694.4,461.9253
2026-06-26 21:00:00+00:00,59694.4,59746.6,59649.2,59737.6,180.0454
2026-06-26 21:15:00+00:00,59737.6,59866.9,59658.6,59851.0,213.0855
2026-06-26 21:30:00+00:00,59851.0,60027.9,59835.0,59999.8,282.9702
2026-06-26 21:45:00+00:00,59999.8,60019.9,59887.5,59887.5,406.6058
2026-06-26 22:00:00+00:00,59887.5,59927.6,59717.1,59881.6,348.191
2026-06-26 22:15:00+00:00,59881.6,59955.3,59861.5,59861.5,254.7784
2026-06-26 22:30:00+00:00,59861.5,59955.9,59834.2,59934.1,343.9059
2026-06-26 22:45:00+00:00,59934.1,60051.0,59892.2,60007.5,182.8898
2026-06-26 23:00:00+00:00,60007.5,60090.6,59983.6,60053.2,391.1866
2026-06-26 23:15:00+00:00,60053.2,60055.9,59942.8,59942.8,314.3289
2026-06-26 23:30:00+00:00,59942.8,60058.9,59891.8,60034.3,218.9276
2026-06-26 23:45:00+00:00,60034.3,60087.6,60025.0,60071.9,117.5359
2026-06-27 00:00:00+00:00,60071.9,60167.2,60035.6,60084.5,216.8557
2026-06-27 00:15:00+00:00,60084.5,60099.5,60001.6,60018.9,169.4824
2026-06-27 00:30:00+00:00,60018.9,60019.7,59846.2,59949.0,255.0111
2026-06-27 00:45:00+00:00,59949.0,60047.9,59922.9,60033.3,117.4593
2026-06-27 01:00:00+00:00,60033.3,60045.6,59937.0,59945.3,94.7155
2026-06-27 01:15:00+00:00,59945.3,59989.9,59911.3,59974.0,91.0016
2026-06-27 01:30:00+00:00,59974.0,59980.7,59904.7,59945.9,87.7989
2026-06-27 01:45:00+00:00,59945.9,59971.9,59912.4,59919.0,77.0951
2026-06-27 02:00:00+00:00,59919.0,60099.8,59890.3,60090.0,133.4948
2026-06-27 02:15:00+00:00,60090.0,60348.9,60054.9,60275.3,655.8153
2026-06-27 02:30:00+00:00,60275.3,60295.7,60168.3,60260.4,307.5645
2026-06-27 02:45:00+00:00,60260.4,60332.5,60239.8,60256.5,691.2724
2026-06-27 03:00:00+00:00,60256.5,60386.6,60134.8,60144.0,336.3038
2026-06-27 03:15:00+00:00,60144.0,60325.7,60134.5,60283.0,189.1693
2026-06-27 03:30:00+00:00,60283.0,60365.7,60254.0,60282.8,188.0312
2026-06-27 03:45:00+00:00,60282.8,60333.0,60231.1,60274.6,200.1431
2026-06-27 04:00:00+00:00,60274.6,60433.4,60274.6,60380.9,376.2273
2026-06-27 04:15:00+00:00,60380.9,60471.7,60349.9,60365.9,320.135
2026-06-27 04:30:00+00:00,60365.9,60419.6,60323.2,60347.8,126.1952
2026-06-27 04:45:00+00:00,60347.8,60349.9,60189.2,60215.9,160.5321
2026-06-27 05:00:00+00:00,60215.9,60285.9,60167.1,60276.9,176.3217
2026-06-27 05:15:00+00:00,60276.9,60276.9,60132.6,60132.8,174.0339
2026-06-27 05:30:00+00:00,60132.8,60206.7,60102.5,60198.7,232.5623
2026-06-27 05:45:00+00:00,60198.7,60247.5,60191.9,60208.3,160.272
2026-06-27 06:00:00+00:00,60208.3,60214.5,60083.7,60120.9,171.7116
2026-06-27 06:15:00+00:00,60120.9,60204.9,60079.5,60178.8,141.6175
2026-06-27 06:30:00+00:00,60178.8,60419.8,60178.8,60382.8,596.1449
2026-06-27 06:45:00+00:00,60382.8,60486.3,60321.6,60345.1,331.124
2026-06-27 07:00:00+00:00,60345.1,60369.0,60266.0,60293.6,246.6443
2026-06-27 07:15:00+00:00,60293.6,60424.3,60283.2,60400.0,203.1001
2026-06-27 07:30:00+00:00,60400.0,60440.5,60354.1,60417.9,161.9547
2026-06-27 07:45:00+00:00,60417.9,60554.0,60417.7,60522.2,270.2583
2026-06-27 08:00:00+00:00,60522.2,60522.4,60420.6,60463.3,222.8111
2026-06-27 08:15:00+00:00,60463.3,60511.3,60420.8,60428.9,149.6261
2026-06-27 08:30:00+00:00,60428.9,60438.6,60340.8,60351.0,144.7792
2026-06-27 08:45:00+00:00,60351.0,60499.9,60348.2,60425.1,162.2968
2026-06-27 09:00:00+00:00,60425.1,60482.9,60315.0,60332.0,184.424
2026-06-27 09:15:00+00:00,60332.0,60347.9,60260.9,60342.2,156.3542
2026-06-27 09:30:00+00:00,60342.2,60420.1,60342.1,60372.5,80.2303
2026-06-27 09:45:00+00:00,60372.5,60414.5,60359.5,60391.2,111.2803
2026-06-27 10:00:00+00:00,60391.2,60449.9,60372.8,60449.8,66.0076
2026-06-27 10:15:00+00:00,60449.8,60466.4,60414.3,60430.7,66.5249
2026-06-27 10:30:00+00:00,60430.7,60430.7,60378.0,60401.5,157.8036
2026-06-27 10:45:00+00:00,60401.5,60401.6,60349.8,60390.1,51.7683
2026-06-27 11:00:00+00:00,60390.1,60425.2,60335.6,60371.6,114.6446
2026-06-27 11:15:00+00:00,60371.6,60371.6,60201.2,60234.5,208.2513
2026-06-27 11:30:00+00:00,60234.5,60275.0,60161.9,60239.9,235.6021
2026-06-27 11:45:00+00:00,60239.9,60390.9,60239.8,60331.9,188.6361
2026-06-27 12:00:00+00:00,60331.9,60332.0,60222.5,60265.5,152.6234
2026-06-27 12:15:00+00:00,60265.5,60320.4,60260.9,60306.3,114.397
2026-06-27 12:30:00+00:00,60306.3,60358.0,60274.1,60294.9,165.3342
2026-06-27 12:45:00+00:00,60294.9,60406.9,60277.3,60393.9,122.744
2026-06-27 13:00:00+00:00,60393.9,60450.1,60357.6,60405.6,150.8412
2026-06-27 13:15:00+00:00,60405.6,60462.5,60362.4,60443.1,157.2742
2026-06-27 13:30:00+00:00,60443.1,60641.1,60419.8,60576.0,862.87
2026-06-27 13:45:00+00:00,60576.0,60606.3,60511.5,60554.4,235.9036
2026-06-27 14:00:00+00:00,60554.4,60697.3,60479.9,60645.7,376.4382
2026-06-27 14:15:00+00:00,60645.7,60645.7,60561.8,60570.0,214.2681
2026-06-27 14:30:00+00:00,60570.0,60636.2,60500.6,60607.3,299.8015
2026-06-27 14:45:00+00:00,60607.3,60649.9,60579.9,60588.8,174.9392
2026-06-27 15:00:00+00:00,60588.8,60902.3,60540.9,60851.5,4667.7637
2026-06-27 15:15:00+00:00,60851.5,60854.1,60687.9,60785.9,406.4564
2026-06-27 15:30:00+00:00,60785.9,60924.7,60725.7,60762.1,472.6945
2026-06-27 15:45:00+00:00,60762.1,60833.3,60721.9,60817.1,191.1275
2026-06-27 16:00:00+00:00,60817.1,60833.5,60711.8,60725.4,235.935
2026-06-27 16:15:00+00:00,60725.4,60725.4,60659.2,60692.8,125.9541
2026-06-27 16:30:00+00:00,60692.8,60769.8,60648.1,60769.8,259.7529
2026-06-27 16:45:00+00:00,60769.8,60799.9,60740.4,60784.9,124.5853
2026-06-27 17:00:00+00:00,60784.9,60796.5,60388.9,60544.0,1016.0027
2026-06-27 17:15:00+00:00,60544.0,60595.6,60438.7,60552.1,300.8358
2026-06-27 17:30:00+00:00,60552.1,60629.9,60474.8,60575.4,309.9236
2026-06-27 17:45:00+00:00,60575.4,60599.1,60493.0,60495.5,237.356
2026-06-27 18:00:00+00:00,60495.5,60539.9,60420.1,60494.5,265.5693
2026-06-27 18:15:00+00:00,60494.5,60535.8,60432.1,60487.8,162.9725
2026-06-27 18:30:00+00:00,60487.8,60541.6,60472.1,60538.3,102.3999
2026-06-27 18:45:00+00:00,60538.3,60547.2,60488.4,60538.8,115.6877
2026-06-27 19:00:00+00:00,60538.8,60576.8,60529.8,60568.0,73.958
2026-06-27 19:15:00+00:00,60568.0,60570.1,60231.9,60298.5,1308.3228
2026-06-27 19:30:00+00:00,60298.5,60300.9,60050.1,60169.8,916.2869
2026-06-27 19:45:00+00:00,60169.8,60217.9,60114.2,60149.9,215.5109
2026-06-27 20:00:00+00:00,60149.9,60266.2,60141.7,60236.4,180.426
2026-06-27 20:15:00+00:00,60236.4,60280.9,60222.8,60242.7,134.7409
2026-06-27 20:30:00+00:00,60242.7,60251.9,60221.1,60224.0,70.4754
2026-06-27 20:45:00+00:00,60224.0,60275.1,60224.0,60272.7,77.7299
2026-06-27 21:00:00+00:00,60272.7,60378.8,60272.7,60365.6,209.5859
2026-06-27 21:15:00+00:00,60365.6,60434.9,60330.2,60424.4,267.5115
2026-06-27 21:30:00+00:00,60424.4,60464.2,60203.2,60219.3,208.8142
2026-06-27 21:45:00+00:00,60219.3,60269.9,60108.9,60173.3,338.2604
2026-06-27 22:00:00+00:00,60173.3,60173.3,60019.7,60098.0,330.9084
2026-06-27 22:15:00+00:00,60098.0,60143.0,59821.2,60105.1,1344.2421
2026-06-27 22:30:00+00:00,60105.1,60227.5,60096.6,60146.9,250.3238
2026-06-27 22:45:00+00:00,60146.9,60217.7,60131.0,60204.1,130.7537
2026-06-27 23:00:00+00:00,60204.1,60299.6,59989.2,60009.1,445.6912
2026-06-27 23:15:00+00:00,60009.1,60071.3,59916.1,59962.6,476.2226
2026-06-27 23:30:00+00:00,59962.6,60068.6,59937.8,60030.4,179.527
2026-06-27 23:45:00+00:00,60030.4,60053.9,59979.4,60000.2,168.2117
2026-06-28 00:00:00+00:00,60000.2,60122.9,59983.1,60107.1,213.3942
2026-06-28 00:15:00+00:00,60107.1,60165.6,60099.7,60141.7,113.2813
2026-06-28 00:30:00+00:00,60141.7,60149.9,60057.0,60149.8,144.1739
2026-06-28 00:45:00+00:00,60149.8,60168.6,60110.1,60125.0,111.4278
2026-06-28 01:00:00+00:00,60125.0,60140.5,59949.9,60055.6,252.1524
2026-06-28 01:15:00+00:00,60055.6,60212.3,60034.7,60180.9,177.519
2026-06-28 01:30:00+00:00,60180.9,60243.7,60159.6,60231.0,126.6052
2026-06-28 01:45:00+00:00,60231.0,60253.4,60175.1,60192.9,119.7475
2026-06-28 02:00:00+00:00,60192.9,60259.9,60192.9,60255.8,87.4338
2026-06-28 02:15:00+00:00,60255.8,60312.9,60017.2,60087.1,317.9223
2026-06-28 02:30:00+00:00,60087.1,60124.9,60066.4,60099.9,91.726
2026-06-28 02:45:00+00:00,60099.9,60155.7,60074.0,60121.1,85.2374
2026-06-28 03:00:00+00:00,60121.1,60243.0,60121.1,60230.4,103.5856
2026-06-28 03:15:00+00:00,60230.4,60249.8,60170.9,60229.3,104.8836
2026-06-28 03:30:00+00:00,60229.3,60250.2,60149.8,60166.3,81.8161
2026-06-28 03:45:00+00:00,60166.3,60185.3,60128.1,60169.5,98.4921
2026-06-28 04:00:00+00:00,60169.5,60203.2,60105.7,60182.9,107.8822
2026-06-28 04:15:00+00:00,60182.9,60205.3,60164.9,60172.5,52.8969
2026-06-28 04:30:00+00:00,60172.5,60172.5,60060.0,60146.2,121.6614
2026-06-28 04:45:00+00:00,60146.2,60167.5,60092.9,60107.9,56.6963
2026-06-28 05:00:00+00:00,60107.9,60112.3,59934.3,59990.1,208.6293
2026-06-28 05:15:00+00:00,59990.1,59999.0,59715.2,59802.6,619.0736
2026-06-28 05:30:00+00:00,59802.6,59933.6,59760.1,59892.7,273.8744
2026-06-28 05:45:00+00:00,59892.7,59987.2,59891.6,59956.5,128.9542
2026-06-28 06:00:00+00:00,59956.5,59997.2,59810.0,59811.7,219.1898
2026-06-28 06:15:00+00:00,59811.7,59932.7,59772.9,59899.8,335.9154
2026-06-28 06:30:00+00:00,59899.8,59968.4,59893.5,59937.8,109.128
2026-06-28 06:45:00+00:00,59937.8,60010.1,59927.9,59970.0,107.0164
2026-06-28 07:00:00+00:00,59970.0,60161.3,59965.7,60112.8,278.8747
2026-06-28 07:15:00+00:00,60112.8,60118.9,60073.2,60075.9,77.3384
2026-06-28 07:30:00+00:00,60075.9,60230.8,60073.4,60193.6,263.2202
2026-06-28 07:45:00+00:00,60193.6,60238.1,60166.5,60192.3,135.6715
2026-06-28 08:00:00+00:00,60192.3,60226.9,60109.9,60159.3,157.6133
2026-06-28 08:15:00+00:00,60159.3,60209.7,60132.3,60196.4,144.8491
2026-06-28 08:30:00+00:00,60196.4,60529.3,60196.2,60423.9,667.2432
2026-06-28 08:45:00+00:00,60423.9,60464.9,60339.9,60339.9,178.7342
2026-06-28 09:00:00+00:00,60339.9,60443.5,60263.4,60340.4,252.2764
2026-06-28 09:15:00+00:00,60340.4,60370.1,60286.1,60303.0,156.461
2026-06-28 09:30:00+00:00,60303.0,60386.9,60282.9,60351.1,110.0531
2026-06-28 09:45:00+00:00,60351.1,60371.1,60223.2,60229.9,183.945
2026-06-28 10:00:00+00:00,60229.9,60271.6,60154.2,60232.3,206.4003
2026-06-28 10:15:00+00:00,60232.3,60263.3,60037.0,60079.3,250.4508
2026-06-28 10:30:00+00:00,60079.3,60117.0,60045.9,60100.2,147.697
2026-06-28 10:45:00+00:00,60100.2,60150.1,60100.1,60138.4,101.876
2026-06-28 11:00:00+00:00,60138.4,60244.3,60091.3,60100.8,197.482
2026-06-28 11:15:00+00:00,60100.8,60345.7,60098.6,60288.4,272.517
2026-06-28 11:30:00+00:00,60288.4,60304.2,60235.2,60279.8,117.9224
2026-06-28 11:45:00+00:00,60279.8,60351.2,60228.5,60314.9,171.2235
2026-06-28 12:00:00+00:00,60314.9,60379.6,60266.3,60279.0,280.5699
2026-06-28 12:15:00+00:00,60279.0,60319.3,60161.2,60314.5,236.3348
2026-06-28 12:30:00+00:00,60314.5,60435.7,60174.5,60213.1,413.4824
2026-06-28 12:45:00+00:00,60213.1,60290.9,60213.1,60269.8,145.7995
2026-06-28 13:00:00+00:00,60269.8,60269.8,59936.4,60099.5,638.2886
2026-06-28 13:15:00+00:00,60099.5,60141.9,60045.0,60097.6,233.776
2026-06-28 13:30:00+00:00,60097.6,60160.6,60012.4,60099.9,351.769
2026-06-28 13:45:00+00:00,60099.9,60108.5,60031.4,60044.4,186.1743
2026-06-28 14:00:00+00:00,60044.4,60149.9,60003.5,60149.8,211.0777
2026-06-28 14:15:00+00:00,60149.8,60228.1,60076.5,60130.1,298.2324
2026-06-28 14:30:00+00:00,60130.1,60169.9,60050.5,60084.9,254.8821
2026-06-28 14:45:00+00:00,60084.9,60144.6,59983.1,59995.2,245.6782
2026-06-28 15:00:00+00:00,59995.2,60068.0,59852.0,60046.3,458.8966
2026-06-28 15:15:00+00:00,60046.3,60103.1,59971.9,60008.6,253.6117
2026-06-28 15:30:00+00:00,60008.6,60069.9,59866.5,59939.0,426.3146
2026-06-28 15:45:00+00:00,59939.0,59971.9,59782.1,59850.0,494.7136
2026-06-28 16:00:00+00:00,59850.0,59915.4,59778.8,59800.0,288.4118
2026-06-28 16:15:00+00:00,59800.0,59871.6,59645.7,59741.2,577.486
2026-06-28 16:30:00+00:00,59741.2,59768.3,59575.0,59589.8,669.0502
2026-06-28 16:45:00+00:00,59589.8,59707.3,59549.9,59655.9,468.7367
2026-06-28 17:00:00+00:00,59655.9,59821.3,59523.1,59608.8,589.6943
2026-06-28 17:15:00+00:00,59608.8,59659.3,59563.6,59567.7,299.174
2026-06-28 17:30:00+00:00,59567.7,59614.9,59366.5,59504.8,764.2785
2026-06-28 17:45:00+00:00,59504.8,59607.9,59487.9,59557.1,298.5328
2026-06-28 18:00:00+00:00,59557.1,59676.1,59544.7,59616.3,284.5393
2026-06-28 18:15:00+00:00,59616.3,59646.1,59565.9,59578.9,170.4313
2026-06-28 18:30:00+00:00,59578.9,59646.3,59544.7,59568.2,176.5379
2026-06-28 18:45:00+00:00,59568.2,59599.6,59469.6,59580.6,229.6829
2026-06-28 19:00:00+00:00,59580.6,59584.0,59430.2,59478.4,203.5369
2026-06-28 19:15:00+00:00,59478.4,59519.9,59407.6,59519.9,223.0114
2026-06-28 19:30:00+00:00,59519.9,59658.0,59389.1,59408.0,341.6936
2026-06-28 19:45:00+00:00,59408.0,59477.0,59232.3,59451.3,774.1702
2026-06-28 20:00:00+00:00,59451.3,59657.3,59443.8,59637.3,271.9358
2026-06-28 20:15:00+00:00,59637.3,59747.5,59627.4,59693.3,309.5009
2026-06-28 20:30:00+00:00,59693.3,59700.2,59606.2,59646.0,181.5942
2026-06-28 20:45:00+00:00,59646.0,59701.3,59623.1,59633.9,106.0754
2026-06-28 21:00:00+00:00,59633.9,59681.5,59622.7,59669.9,88.5802
2026-06-28 21:15:00+00:00,59669.9,59714.1,59633.8,59680.8,120.6602
2026-06-28 21:30:00+00:00,59680.8,59773.4,59628.5,59628.5,168.4838
2026-06-28 21:45:00+00:00,59628.5,59654.9,59300.6,59417.9,1112.2554
2026-06-28 22:00:00+00:00,59417.9,59879.9,59417.9,59606.5,1824.1064
2026-06-28 22:15:00+00:00,59606.5,59614.1,59146.6,59356.0,1702.0819
2026-06-28 22:30:00+00:00,59356.0,59433.7,59042.3,59076.9,1310.7669
2026-06-28 22:45:00+00:00,59076.9,59193.5,58886.6,59042.0,1441.2224
2026-06-28 23:00:00+00:00,59042.0,59341.1,58974.9,59237.0,982.2051
2026-06-28 23:15:00+00:00,59237.0,59557.6,59220.0,59510.8,681.5576
2026-06-28 23:30:00+00:00,59510.8,59820.4,59496.5,59699.8,1005.7078
2026-06-28 23:45:00+00:00,59699.8,59774.7,59544.6,59550.1,413.4893
2026-06-29 00:00:00+00:00,59550.1,59673.2,59237.5,59557.0,1068.3321
2026-06-29 00:15:00+00:00,59557.0,59574.9,59167.3,59180.8,933.7125
2026-06-29 00:30:00+00:00,59180.8,59361.2,58978.2,59355.3,1671.9892
2026-06-29 00:45:00+00:00,59355.3,59678.0,59147.6,59637.1,1074.7635
2026-06-29 01:00:00+00:00,59637.1,59674.0,59427.4,59462.3,732.53
2026-06-29 01:15:00+00:00,59462.3,59493.6,59204.4,59276.1,822.529
2026-06-29 01:30:00+00:00,59276.1,59549.8,59171.6,59523.5,913.1101
2026-06-29 01:45:00+00:00,59523.5,59551.2,59403.8,59413.0,517.3557
2026-06-29 02:00:00+00:00,59413.0,59490.6,58852.5,58998.1,1178.1902
2026-06-29 02:15:00+00:00,58998.1,59575.0,58950.4,59522.7,1462.5364
2026-06-29 02:30:00+00:00,59522.7,59784.9,59476.7,59751.3,928.6421
2026-06-29 02:45:00+00:00,59751.3,59787.9,59679.8,59731.6,623.766
2026-06-29 03:00:00+00:00,59731.6,60165.9,59731.6,59978.2,1608.8102
2026-06-29 03:15:00+00:00,59978.2,60211.5,59942.2,60151.6,624.4717
2026-06-29 03:30:00+00:00,60151.6,60187.8,59846.5,59891.0,607.0599
2026-06-29 03:45:00+00:00,59891.0,60055.7,59850.3,60019.8,455.4837
2026-06-29 04:00:00+00:00,60019.8,60031.4,59874.8,59897.3,299.6823
2026-06-29 04:15:00+00:00,59897.3,59975.0,59810.5,59931.6,278.8515
2026-06-29 04:30:00+00:00,59931.6,59939.7,59716.9,59814.4,369.8792
2026-06-29 04:45:00+00:00,59814.4,59885.5,59756.7,59806.0,232.1223
2026-06-29 05:00:00+00:00,59806.0,59839.8,59360.3,59504.8,1008.8585
2026-06-29 05:15:00+00:00,59504.8,59694.5,59500.9,59662.1,702.3878
2026-06-29 05:30:00+00:00,59662.1,59902.2,59616.4,59888.6,548.1693
2026-06-29 05:45:00+00:00,59888.6,60084.0,59874.0,60080.0,595.3407
2026-06-29 06:00:00+00:00,60080.0,60199.9,60056.7,60149.5,661.2027
2026-06-29 06:15:00+00:00,60149.5,60324.9,60094.2,60140.3,961.9331
2026-06-29 06:30:00+00:00,60140.3,60180.0,60043.5,60047.9,325.4659
2026-06-29 06:45:00+00:00,60047.9,60138.4,60022.1,60050.9,303.8407
2026-06-29 07:00:00+00:00,60050.9,60053.9,59900.6,60052.9,399.4978
2026-06-29 07:15:00+00:00,60052.9,60162.5,59990.9,60072.1,429.0024
2026-06-29 07:30:00+00:00,60072.1,60110.7,60012.3,60026.6,252.5831
2026-06-29 07:45:00+00:00,60026.6,60110.6,59998.8,59998.8,332.3216
2026-06-29 08:00:00+00:00,59998.8,60069.7,59868.4,59938.1,1216.5861
2026-06-29 08:15:00+00:00,59938.1,60038.2,59781.7,59803.9,781.2437
2026-06-29 08:30:00+00:00,59803.9,59887.8,59712.7,59840.0,775.6658
2026-06-29 08:45:00+00:00,59840.0,59914.4,59804.9,59806.7,287.8249
2026-06-29 09:00:00+00:00,59806.7,59932.5,59777.7,59920.8,314.6229
2026-06-29 09:15:00+00:00,59920.8,60086.6,59752.5,59905.9,879.293
2026-06-29 09:30:00+00:00,59905.9,59977.3,59856.2,59947.6,858.8009
2026-06-29 09:45:00+00:00,59947.6,60049.9,59895.1,60031.2,746.187
2026-06-29 10:00:00+00:00,60031.2,60287.1,60031.2,60207.1,701.8102
2026-06-29 10:15:00+00:00,60207.1,60286.9,60155.7,60191.1,307.2003
2026-06-29 10:30:00+00:00,60191.1,60195.8,60048.3,60106.4,359.7197
2026-06-29 10:45:00+00:00,60106.4,60131.9,60037.2,60062.2,307.0824
2026-06-29 11:00:00+00:00,60062.2,60075.1,59919.0,59919.0,335.9951
2026-06-29 11:15:00+00:00,59919.0,59974.2,59850.2,59965.7,302.0387
2026-06-29 11:30:00+00:00,59965.7,60193.1,59784.0,59830.4,2868.2224
2026-06-29 11:45:00+00:00,59830.4,59967.7,59770.3,59927.3,566.2848
2026-06-29 12:00:00+00:00,59927.3,60757.4,59563.6,60643.7,7599.0149
2026-06-29 12:15:00+00:00,60643.7,60742.9,60384.3,60412.1,1921.9406
2026-06-29 12:30:00+00:00,60412.1,60438.7,59784.3,59920.0,2262.4158
2026-06-29 12:45:00+00:00,59920.0,60025.6,59751.2,59923.4,859.5707
2026-06-29 13:00:00+00:00,59923.4,60311.5,59923.4,60191.7,1051.0955
2026-06-29 13:15:00+00:00,60191.7,60281.8,59934.0,59951.0,710.9665
2026-06-29 13:30:00+00:00,59951.0,60251.6,59420.8,59432.1,4355.3482
2026-06-29 13:45:00+00:00,59432.1,59576.8,59302.7,59559.2,3900.3708
2026-06-29 14:00:00+00:00,59559.2,59574.4,59062.8,59070.0,2646.4535
2026-06-29 14:15:00+00:00,59070.0,59539.2,58987.9,59481.6,3641.3864
2026-06-29 14:30:00+00:00,59481.6,59680.5,59285.6,59289.1,2131.4247
2026-06-29 14:45:00+00:00,59289.1,59587.3,59221.5,59443.9,1504.3772
2026-06-29 15:00:00+00:00,59443.9,59454.1,59067.5,59236.6,1461.9968
2026-06-29 15:15:00+00:00,59236.6,59474.7,59111.2,59470.1,1104.4354
2026-06-29 15:30:00+00:00,59470.1,59854.8,59470.1,59809.2,2718.5569
2026-06-29 15:45:00+00:00,59809.2,59938.9,59735.5,59800.0,1777.2122
2026-06-29 16:00:00+00:00,59800.0,59919.3,59685.6,59709.8,815.7289
2026-06-29 16:15:00+00:00,59709.8,59765.6,59562.5,59583.4,488.9118
2026-06-29 16:30:00+00:00,59583.4,59872.1,59583.4,59859.3,620.3052
2026-06-29 16:45:00+00:00,59859.3,59998.8,59802.8,59870.8,696.7056
2026-06-29 17:00:00+00:00,59870.8,60465.9,59870.7,60440.6,3000.722
2026-06-29 17:15:00+00:00,60440.6,60623.9,60380.0,60526.7,2238.949
2026-06-29 17:30:00+00:00,60526.7,60666.4,60367.8,60595.0,909.1011
2026-06-29 17:45:00+00:00,60595.0,60631.7,60376.7,60396.0,663.2925
2026-06-29 18:00:00+00:00,60396.0,60500.0,60301.0,60499.8,438.2973
2026-06-29 18:15:00+00:00,60499.8,60499.9,60208.7,60254.2,452.3335
2026-06-29 18:30:00+00:00,60254.2,60317.6,60183.5,60265.4,664.9739
2026-06-29 18:45:00+00:00,60265.4,60275.4,60165.3,60275.3,375.0722
2026-06-29 19:00:00+00:00,60275.3,60287.6,60129.3,60178.9,370.0307
2026-06-29 19:15:00+00:00,60178.9,60458.5,60163.9,60430.1,467.5351
2026-06-29 19:30:00+00:00,60430.1,60445.6,60283.9,60442.9,463.0007
2026-06-29 19:45:00+00:00,60442.9,60539.6,60389.7,60412.3,785.7053
2026-06-29 20:00:00+00:00,60412.3,60534.9,60399.9,60409.8,548.0959
2026-06-29 20:15:00+00:00,60409.8,60464.7,60334.2,60380.5,254.063
2026-06-29 20:30:00+00:00,60380.5,60454.3,60371.9,60392.5,330.6464
2026-06-29 20:45:00+00:00,60392.5,60392.5,60266.0,60271.2,277.3074
2026-06-29 21:00:00+00:00,60271.2,60390.5,60232.1,60383.7,291.7385
2026-06-29 21:15:00+00:00,60383.7,60383.7,60276.0,60325.1,138.6158
2026-06-29 21:30:00+00:00,60325.1,60469.8,60325.1,60436.0,254.624
2026-06-29 21:45:00+00:00,60436.0,60565.5,60434.7,60454.9,168.1879
2026-06-29 22:00:00+00:00,60454.9,60470.1,60333.0,60425.9,237.4205
2026-06-29 22:15:00+00:00,60425.9,60493.2,60400.0,60414.5,176.6632
2026-06-29 22:30:00+00:00,60414.5,60433.6,60317.7,60359.9,168.122
2026-06-29 22:45:00+00:00,60359.9,60405.9,60319.0,60326.4,129.1912
2026-06-29 23:00:00+00:00,60326.4,60353.9,60299.9,60316.0,96.7874
2026-06-29 23:15:00+00:00,60316.0,60338.9,60148.9,60199.5,233.9285
2026-06-29 23:30:00+00:00,60199.5,60267.6,60185.6,60219.5,143.8682
2026-06-29 23:45:00+00:00,60219.5,60265.4,60184.9,60224.7,197.4887
2026-06-30 00:00:00+00:00,60224.7,60249.9,60115.2,60168.7,330.3891
2026-06-30 00:15:00+00:00,60168.7,60207.0,59887.9,59908.4,444.2283
2026-06-30 00:30:00+00:00,59908.4,59911.1,59668.5,59747.5,969.5135
2026-06-30 00:45:00+00:00,59747.5,59895.8,59721.9,59805.9,450.0354
2026-06-30 01:00:00+00:00,59805.9,59840.8,59740.1,59797.6,495.2965
2026-06-30 01:15:00+00:00,59797.6,60021.9,59779.2,60010.1,503.6137
2026-06-30 01:30:00+00:00,60010.1,60024.7,59759.7,59803.8,375.9713
2026-06-30 01:45:00+00:00,59803.8,59922.0,59801.0,59919.4,126.3989
2026-06-30 02:00:00+00:00,59919.4,59927.8,59739.9,59761.1,258.2233
2026-06-30 02:15:00+00:00,59761.1,59967.9,59719.6,59947.1,167.9566
2026-06-30 02:30:00+00:00,59947.1,60004.1,59891.9,59985.4,129.5559
2026-06-30 02:45:00+00:00,59985.4,60021.2,59907.4,59920.3,165.0912
2026-06-30 03:00:00+00:00,59920.3,59959.5,59832.0,59877.7,142.9066
2026-06-30 03:15:00+00:00,59877.7,60007.8,59791.3,59832.7,339.4823
2026-06-30 03:30:00+00:00,59832.7,59832.7,59713.6,59713.8,173.5926
2026-06-30 03:45:00+00:00,59713.8,59713.8,59569.9,59596.0,422.0143
2026-06-30 04:00:00+00:00,59596.0,59600.4,59399.9,59529.6,466.2286
2026-06-30 04:15:00+00:00,59529.6,59552.0,59410.0,59521.5,243.4795
2026-06-30 04:30:00+00:00,59521.5,59672.0,59509.9,59580.0,320.069
2026-06-30 04:45:00+00:00,59580.0,59580.0,59421.0,59458.3,221.0701
2026-06-30 05:00:00+00:00,59458.3,59507.7,59341.2,59410.6,300.1322
2026-06-30 05:15:00+00:00,59410.6,59470.3,59343.0,59356.3,352.352
2026-06-30 05:30:00+00:00,59356.3,59550.7,59329.9,59541.0,558.0746
2026-06-30 05:45:00+00:00,59541.0,59633.4,59523.3,59627.6,194.3342
2026-06-30 06:00:00+00:00,59627.6,59649.6,59508.9,59546.7,118.1218
2026-06-30 06:15:00+00:00,59546.7,59697.7,59488.5,59669.0,294.7227
2026-06-30 06:30:00+00:00,59669.0,59691.5,59520.4,59541.5,214.8025
2026-06-30 06:45:00+00:00,59541.5,59585.1,59524.9,59571.5,152.5269
2026-06-30 07:00:00+00:00,59571.5,59611.4,59423.1,59471.5,184.4766
2026-06-30 07:15:00+00:00,59471.5,59547.1,59429.9,59450.7,291.7203
2026-06-30 07:30:00+00:00,59450.7,59546.9,59443.3,59490.2,906.3939
2026-06-30 07:45:00+00:00,59490.2,59534.6,59440.0,59497.5,182.5812
2026-06-30 08:00:00+00:00,59497.5,59532.5,59404.8,59404.9,380.8694
2026-06-30 08:15:00+00:00,59404.9,59419.1,59342.9,59382.7,824.5355
2026-06-30 08:30:00+00:00,59382.7,59420.0,59187.9,59250.0,1059.8921
2026-06-30 08:45:00+00:00,59250.0,59358.8,59158.9,59288.6,590.8151
2026-06-30 09:00:00+00:00,59288.6,59378.8,59256.3,59323.2,385.8355
2026-06-30 09:15:00+00:00,59323.2,59349.7,59236.6,59275.2,334.0319
2026-06-30 09:30:00+00:00,59275.2,59368.6,59224.9,59331.4,285.3775
2026-06-30 09:45:00+00:00,59331.4,59396.8,59331.3,59348.5,125.2609
2026-06-30 10:00:00+00:00,59348.5,59390.1,59285.6,59342.3,172.8186
2026-06-30 10:15:00+00:00,59342.3,59399.9,59308.4,59344.2,163.5332
2026-06-30 10:30:00+00:00,59344.2,59347.6,59264.5,59308.7,163.823
2026-06-30 10:45:00+00:00,59308.7,59378.7,59264.8,59303.5,173.5559
2026-06-30 11:00:00+00:00,59303.5,59393.6,59294.4,59357.8,160.5738
2026-06-30 11:15:00+00:00,59357.8,59367.6,59161.5,59191.0,1043.3923
2026-06-30 11:30:00+00:00,59191.0,59247.6,59099.7,59218.4,667.536
2026-06-30 11:45:00+00:00,59218.4,59316.2,59129.9,59162.2,425.2708
2026-06-30 12:00:00+00:00,59162.2,59162.2,58969.9,58987.6,784.7302
2026-06-30 12:15:00+00:00,58987.6,59046.3,58730.8,58832.7,1175.118
2026-06-30 12:30:00+00:00,58832.7,58866.2,58744.8,58813.1,724.7845
2026-06-30 12:45:00+00:00,58813.1,58828.7,58352.8,58374.6,2191.3056
2026-06-30 13:00:00+00:00,58374.6,58620.6,58285.1,58430.1,2358.1463
2026-06-30 13:15:00+00:00,58430.1,58570.0,58413.3,58484.8,581.3757
2026-06-30 13:30:00+00:00,58484.8,58732.3,58199.9,58535.0,3670.3324
2026-06-30 13:45:00+00:00,58535.0,58772.9,58431.4,58711.7,2721.0112
2026-06-30 14:00:00+00:00,58711.7,59248.6,58627.7,58971.7,5099.4337
2026-06-30 14:15:00+00:00,58971.7,59125.3,58858.1,59016.0,1422.1178
2026-06-30 14:30:00+00:00,59016.0,59079.7,58555.1,58894.8,1822.886
2026-06-30 14:45:00+00:00,58894.8,58894.8,58402.5,58458.5,1215.6483
2026-06-30 15:00:00+00:00,58458.5,58577.6,58171.8,58419.8,1658.7111
2026-06-30 15:15:00+00:00,58419.8,58450.1,58168.1,58359.3,1770.2906
2026-06-30 15:30:00+00:00,58359.3,58478.6,58233.5,58415.1,645.7072
2026-06-30 15:45:00+00:00,58415.1,58776.0,58318.2,58356.1,1424.8821
2026-06-30 16:00:00+00:00,58356.1,58616.8,58330.9,58383.1,894.6519
2026-06-30 16:15:00+00:00,58383.1,58453.5,58226.9,58293.6,682.5264
2026-06-30 16:30:00+00:00,58293.6,58460.7,58232.6,58307.0,597.4909
2026-06-30 16:45:00+00:00,58307.0,58555.2,58307.0,58479.1,540.6096
2026-06-30 17:00:00+00:00,58479.1,58597.6,58363.9,58387.8,467.4663
2026-06-30 17:15:00+00:00,58387.8,58464.8,58345.5,58372.3,394.0564
2026-06-30 17:30:00+00:00,58372.3,58439.5,58311.7,58355.4,408.6941
2026-06-30 17:45:00+00:00,58355.4,58410.7,58289.9,58396.7,208.2769
2026-06-30 18:00:00+00:00,58396.7,58476.1,58334.0,58451.8,317.0383
2026-06-30 18:15:00+00:00,58451.8,58674.6,58402.9,58513.0,659.9476
2026-06-30 18:30:00+00:00,58513.0,58536.9,58358.6,58436.3,376.6185
2026-06-30 18:45:00+00:00,58436.3,58667.0,58436.3,58659.8,396.3107
2026-06-30 19:00:00+00:00,58659.8,58716.8,58566.3,58632.8,464.8222
2026-06-30 19:15:00+00:00,58632.8,58649.8,58560.3,58649.2,308.0309
2026-06-30 19:30:00+00:00,58649.2,58787.8,58634.2,58734.0,448.2969
2026-06-30 19:45:00+00:00,58734.0,58819.9,58668.9,58796.8,508.5561
2026-06-30 20:00:00+00:00,58796.8,58850.0,58712.5,58838.2,439.822
2026-06-30 20:15:00+00:00,58838.2,58838.3,58670.3,58718.8,309.9896
2026-06-30 20:30:00+00:00,58718.8,58718.8,58620.3,58633.0,233.5431
2026-06-30 20:45:00+00:00,58633.0,58770.1,58623.1,58707.8,242.3966
2026-06-30 21:00:00+00:00,58707.8,58744.2,58524.3,58555.6,492.6785
2026-06-30 21:15:00+00:00,58555.6,58614.5,58477.8,58567.6,220.7833
2026-06-30 21:30:00+00:00,58567.6,58636.8,58552.0,58560.3,196.8817
2026-06-30 21:45:00+00:00,58560.3,58627.7,58486.8,58612.2,238.1685
2026-06-30 22:00:00+00:00,58612.2,58717.7,58612.2,58703.7,212.99
2026-06-30 22:15:00+00:00,58703.7,58778.3,58617.8,58623.5,175.0934
2026-06-30 22:30:00+00:00,58623.5,58623.5,58478.1,58572.5,252.755
2026-06-30 22:45:00+00:00,58572.5,58600.0,58511.9,58575.7,121.2731
2026-06-30 23:00:00+00:00,58575.7,58619.9,58519.3,58579.9,166.408
2026-06-30 23:15:00+00:00,58579.9,58629.5,58550.0,58586.0,136.2801
2026-06-30 23:30:00+00:00,58586.0,58613.3,58536.4,58581.7,142.1945
2026-06-30 23:45:00+00:00,58581.7,58636.6,58556.1,58605.3,157.039
2026-07-01 00:00:00+00:00,58605.3,58719.9,58572.0,58618.1,348.0854
2026-07-01 00:15:00+00:00,58618.1,58653.7,58272.9,58360.6,864.7824
2026-07-01 00:30:00+00:00,58360.6,58553.4,58360.5,58454.6,359.3947
2026-07-01 00:45:00+00:00,58454.6,58597.8,58439.4,58548.7,286.1285
2026-07-01 01:00:00+00:00,58548.7,58557.0,57760.5,58136.9,8169.2503
2026-07-01 01:15:00+00:00,58136.9,58376.8,57999.9,58318.2,2368.2593
2026-07-01 01:30:00+00:00,58318.2,58979.5,58300.3,58871.9,2474.6177
2026-07-01 01:45:00+00:00,58871.9,58991.4,58685.8,58741.6,1051.1221
2026-07-01 02:00:00+00:00,58741.6,58842.7,58633.2,58773.8,544.8463
2026-07-01 02:15:00+00:00,58773.8,58999.0,58754.8,58923.4,651.1478
2026-07-01 02:30:00+00:00,58923.4,59141.8,58887.8,59111.2,1005.8264
2026-07-01 02:45:00+00:00,59111.2,59151.8,58979.4,59063.2,922.1596
2026-07-01 03:00:00+00:00,59063.2,59097.0,58965.2,58968.0,334.9228
2026-07-01 03:15:00+00:00,58968.0,58981.6,58861.3,58901.5,710.2594
2026-07-01 03:30:00+00:00,58901.5,59125.7,58823.8,58915.6,419.672
2026-07-01 03:45:00+00:00,58915.6,59295.3,58903.4,59169.5,798.3469
2026-07-01 04:00:00+00:00,59169.5,59171.0,59030.9,59087.7,311.7736
2026-07-01 04:15:00+00:00,59087.7,59248.5,59068.9,59248.3,288.4687
2026-07-01 04:30:00+00:00,59248.3,59345.7,59172.1,59329.2,379.7236
2026-07-01 04:45:00+00:00,59329.2,59442.2,59273.7,59310.9,394.9222
2026-07-01 05:00:00+00:00,59310.9,59349.9,59214.0,59257.8,253.5384
2026-07-01 05:15:00+00:00,59257.8,59329.5,59121.5,59148.7,383.5118
2026-07-01 05:30:00+00:00,59148.7,59178.4,59093.2,59163.1,280.7616
2026-07-01 05:45:00+00:00,59163.1,59177.1,59100.3,59122.3,140.724
2026-07-01 06:00:00+00:00,59122.3,59129.9,58880.9,58920.8,365.1018
2026-07-01 06:15:00+00:00,58920.8,58943.4,58655.2,58759.9,670.1621
2026-07-01 06:30:00+00:00,58759.9,58804.7,58500.2,58670.8,1046.5107
2026-07-01 06:45:00+00:00,58670.8,58750.3,58585.6,58726.7,379.4546
2026-07-01 07:00:00+00:00,58726.7,58765.4,58567.2,58651.8,354.6526
2026-07-01 07:15:00+00:00,58651.8,58797.5,58606.2,58709.2,344.677
2026-07-01 07:30:00+00:00,58709.2,58728.7,58611.3,58663.0,424.013
2026-07-01 07:45:00+00:00,58663.0,58778.1,58638.0,58744.3,196.3361
2026-07-01 08:00:00+00:00,58744.3,58789.0,58628.5,58667.6,383.4255
2026-07-01 08:15:00+00:00,58667.6,58698.4,58568.1,58590.1,407.6847
2026-07-01 08:30:00+00:00,58590.1,58722.6,58466.7,58713.2,752.9767
2026-07-01 08:45:00+00:00,58713.2,58962.3,58651.0,58950.8,653.6142
2026-07-01 09:00:00+00:00,58950.8,59069.6,58866.1,58929.9,460.1687
2026-07-01 09:15:00+00:00,58929.9,58976.0,58842.4,58869.3,280.3822
2026-07-01 09:30:00+00:00,58869.3,58920.6,58799.8,58859.5,298.1273
2026-07-01 09:45:00+00:00,58859.5,58949.9,58818.3,58921.2,363.6138
2026-07-01 10:00:00+00:00,58921.2,58923.2,58724.1,58733.6,236.5325
2026-07-01 10:15:00+00:00,58733.6,58768.5,58634.0,58715.4,278.231
2026-07-01 10:30:00+00:00,58715.4,58730.5,58590.9,58593.6,223.7216
2026-07-01 10:45:00+00:00,58593.6,58680.1,58591.5,58631.5,195.0459
2026-07-01 11:00:00+00:00,58631.5,58719.5,58559.9,58679.7,485.3934
2026-07-01 11:15:00+00:00,58679.7,58733.3,58649.8,58673.5,230.8556
2026-07-01 11:30:00+00:00,58673.5,58716.9,58603.5,58656.7,323.5876
2026-07-01 11:45:00+00:00,58656.7,58677.9,58524.9,58592.7,301.24
2026-07-01 12:00:00+00:00,58592.7,58655.3,58353.7,58422.5,833.8797
2026-07-01 12:15:00+00:00,58422.5,58569.2,58422.5,58526.1,555.5205
2026-07-01 12:30:00+00:00,58526.1,58569.9,58344.1,58372.9,869.5427
2026-07-01 12:45:00+00:00,58372.9,58509.3,58294.0,58495.4,703.1339
2026-07-01 13:00:00+00:00,58495.4,58738.2,58495.4,58639.1,903.7978
2026-07-01 13:15:00+00:00,58639.1,58879.2,58623.6,58790.4,819.7758
2026-07-01 13:30:00+00:00,58790.4,59049.0,58569.9,58989.1,3604.3138
2026-07-01 13:45:00+00:00,58989.1,59486.2,58913.8,59464.8,3059.4051
2026-07-01 14:00:00+00:00,59464.8,59964.9,59239.7,59946.6,2904.6312
2026-07-01 14:15:00+00:00,59946.6,60067.7,59755.5,59756.5,2093.015
2026-07-01 14:30:00+00:00,59756.5,59794.0,59510.1,59582.8,1267.608
2026-07-01 14:45:00+00:00,59582.8,59746.0,59393.5,59523.5,1177.9446
2026-07-01 15:00:00+00:00,59523.5,59966.1,59497.0,59894.9,1705.5419
2026-07-01 15:15:00+00:00,59894.9,60519.9,59822.1,60288.3,8486.0359
2026-07-01 15:30:00+00:00,60288.3,60355.8,60099.8,60192.9,1352.2083
2026-07-01 15:45:00+00:00,60192.9,60223.7,60050.9,60118.5,615.7141
2026-07-01 16:00:00+00:00,60118.5,60204.6,60041.0,60111.3,470.9916
2026-07-01 16:15:00+00:00,60111.3,60243.8,59924.9,60114.7,720.3239
2026-07-01 16:30:00+00:00,60114.7,60152.8,59999.9,60059.9,322.3747
2026-07-01 16:45:00+00:00,60059.9,60069.7,59837.0,59902.8,367.3698
2026-07-01 17:00:00+00:00,59902.8,59916.9,59762.6,59876.1,457.5609
2026-07-01 17:15:00+00:00,59876.1,60186.0,59876.1,60126.0,660.507
2026-07-01 17:30:00+00:00,60126.0,60218.2,60060.6,60128.3,481.3711
2026-07-01 17:45:00+00:00,60128.3,60213.0,60119.6,60166.4,259.5756
2026-07-01 18:00:00+00:00,60166.4,60195.0,59992.7,60050.2,450.2784
2026-07-01 18:15:00+00:00,60050.2,60169.2,60017.9,60120.0,256.02
2026-07-01 18:30:00+00:00,60120.0,60219.1,60055.1,60199.7,303.023
2026-07-01 18:45:00+00:00,60199.7,60280.8,60049.9,60141.6,368.3598
2026-07-01 19:00:00+00:00,60141.6,60276.5,60136.7,60256.7,290.4906
2026-07-01 19:15:00+00:00,60256.7,60332.7,60075.0,60130.3,309.9636
2026-07-01 19:30:00+00:00,60130.3,60255.1,60120.5,60185.7,293.7046
2026-07-01 19:45:00+00:00,60185.7,60185.7,59964.1,59999.9,613.3351
2026-07-01 20:00:00+00:00,59999.9,60030.1,59875.2,59969.2,405.8946
2026-07-01 20:15:00+00:00,59969.2,59996.9,59844.4,59948.0,262.4573
2026-07-01 20:30:00+00:00,59948.0,60044.9,59930.0,60010.5,202.8486
2026-07-01 20:45:00+00:00,60010.5,60170.2,60003.5,60100.2,186.9204
2026-07-01 21:00:00+00:00,60100.2,60447.0,60092.7,60426.9,888.9059
2026-07-01 21:15:00+00:00,60426.9,60594.8,60303.9,60504.3,1243.6257
2026-07-01 21:30:00+00:00,60504.3,60827.6,60504.3,60788.6,1327.8094
2026-07-01 21:45:00+00:00,60788.6,60800.3,60749.4,60799.7,243.4688
2026-07-01 22:00:00+00:00,60799.7,60800.3,60766.4,60799.7,211.606
2026-07-01 22:15:00+00:00,60799.7,61321.9,60519.0,60521.8,58040.8562
2026-07-01 22:30:00+00:00,60521.8,60655.4,60422.8,60468.9,1146.2871
2026-07-01 22:45:00+00:00,60468.9,60484.7,60319.6,60446.3,657.1618
2026-07-01 23:00:00+00:00,60446.3,60446.3,60202.8,60217.1,501.5029
2026-07-01 23:15:00+00:00,60217.1,60345.2,60168.8,60182.7,431.6619
2026-07-01 23:30:00+00:00,60182.7,60237.1,60015.8,60120.5,613.8373
2026-07-01 23:45:00+00:00,60120.5,60137.5,59949.2,59999.5,504.005
2026-07-02 00:00:00+00:00,59999.5,60003.2,59867.2,59914.6,704.2274
2026-07-02 00:15:00+00:00,59914.6,59942.8,59708.2,59752.5,499.461
2026-07-02 00:30:00+00:00,59752.5,59763.5,59554.9,59593.7,518.2089
2026-07-02 00:45:00+00:00,59593.7,59817.1,59593.7,59719.7,478.8005
2026-07-02 01:00:00+00:00,59719.7,59910.0,59688.9,59895.1,496.3118
2026-07-02 01:15:00+00:00,59895.1,59993.0,59807.6,59992.9,592.9892
2026-07-02 01:30:00+00:00,59992.9,60296.6,59992.9,60167.2,791.7705
2026-07-02 01:45:00+00:00,60167.2,60290.6,60056.8,60149.9,514.9453
2026-07-02 02:00:00+00:00,60149.9,60171.1,59991.4,60115.6,411.6347
2026-07-02 02:15:00+00:00,60115.6,60240.0,60106.8,60180.0,402.2838
2026-07-02 02:30:00+00:00,60180.0,60387.8,60149.9,60379.3,523.4012
2026-07-02 02:45:00+00:00,60379.3,60467.2,60302.1,60392.4,363.758
2026-07-02 03:00:00+00:00,60392.4,60450.0,60358.4,60449.9,226.3175
2026-07-02 03:15:00+00:00,60449.9,60690.7,60259.1,60520.6,1246.5632
2026-07-02 03:30:00+00:00,60520.6,60785.2,60450.6,60781.3,929.3846
2026-07-02 03:45:00+00:00,60781.3,61103.1,60702.9,61032.9,1791.5731
2026-07-02 04:00:00+00:00,61032.9,61032.9,60834.9,60916.0,611.2657
2026-07-02 04:15:00+00:00,60916.0,60955.5,60766.9,60830.4,515.7073
2026-07-02 04:30:00+00:00,60830.4,60830.4,60703.1,60749.7,311.9075
2026-07-02 04:45:00+00:00,60749.7,60861.7,60716.4,60757.6,296.6272
2026-07-02 05:00:00+00:00,60757.6,60842.9,60623.9,60837.7,471.466
2026-07-02 05:15:00+00:00,60837.7,60852.5,60701.3,60720.5,292.5783
2026-07-02 05:30:00+00:00,60720.5,60849.9,60564.5,60583.2,1012.0379
2026-07-02 05:45:00+00:00,60583.2,60632.9,60455.2,60479.9,784.5173
2026-07-02 06:00:00+00:00,60479.9,60498.5,60379.9,60380.0,329.9877
2026-07-02 06:15:00+00:00,60380.0,60533.0,60370.0,60448.1,462.0907
2026-07-02 06:30:00+00:00,60448.1,60623.5,60445.2,60509.6,312.8375
2026-07-02 06:45:00+00:00,60509.6,60516.7,60232.5,60247.7,475.7714
2026-07-02 07:00:00+00:00,60247.7,60286.4,60179.9,60211.4,313.4044
2026-07-02 07:15:00+00:00,60211.4,60243.8,60138.3,60138.4,227.2786
2026-07-02 07:30:00+00:00,60138.4,60197.6,60089.9,60111.4,585.89
2026-07-02 07:45:00+00:00,60111.4,60209.6,60080.8,60125.6,599.0548
2026-07-02 08:00:00+00:00,60125.6,60342.7,60113.4,60285.3,647.9501
2026-07-02 08:15:00+00:00,60285.3,60380.0,60285.3,60330.0,366.3881
2026-07-02 08:30:00+00:00,60330.0,60479.1,60305.9,60418.9,352.1071
2026-07-02 08:45:00+00:00,60418.9,60539.3,60381.5,60486.7,330.5039
2026-07-02 09:00:00+00:00,60486.7,60497.9,60342.4,60447.2,403.1119
2026-07-02 09:15:00+00:00,60447.2,60611.6,60401.9,60585.5,492.3154
2026-07-02 09:30:00+00:00,60585.5,61203.8,60585.4,61067.0,4114.2653
2026-07-02 09:45:00+00:00,61067.0,61430.9,60842.0,61159.4,5215.1988
2026-07-02 10:00:00+00:00,61159.4,61223.2,61023.9,61212.3,977.4185
2026-07-02 10:15:00+00:00,61212.3,61277.4,61074.8,61199.7,723.9207
2026-07-02 10:30:00+00:00,61199.7,61329.9,61171.7,61181.9,579.096
2026-07-02 10:45:00+00:00,61181.9,61311.7,61120.1,61238.3,508.1086
2026-07-02 11:00:00+00:00,61238.3,61343.2,61184.5,61250.1,633.0539
2026-07-02 11:15:00+00:00,61250.1,61329.9,61225.2,61265.5,687.5375
2026-07-02 11:30:00+00:00,61265.5,61331.4,61227.3,61267.2,442.5365
2026-07-02 11:45:00+00:00,61267.2,61366.4,61099.9,61329.0,697.415
2026-07-02 12:00:00+00:00,61329.0,61342.9,61265.1,61332.8,469.4469
2026-07-02 12:15:00+00:00,61332.8,61391.7,61109.8,61313.4,1029.7676
2026-07-02 12:30:00+00:00,61313.4,61555.0,61160.0,61347.2,19106.1375
2026-07-02 12:45:00+00:00,61347.2,61591.0,61333.4,61507.2,1123.3842
2026-07-02 13:00:00+00:00,61507.2,61704.7,61472.0,61653.5,787.0455
2026-07-02 13:15:00+00:00,61653.5,61965.6,61627.4,61668.1,2474.4718
2026-07-02 13:30:00+00:00,61668.1,62036.2,61499.7,61949.2,4428.3496
2026-07-02 13:45:00+00:00,61949.2,62018.3,61780.6,61913.5,1482.3221
2026-07-02 14:00:00+00:00,61913.5,62173.5,61822.2,62059.2,1770.7853
2026-07-02 14:15:00+00:00,62059.2,62179.8,61555.4,61650.3,2329.5637
2026-07-02 14:30:00+00:00,61650.3,61787.3,61368.8,61400.0,1898.7975
2026-07-02 14:45:00+00:00,61400.0,61730.0,61400.0,61669.6,1428.6706
2026-07-02 15:00:00+00:00,61669.6,61711.8,61399.9,61558.5,1051.7438
2026-07-02 15:15:00+00:00,61558.5,61824.4,61462.2,61684.8,1226.5042
2026-07-02 15:30:00+00:00,61684.8,61798.9,61526.0,61674.6,810.6293
2026-07-02 15:45:00+00:00,61674.6,61720.0,61501.2,61583.7,491.9987
2026-07-02 16:00:00+00:00,61583.7,61722.2,61474.4,61668.9,572.067
2026-07-02 16:15:00+00:00,61668.9,61668.9,61115.0,61167.0,2447.0786
2026-07-02 16:30:00+00:00,61167.0,61423.7,61167.0,61404.5,771.5566
2026-07-02 16:45:00+00:00,61404.5,61753.8,61400.0,61646.6,1037.2362
2026-07-02 17:00:00+00:00,61646.6,61788.0,61592.8,61756.1,550.777
2026-07-02 17:15:00+00:00,61756.1,61900.0,61717.8,61841.4,589.3563
2026-07-02 17:30:00+00:00,61841.4,61841.4,61610.0,61753.4,544.6894
2026-07-02 17:45:00+00:00,61753.4,61779.8,61615.6,61642.9,344.7511
2026-07-02 18:00:00+00:00,61642.9,61834.2,61633.6,61800.9,432.1253
2026-07-02 18:15:00+00:00,61800.9,61838.8,61703.4,61834.5,322.4339
2026-07-02 18:30:00+00:00,61834.5,61835.1,61735.6,61740.9,251.5754
2026-07-02 18:45:00+00:00,61740.9,61847.1,61665.6,61733.4,289.681
2026-07-02 19:00:00+00:00,61733.4,61739.6,61574.8,61640.9,295.0369
2026-07-02 19:15:00+00:00,61640.9,61640.9,61487.3,61593.3,272.4955
2026-07-02 19:30:00+00:00,61593.3,61633.4,61471.9,61553.8,645.864
2026-07-02 19:45:00+00:00,61553.8,61669.2,61389.0,61452.4,1171.4251
2026-07-02 20:00:00+00:00,61452.4,61518.6,61373.7,61413.2,286.4907
2026-07-02 20:15:00+00:00,61413.2,61491.4,61378.9,61380.6,147.2967
2026-07-02 20:30:00+00:00,61380.6,61414.7,61309.2,61343.4,210.5382
2026-07-02 20:45:00+00:00,61343.4,61576.4,61343.4,61555.2,430.7426
2026-07-02 21:00:00+00:00,61555.2,61634.0,61502.2,61503.3,321.4802
2026-07-02 21:15:00+00:00,61503.3,61525.5,61502.5,61515.0,36.1352
2026-07-02 21:30:00+00:00,61515.0,61531.3,61499.8,61500.0,43.0218
2026-07-02 21:45:00+00:00,61500.0,61590.2,61499.8,61570.4,124.1631
2026-07-02 22:00:00+00:00,61570.4,61570.6,61499.9,61508.3,128.1124
2026-07-02 22:15:00+00:00,61508.3,61545.5,61500.0,61502.3,56.4941
2026-07-02 22:30:00+00:00,61502.3,61532.6,61499.8,61502.8,67.2256
2026-07-02 22:45:00+00:00,61502.8,61536.3,61388.0,61444.8,222.4758
2026-07-02 23:00:00+00:00,61444.8,61444.8,61331.0,61334.3,139.2727
2026-07-02 23:15:00+00:00,61334.3,61519.8,61332.8,61485.3,180.4086
2026-07-02 23:30:00+00:00,61485.3,61588.0,61420.1,61455.1,170.3101
2026-07-02 23:45:00+00:00,61455.1,61582.5,61450.4,61540.4,222.3548
2026-07-03 00:00:00+00:00,61540.4,61558.7,61367.6,61400.1,277.49
2026-07-03 00:15:00+00:00,61400.1,61439.9,61281.9,61282.0,236.3992
2026-07-03 00:30:00+00:00,61282.0,61349.2,61228.8,61318.9,339.6311
2026-07-03 00:45:00+00:00,61318.9,61394.5,61273.8,61283.8,208.584
2026-07-03 01:00:00+00:00,61283.8,61718.6,61260.9,61613.5,622.7223
2026-07-03 01:15:00+00:00,61613.5,61635.9,61483.6,61542.0,399.07
2026-07-03 01:30:00+00:00,61542.0,61715.2,61500.0,61643.4,436.8217
2026-07-03 01:45:00+00:00,61643.4,61651.1,61560.2,61566.4,225.6542
2026-07-03 02:00:00+00:00,61566.4,61646.9,61485.2,61501.6,359.5709
2026-07-03 02:15:00+00:00,61501.6,61567.7,61380.0,61380.0,254.4323
2026-07-03 02:30:00+00:00,61380.0,61442.1,61270.9,61346.8,453.0065
2026-07-03 02:45:00+00:00,61346.8,61438.4,61276.7,61411.7,198.0265
2026-07-03 03:00:00+00:00,61411.7,61433.7,61299.9,61306.3,213.4899
2026-07-03 03:15:00+00:00,61306.3,61556.9,61306.2,61515.3,247.6208
2026-07-03 03:30:00+00:00,61515.3,61522.7,61360.8,61370.4,133.3725
2026-07-03 03:45:00+00:00,61370.4,61430.7,61328.8,61407.5,153.6794
2026-07-03 04:00:00+00:00,61407.5,61444.6,61314.3,61407.0,200.2753
2026-07-03 04:15:00+00:00,61407.0,61415.4,61320.6,61415.3,129.8309
2026-07-03 04:30:00+00:00,61415.3,61504.5,61385.1,61477.0,122.1379
2026-07-03 04:45:00+00:00,61477.0,61488.6,61350.0,61420.5,231.202
2026-07-03 05:00:00+00:00,61420.5,61540.5,61403.1,61514.9,247.3864
2026-07-03 05:15:00+00:00,61514.9,61659.9,61487.8,61611.1,310.3858
2026-07-03 05:30:00+00:00,61611.1,61786.1,61591.7,61676.2,472.759
2026-07-03 05:45:00+00:00,61676.2,61727.2,61619.9,61674.6,234.5134
2026-07-03 06:00:00+00:00,61674.6,61824.9,61662.4,61703.8,301.2345
2026-07-03 06:15:00+00:00,61703.8,61785.3,61665.1,61693.5,181.4498
2026-07-03 06:30:00+00:00,61693.5,61755.4,61584.0,61616.0,288.3759
2026-07-03 06:45:00+00:00,61616.0,61749.1,61615.7,61680.4,155.9861
2026-07-03 07:00:00+00:00,61680.4,61755.6,61634.0,61676.4,175.5648
2026-07-03 07:15:00+00:00,61676.4,61736.3,61676.4,61736.2,134.8051
2026-07-03 07:30:00+00:00,61736.2,61818.9,61716.9,61800.2,244.9831
2026-07-03 07:45:00+00:00,61800.2,61849.7,61731.6,61733.5,211.7271
2026-07-03 08:00:00+00:00,61733.5,61812.9,61713.5,61726.0,198.2943
2026-07-03 08:15:00+00:00,61726.0,61804.7,61693.8,61760.5,276.0535
2026-07-03 08:30:00+00:00,61760.5,61875.2,61699.9,61840.9,608.8764
2026-07-03 08:45:00+00:00,61840.9,61844.7,61525.9,61553.5,427.6228
2026-07-03 09:00:00+00:00,61553.5,61685.6,61484.1,61677.1,427.7445
2026-07-03 09:15:00+00:00,61677.1,61714.8,61619.7,61660.8,354.2194
2026-07-03 09:30:00+00:00,61660.8,61664.2,61529.5,61633.4,208.4057
2026-07-03 09:45:00+00:00,61633.4,61759.3,61633.4,61686.8,222.8506
2026-07-03 10:00:00+00:00,61686.8,61747.6,61644.8,61700.0,527.0035
2026-07-03 10:15:00+00:00,61700.0,61743.3,61640.1,61715.6,161.7654
2026-07-03 10:30:00+00:00,61715.6,62017.5,61698.2,61991.8,576.1696
2026-07-03 10:45:00+00:00,61991.8,61999.9,61854.2,61886.5,526.5698
2026-07-03 11:00:00+00:00,61886.5,62049.2,61808.4,61992.2,478.4427
2026-07-03 11:15:00+00:00,61992.2,62043.8,61904.6,61958.4,459.6004
2026-07-03 11:30:00+00:00,61958.4,61998.9,61851.8,61865.5,175.0785
2026-07-03 11:45:00+00:00,61865.5,62078.5,61865.5,61992.7,363.189
2026-07-03 12:00:00+00:00,61992.7,62149.2,61975.1,62129.8,1046.0019
2026-07-03 12:15:00+00:00,62129.8,62146.7,61883.4,61929.7,711.4466
2026-07-03 12:30:00+00:00,61929.7,61949.5,61840.9,61899.7,275.5253
2026-07-03 12:45:00+00:00,61899.7,61977.8,61899.7,61952.5,196.8548
2026-07-03 13:00:00+00:00,61952.5,62047.2,61910.5,62029.4,376.6185
2026-07-03 13:15:00+00:00,62029.4,62099.7,61972.2,62065.8,261.1739
2026-07-03 13:30:00+00:00,62065.8,62171.0,61990.9,62127.5,409.3427
2026-07-03 13:45:00+00:00,62127.5,62268.6,62024.9,62083.8,690.7325
2026-07-03 14:00:00+00:00,62083.8,62083.8,61659.5,61739.8,893.8914
2026-07-03 14:15:00+00:00,61739.8,61902.5,61696.4,61899.9,632.0468
2026-07-03 14:30:00+00:00,61899.9,62042.6,61818.9,62038.9,498.6858
2026-07-03 14:45:00+00:00,62038.9,62256.9,61998.2,62142.7,806.0808
2026-07-03 15:00:00+00:00,62142.7,62384.2,62135.1,62156.3,1358.0215
2026-07-03 15:15:00+00:00,62156.3,62198.4,61955.9,61980.3,763.8702
2026-07-03 15:30:00+00:00,61980.3,62081.6,61778.4,61815.8,779.1114
2026-07-03 15:45:00+00:00,61815.8,61941.8,61790.1,61895.1,449.2919
2026-07-03 16:00:00+00:00,61895.1,61963.0,61877.5,61900.1,302.1892
2026-07-03 16:15:00+00:00,61900.1,62086.5,61900.1,62039.1,325.9252
2026-07-03 16:30:00+00:00,62039.1,62098.9,61953.3,62021.8,194.7442
2026-07-03 16:45:00+00:00,62021.8,62103.3,61992.6,62081.7,202.7701
2026-07-03 17:00:00+00:00,62081.7,62266.8,62040.8,62165.4,633.8776
2026-07-03 17:15:00+00:00,62165.4,62219.2,62083.6,62156.6,238.6227
2026-07-03 17:30:00+00:00,62156.6,62249.9,62134.1,62199.8,210.0662
2026-07-03 17:45:00+00:00,62199.8,62223.1,62136.0,62171.4,96.2016
2026-07-03 18:00:00+00:00,62171.4,62180.4,62087.3,62133.6,109.5245
2026-07-03 18:15:00+00:00,62133.6,62175.9,62103.8,62153.4,88.1338
2026-07-03 18:30:00+00:00,62153.4,62215.6,62146.7,62197.2,188.0695
2026-07-03 18:45:00+00:00,62197.2,62223.7,62165.1,62180.2,140.5479
2026-07-03 19:00:00+00:00,62180.2,62231.6,62120.3,62156.8,148.3769
2026-07-03 19:15:00+00:00,62156.8,62274.8,62153.0,62196.0,293.6383
2026-07-03 19:30:00+00:00,62196.0,62293.8,62129.9,62203.0,384.0851
2026-07-03 19:45:00+00:00,62203.0,62231.6,62161.7,62178.2,167.4894
2026-07-03 20:00:00+00:00,62178.2,62477.0,62153.3,62405.2,2430.3498
2026-07-03 20:15:00+00:00,62405.2,62673.1,62366.9,62599.8,2661.629
2026-07-03 20:30:00+00:00,62599.8,62895.0,62579.7,62684.9,2383.5645
2026-07-03 20:45:00+00:00,62684.9,62846.8,62661.2,62759.0,549.3785
2026-07-03 21:00:00+00:00,62759.0,62951.1,62700.0,62730.5,697.5432
2026-07-03 21:15:00+00:00,62730.5,62779.6,62592.9,62608.2,312.9693
2026-07-03 21:30:00+00:00,62608.2,62617.6,62488.6,62589.2,475.5915
2026-07-03 21:45:00+00:00,62589.2,62813.5,62585.1,62706.7,383.1745
2026-07-03 22:00:00+00:00,62706.7,62725.9,62559.4,62609.2,290.5427
2026-07-03 22:15:00+00:00,62609.2,62687.4,62595.6,62608.1,140.0186
2026-07-03 22:30:00+00:00,62608.1,62611.3,62512.8,62594.2,263.3584
2026-07-03 22:45:00+00:00,62594.2,62648.3,62545.3,62549.2,95.2381
2026-07-03 23:00:00+00:00,62549.2,62580.9,62507.0,62541.6,58.1165
2026-07-03 23:15:00+00:00,62541.6,62665.9,62535.1,62602.6,269.4857
2026-07-03 23:30:00+00:00,62602.6,62687.8,62602.6,62657.8,131.0065
2026-07-03 23:45:00+00:00,62657.8,62663.0,62523.8,62565.2,129.7516
2026-07-04 00:00:00+00:00,62565.2,62925.5,62556.4,62803.9,1180.2737
2026-07-04 00:15:00+00:00,62803.9,62829.9,62725.2,62739.7,152.0707
2026-07-04 00:30:00+00:00,62739.7,62787.0,62660.4,62688.3,138.4854
2026-07-04 00:45:00+00:00,62688.3,62792.6,62685.7,62734.9,207.9205
2026-07-04 01:00:00+00:00,62734.9,62734.9,62451.0,62493.2,590.0912
2026-07-04 01:15:00+00:00,62493.2,62569.6,62381.4,62470.4,405.6697
2026-07-04 01:30:00+00:00,62470.4,62524.4,62402.0,62424.7,173.8398
2026-07-04 01:45:00+00:00,62424.7,62485.9,62396.0,62449.9,117.8983
2026-07-04 02:00:00+00:00,62449.9,62544.3,62449.9,62501.9,263.5051
2026-07-04 02:15:00+00:00,62501.9,62505.4,62429.5,62469.9,107.9256
2026-07-04 02:30:00+00:00,62469.9,62484.4,62403.8,62472.4,118.5469
2026-07-04 02:45:00+00:00,62472.4,62556.2,62448.4,62513.9,147.1753
2026-07-04 03:00:00+00:00,62513.9,62557.8,62460.0,62537.7,778.743
2026-07-04 03:15:00+00:00,62537.7,62564.6,62520.8,62544.4,102.8305
2026-07-04 03:30:00+00:00,62544.4,62729.9,62486.7,62684.8,471.2476
2026-07-04 03:45:00+00:00,62684.8,62701.6,62603.0,62609.3,97.3718
2026-07-04 04:00:00+00:00,62609.3,62690.3,62573.2,62632.6,117.1526
2026-07-04 04:15:00+00:00,62632.6,62699.8,62568.8,62641.9,126.5799
2026-07-04 04:30:00+00:00,62641.9,62734.7,62637.5,62659.4,159.5611
2026-07-04 04:45:00+00:00,62659.4,62719.8,62617.0,62661.4,126.5372
2026-07-04 05:00:00+00:00,62661.4,62661.4,62550.9,62554.4,84.0397
2026-07-04 05:15:00+00:00,62554.4,62555.9,62445.5,62494.7,118.1466
2026-07-04 05:30:00+00:00,62494.7,62549.9,62483.7,62542.7,73.8086
2026-07-04 05:45:00+00:00,62542.7,62576.1,62400.8,62445.6,302.1063
2026-07-04 06:00:00+00:00,62445.6,62538.5,62400.7,62409.5,209.2681
2026-07-04 06:15:00+00:00,62409.5,62431.8,62308.0,62405.5,205.0762
2026-07-04 06:30:00+00:00,62405.5,62511.3,62405.5,62435.2,170.2868
2026-07-04 06:45:00+00:00,62435.2,62507.9,62435.2,62473.1,106.575
2026-07-04 07:00:00+00:00,62473.1,62533.5,62441.6,62518.0,148.594
2026-07-04 07:15:00+00:00,62518.0,62611.4,62494.8,62521.5,167.2512
2026-07-04 07:30:00+00:00,62521.5,62539.2,62453.2,62477.5,115.9697
2026-07-04 07:45:00+00:00,62477.5,62568.5,62464.8,62548.9,113.1059
2026-07-04 08:00:00+00:00,62548.9,62559.4,62484.9,62521.2,117.9962
2026-07-04 08:15:00+00:00,62521.2,62557.2,62487.9,62524.6,71.3215
2026-07-04 08:30:00+00:00,62524.6,62651.2,62519.8,62568.1,385.4445
2026-07-04 08:45:00+00:00,62568.1,62638.0,62522.0,62527.9,104.0863
2026-07-04 09:00:00+00:00,62527.9,62559.2,62424.0,62479.9,160.777
2026-07-04 09:15:00+00:00,62479.9,62484.6,62426.1,62453.9,111.7185
2026-07-04 09:30:00+00:00,62453.9,62459.1,62386.0,62426.4,137.6536
2026-07-04 09:45:00+00:00,62426.4,62487.3,62426.4,62466.0,88.683
2026-07-04 10:00:00+00:00,62466.0,62472.2,62418.3,62434.8,126.0022
2026-07-04 10:15:00+00:00,62434.8,62497.3,62424.5,62471.8,81.6225
2026-07-04 10:30:00+00:00,62471.8,62471.8,62436.2,62461.1,49.5451
2026-07-04 10:45:00+00:00,62461.1,62518.8,62448.2,62483.8,61.1398
2026-07-04 11:00:00+00:00,62483.8,62504.5,62440.5,62499.7,84.0434
2026-07-04 11:15:00+00:00,62499.7,62530.1,62433.4,62455.3,96.3452
2026-07-04 11:30:00+00:00,62455.3,62543.9,62455.2,62466.3,133.5027
2026-07-04 11:45:00+00:00,62466.3,62485.4,62446.1,62458.6,117.5893
2026-07-04 12:00:00+00:00,62458.6,62560.6,62458.5,62541.1,101.9001
2026-07-04 12:15:00+00:00,62541.1,62593.1,62516.9,62560.3,109.0528
2026-07-04 12:30:00+00:00,62560.3,62620.0,62554.3,62597.6,128.7291
2026-07-04 12:45:00+00:00,62597.6,62671.5,62560.7,62634.0,99.4474
2026-07-04 13:00:00+00:00,62634.0,62634.1,62563.0,62584.9,61.2061
2026-07-04 13:15:00+00:00,62584.9,62755.5,62581.0,62630.8,314.9936
2026-07-04 13:30:00+00:00,62630.8,62630.8,62527.2,62555.1,167.1108
2026-07-04 13:45:00+00:00,62555.1,62566.1,62511.4,62562.9,88.047
2026-07-04 14:00:00+00:00,62562.9,62669.5,62562.3,62640.7,172.6782
2026-07-04 14:15:00+00:00,62640.7,62719.1,62604.9,62647.0,205.3651
2026-07-04 14:30:00+00:00,62647.0,62669.7,62597.6,62656.1,104.7332
2026-07-04 14:45:00+00:00,62656.1,62691.9,62627.5,62671.7,106.108
2026-07-04 15:00:00+00:00,62671.7,63065.7,62666.5,62803.8,6106.297
2026-07-04 15:15:00+00:00,62803.8,62908.0,62729.3,62896.6,671.8085
2026-07-04 15:30:00+00:00,62896.6,63000.1,62816.0,62900.3,800.4412
2026-07-04 15:45:00+00:00,62900.3,62990.6,62833.7,62908.6,402.8406
2026-07-04 16:00:00+00:00,62908.6,62942.9,62761.8,62761.9,343.0881
2026-07-04 16:15:00+00:00,62761.9,62855.3,62754.7,62838.0,240.4687
2026-07-04 16:30:00+00:00,62838.0,62919.9,62838.0,62878.6,171.0961
2026-07-04 16:45:00+00:00,62878.6,62939.9,62832.4,62895.0,134.3497
2026-07-04 17:00:00+00:00,62895.0,62926.1,62771.9,62840.5,245.0788
2026-07-04 17:15:00+00:00,62840.5,62960.7,62827.6,62957.9,142.2685
2026-07-04 17:30:00+00:00,62957.9,63177.6,62957.8,63155.4,937.9745
2026-07-04 17:45:00+00:00,63155.4,63416.7,63121.7,63245.6,1916.0794
2026-07-04 18:00:00+00:00,63245.6,63315.9,63155.7,63294.9,367.2844
2026-07-04 18:15:00+00:00,63294.9,63324.6,63116.7,63153.0,253.6633
2026-07-04 18:30:00+00:00,63153.0,63153.0,63070.8,63087.2,274.7379
2026-07-04 18:45:00+00:00,63087.2,63154.9,63070.0,63137.4,208.1147
2026-07-04 19:00:00+00:00,63137.4,63214.5,63090.0,63147.6,208.0386
2026-07-04 19:15:00+00:00,63147.6,63357.3,63147.6,63344.0,233.7166
2026-07-04 19:30:00+00:00,63344.0,63448.3,63250.1,63340.9,299.7629
2026-07-04 19:45:00+00:00,63340.9,63340.9,63251.7,63268.0,161.2031
2026-07-04 20:00:00+00:00,63268.0,63366.9,63255.0,63312.8,208.8406
2026-07-04 20:15:00+00:00,63312.8,63318.5,63128.4,63144.0,329.5663
2026-07-04 20:30:00+00:00,63144.0,63297.8,63130.1,63265.9,173.1423
2026-07-04 20:45:00+00:00,63265.9,63307.7,63198.9,63208.7,100.4689
2026-07-04 21:00:00+00:00,63208.7,63349.5,63172.9,63324.2,155.4904
2026-07-04 21:15:00+00:00,63324.2,63424.4,63324.1,63409.9,205.0837
2026-07-04 21:30:00+00:00,63409.9,63430.0,63261.7,63271.0,142.068
2026-07-04 21:45:00+00:00,63271.0,63307.9,63247.6,63274.6,129.1101
2026-07-04 22:00:00+00:00,63274.6,63286.4,63187.6,63227.7,135.6774
2026-07-04 22:15:00+00:00,63227.7,63283.8,63170.8,63192.7,96.1377
2026-07-04 22:30:00+00:00,63192.7,63219.0,63152.4,63180.1,87.3533
2026-07-04 22:45:00+00:00,63180.1,63220.6,63129.5,63167.6,159.6522
2026-07-04 23:00:00+00:00,63167.6,63214.8,62959.0,62966.4,683.1546
2026-07-04 23:15:00+00:00,62966.4,63072.8,62902.6,63071.9,304.4528
2026-07-04 23:30:00+00:00,63071.9,63197.9,63071.9,63179.9,149.8387
2026-07-04 23:45:00+00:00,63179.9,63209.8,63111.1,63114.8,153.8673
2026-07-05 00:00:00+00:00,63114.8,63114.8,62988.3,63021.2,256.0433
2026-07-05 00:15:00+00:00,63021.2,63026.6,62946.6,63023.1,154.3973
2026-07-05 00:30:00+00:00,63023.1,63097.1,62965.5,63063.3,153.3011
2026-07-05 00:45:00+00:00,63063.3,63080.0,62851.0,62962.4,384.7747
2026-07-05 01:00:00+00:00,62962.4,63022.5,62895.4,62955.5,441.1819
2026-07-05 01:15:00+00:00,62955.5,62955.5,62806.9,62912.8,189.7376
2026-07-05 01:30:00+00:00,62912.8,62912.8,62764.8,62836.6,344.1722
2026-07-05 01:45:00+00:00,62836.6,62886.4,62799.9,62859.8,177.0553
2026-07-05 02:00:00+00:00,62859.8,62902.4,62710.1,62710.1,183.1895
2026-07-05 02:15:00+00:00,62710.1,62762.5,62622.8,62731.6,368.3538
2026-07-05 02:30:00+00:00,62731.6,62772.4,62615.5,62615.6,170.9583
2026-07-05 02:45:00+00:00,62615.6,62673.7,62568.5,62673.6,396.3403
2026-07-05 03:00:00+00:00,62673.6,62762.5,62670.0,62737.0,126.1468
2026-07-05 03:15:00+00:00,62737.0,62746.8,62626.5,62641.8,175.1153
2026-07-05 03:30:00+00:00,62641.8,62749.9,62638.2,62709.7,115.3583
2026-07-05 03:45:00+00:00,62709.7,62765.9,62699.8,62739.1,128.1376
2026-07-05 04:00:00+00:00,62739.1,62799.9,62680.0,62762.1,146.0133
2026-07-05 04:15:00+00:00,62762.1,62849.9,62760.0,62834.9,177.7708
2026-07-05 04:30:00+00:00,62834.9,62928.0,62833.6,62912.8,168.877
2026-07-05 04:45:00+00:00,62912.8,62912.8,62783.9,62788.9,123.9067
2026-07-05 05:00:00+00:00,62788.9,62788.9,62702.7,62720.7,144.3169
2026-07-05 05:15:00+00:00,62720.7,62766.2,62713.9,62729.9,117.0848
2026-07-05 05:30:00+00:00,62729.9,62788.3,62627.9,62644.8,153.9737
2026-07-05 05:45:00+00:00,62644.8,62743.3,62644.0,62716.2,105.0066
2026-07-05 06:00:00+00:00,62716.2,62722.1,62644.1,62698.4,174.3651
2026-07-05 06:15:00+00:00,62698.4,62779.9,62686.3,62771.9,106.5612
2026-07-05 06:30:00+00:00,62771.9,62799.9,62717.9,62729.7,72.8511
2026-07-05 06:45:00+00:00,62729.7,62774.6,62718.0,62749.8,94.4774
2026-07-05 07:00:00+00:00,62749.8,62774.2,62728.3,62728.6,58.8771
2026-07-05 07:15:00+00:00,62728.6,62807.9,62690.4,62726.3,204.5753
2026-07-05 07:30:00+00:00,62726.3,62919.9,62726.3,62894.8,242.7013
2026-07-05 07:45:00+00:00,62894.8,63039.1,62867.8,62995.0,364.9624
2026-07-05 08:00:00+00:00,62995.0,63083.8,62921.9,62983.8,297.1416
2026-07-05 08:15:00+00:00,62983.8,63023.1,62887.8,62910.2,121.6
2026-07-05 08:30:00+00:00,62910.2,62971.7,62887.9,62910.8,117.292
2026-07-05 08:45:00+00:00,62910.8,62963.8,62868.0,62893.2,126.234
2026-07-05 09:00:00+00:00,62893.2,62908.6,62835.9,62851.2,106.6521
2026-07-05 09:15:00+00:00,62851.2,62855.4,62702.3,62709.6,197.2472
2026-07-05 09:30:00+00:00,62709.6,62758.6,62413.2,62509.5,939.8247
2026-07-05 09:45:00+00:00,62509.5,62616.4,62481.2,62600.1,354.7465
2026-07-05 10:00:00+00:00,62600.1,62710.3,62512.1,62660.9,259.1719
2026-07-05 10:15:00+00:00,62660.9,62715.1,62603.1,62670.8,231.2677
2026-07-05 10:30:00+00:00,62670.8,62712.0,62640.0,62668.1,74.932
2026-07-05 10:45:00+00:00,62668.1,62737.6,62658.8,62737.3,81.1917
2026-07-05 11:00:00+00:00,62737.3,62799.5,62653.2,62678.6,169.5007
2026-07-05 11:15:00+00:00,62678.6,62678.6,62582.2,62602.6,109.4392
2026-07-05 11:30:00+00:00,62602.6,62699.1,62590.8,62677.0,88.6048
2026-07-05 11:45:00+00:00,62677.0,62708.8,62614.4,62628.2,96.1989
2026-07-05 12:00:00+00:00,62628.2,62632.6,62534.3,62598.9,143.8474
2026-07-05 12:15:00+00:00,62598.9,62732.3,62598.9,62728.1,236.8369
2026-07-05 12:30:00+00:00,62728.1,62752.0,62625.6,62682.1,223.4382
2026-07-05 12:45:00+00:00,62682.1,62718.2,62679.8,62718.1,68.1089
2026-07-05 13:00:00+00:00,62718.1,62795.0,62667.0,62707.9,530.7307
2026-07-05 13:15:00+00:00,62707.9,62742.8,62619.7,62664.9,141.0137
2026-07-05 13:30:00+00:00,62664.9,62732.5,62648.5,62721.2,90.1851
2026-07-05 13:45:00+00:00,62721.2,62797.6,62721.0,62769.6,140.3507
2026-07-05 14:00:00+00:00,62769.6,62793.5,62682.0,62715.3,139.9053
2026-07-05 14:15:00+00:00,62715.3,62715.4,62642.2,62684.7,152.8246
2026-07-05 14:30:00+00:00,62684.7,62759.7,62621.4,62707.4,136.6692
2026-07-05 14:45:00+00:00,62707.4,62791.2,62680.7,62785.2,174.3202
2026-07-05 15:00:00+00:00,62785.2,62919.8,62769.6,62785.7,514.3978
2026-07-05 15:15:00+00:00,62785.7,62796.9,62701.6,62741.3,165.4685
2026-07-05 15:30:00+00:00,62741.3,62876.6,62662.1,62670.1,238.3549
2026-07-05 15:45:00+00:00,62670.1,62735.4,62646.7,62711.8,121.5775
2026-07-05 16:00:00+00:00,62711.8,62745.2,62666.9,62686.7,201.5109
2026-07-05 16:15:00+00:00,62686.7,62702.7,62579.1,62596.6,181.8347
2026-07-05 16:30:00+00:00,62596.6,62643.5,62584.0,62599.9,206.9378
2026-07-05 16:45:00+00:00,62599.9,62634.4,62569.9,62611.9,106.4744
2026-07-05 17:00:00+00:00,62611.9,62719.0,62611.9,62688.5,119.7193
2026-07-05 17:15:00+00:00,62688.5,62796.2,62656.8,62662.0,213.722
2026-07-05 17:30:00+00:00,62662.0,62685.2,62573.5,62579.5,276.8633
2026-07-05 17:45:00+00:00,62579.5,62647.2,62567.7,62601.4,150.2606
2026-07-05 18:00:00+00:00,62601.4,62665.0,62587.7,62630.0,124.609
2026-07-05 18:15:00+00:00,62630.0,62696.9,62630.0,62657.6,95.1763
2026-07-05 18:30:00+00:00,62657.6,62737.9,62651.0,62734.4,92.3478
2026-07-05 18:45:00+00:00,62734.4,62859.2,62703.8,62787.4,233.061
2026-07-05 19:00:00+00:00,62787.4,62840.0,62744.9,62812.7,131.0962
2026-07-05 19:15:00+00:00,62812.7,62848.5,62691.4,62756.9,143.2666
2026-07-05 19:30:00+00:00,62756.9,62806.3,62734.0,62772.7,75.409
2026-07-05 19:45:00+00:00,62772.7,62806.0,62732.8,62744.0,79.9074
2026-07-05 20:00:00+00:00,62744.0,62814.9,62738.3,62793.0,85.6529
2026-07-05 20:15:00+00:00,62793.0,62796.9,62671.2,62698.4,98.0103
2026-07-05 20:30:00+00:00,62698.4,62717.5,62669.9,62716.0,57.4178
2026-07-05 20:45:00+00:00,62716.0,62734.7,62704.6,62704.7,41.6564
2026-07-05 21:00:00+00:00,62704.7,62734.6,62580.0,62711.9,175.6914
2026-07-05 21:15:00+00:00,62711.9,62913.4,62695.5,62889.5,445.3449
2026-07-05 21:30:00+00:00,62889.5,63025.1,62863.5,63003.3,401.0246
2026-07-05 21:45:00+00:00,63003.3,63213.4,62914.5,63070.3,757.8553
2026-07-05 22:00:00+00:00,63070.3,63200.1,62976.4,63199.8,638.2684
2026-07-05 22:15:00+00:00,63199.8,63720.3,63168.8,63698.1,2672.7862
2026-07-05 22:30:00+00:00,63698.1,63948.5,63520.1,63545.7,3375.7475
2026-07-05 22:45:00+00:00,63545.7,63727.2,63539.7,63716.8,514.2073
2026-07-05 23:00:00+00:00,63716.8,63968.8,63688.5,63953.0,807.2793
2026-07-05 23:15:00+00:00,63953.0,63989.4,63646.3,63648.1,718.166
2026-07-05 23:30:00+00:00,63648.1,63700.0,63591.9,63669.2,350.8495
2026-07-05 23:45:00+00:00,63669.2,63669.2,63542.6,63617.0,272.8226
2026-07-06 00:00:00+00:00,63617.0,63683.1,63453.1,63575.5,581.9226
2026-07-06 00:15:00+00:00,63575.5,63687.0,63377.2,63382.6,614.4262
2026-07-06 00:30:00+00:00,63382.6,63627.5,63311.9,63577.2,551.6511
2026-07-06 00:45:00+00:00,63577.2,63755.7,63577.2,63728.3,471.8329
2026-07-06 01:00:00+00:00,63728.3,63835.0,63658.1,63787.9,527.9898
2026-07-06 01:15:00+00:00,63787.9,63826.4,63575.0,63709.0,389.2985
2026-07-06 01:30:00+00:00,63709.0,63899.1,63662.8,63690.0,484.5077
2026-07-06 01:45:00+00:00,63690.0,63690.0,63520.0,63544.1,336.8686
2026-07-06 02:00:00+00:00,63544.1,63644.1,63381.4,63425.3,426.3319
2026-07-06 02:15:00+00:00,63425.3,63635.8,63409.9,63496.0,315.9967
2026-07-06 02:30:00+00:00,63496.0,63604.6,63356.4,63363.7,470.4136
2026-07-06 02:45:00+00:00,63363.7,63464.2,63340.3,63425.0,274.3276
2026-07-06 03:00:00+00:00,63425.0,63477.4,63367.9,63384.9,210.289
2026-07-06 03:15:00+00:00,63384.9,63400.9,63164.9,63198.8,548.9618
2026-07-06 03:30:00+00:00,63198.8,63297.0,63101.3,63180.5,712.3763
2026-07-06 03:45:00+00:00,63180.5,63273.0,63159.9,63272.9,230.2537
2026-07-06 04:00:00+00:00,63272.9,63363.6,63203.5,63311.9,224.7365
2026-07-06 04:15:00+00:00,63311.9,63337.3,63154.6,63202.4,192.3578
2026-07-06 04:30:00+00:00,63202.4,63368.1,63163.0,63280.1,235.3797
2026-07-06 04:45:00+00:00,63280.1,63329.2,63199.9,63242.9,156.23
2026-07-06 05:00:00+00:00,63242.9,63242.9,63133.4,63174.4,281.0068
2026-07-06 05:15:00+00:00,63174.4,63213.9,62962.2,62977.3,1078.2681
2026-07-06 05:30:00+00:00,62977.3,63135.0,62914.2,63078.0,551.6005
2026-07-06 05:45:00+00:00,63078.0,63142.7,63054.0,63085.9,168.6241
2026-07-06 06:00:00+00:00,63085.9,63125.5,63011.0,63092.7,193.2185
2026-07-06 06:15:00+00:00,63092.7,63121.7,62962.1,63003.2,207.9803
2026-07-06 06:30:00+00:00,63003.2,63049.1,62940.1,63049.1,224.246
2026-07-06 06:45:00+00:00,63049.1,63059.0,62953.6,62962.5,136.9484
2026-07-06 07:00:00+00:00,62962.5,62962.5,62858.4,62937.1,360.2358
2026-07-06 07:15:00+00:00,62937.1,63013.7,62922.4,62938.3,201.5111
2026-07-06 07:30:00+00:00,62938.3,63096.3,62887.9,63079.9,217.3336
2026-07-06 07:45:00+00:00,63079.9,63102.5,63045.0,63064.5,109.8049
2026-07-06 08:00:00+00:00,63064.5,63228.0,62979.9,63033.4,665.2275
2026-07-06 08:15:00+00:00,63033.4,63074.9,62959.9,63051.3,232.4618
2026-07-06 08:30:00+00:00,63051.3,63051.4,62805.4,62882.7,509.2585
2026-07-06 08:45:00+00:00,62882.7,62929.4,62859.9,62876.0,160.1826
2026-07-06 09:00:00+00:00,62876.0,62893.7,62820.2,62835.0,141.2508
2026-07-06 09:15:00+00:00,62835.0,62862.8,62717.0,62731.2,262.7078
2026-07-06 09:30:00+00:00,62731.2,62749.7,62609.8,62669.9,387.9307
2026-07-06 09:45:00+00:00,62669.9,62681.7,62611.3,62646.4,146.0929
2026-07-06 10:00:00+00:00,62646.4,62827.3,62641.4,62813.6,297.5069
2026-07-06 10:15:00+00:00,62813.6,62861.2,62813.6,62861.1,144.9887
2026-07-06 10:30:00+00:00,62861.1,63015.2,62849.9,62901.5,365.5612
2026-07-06 10:45:00+00:00,62901.5,62904.4,62780.7,62797.4,169.1943
2026-07-06 11:00:00+00:00,62797.4,62861.7,62774.5,62776.8,242.2943
2026-07-06 11:15:00+00:00,62776.8,62906.0,62755.2,62860.6,238.7374
2026-07-06 11:30:00+00:00,62860.6,62977.9,62848.1,62936.3,257.5622
2026-07-06 11:45:00+00:00,62936.3,62979.1,62461.7,62461.7,890.51
2026-07-06 12:00:00+00:00,62461.7,62466.8,61840.5,61966.5,7375.6802
2026-07-06 12:15:00+00:00,61966.5,62131.2,61881.3,62057.0,1063.8819
2026-07-06 12:30:00+00:00,62057.0,62172.7,61745.3,61787.6,923.3794
2026-07-06 12:45:00+00:00,61787.6,61877.0,61653.2,61733.5,965.8366
2026-07-06 13:00:00+00:00,61733.5,61797.0,61569.9,61614.6,1000.1471
2026-07-06 13:15:00+00:00,61614.6,61692.3,61408.1,61434.7,1072.4114
2026-07-06 13:30:00+00:00,61434.7,61643.1,61293.2,61629.0,2565.5565
2026-07-06 13:45:00+00:00,61629.0,62022.7,61596.4,61751.3,2293.7354
2026-07-06 14:00:00+00:00,61751.3,61969.9,61723.7,61914.5,1021.1628
2026-07-06 14:15:00+00:00,61914.5,62397.2,61690.1,62053.8,3935.4331
2026-07-06 14:30:00+00:00,62053.8,62199.1,61927.1,62015.9,1462.8102
2026-07-06 14:45:00+00:00,62015.9,62040.6,61854.2,62019.6,755.5443
2026-07-06 15:00:00+00:00,62019.6,62559.5,62019.6,62450.1,1799.7296
2026-07-06 15:15:00+00:00,62450.1,62527.9,62279.4,62427.8,1345.2553
2026-07-06 15:30:00+00:00,62427.8,62922.2,62244.0,62883.7,2075.6903
2026-07-06 15:45:00+00:00,62883.7,63531.1,62773.0,63522.8,5240.0095
2026-07-06 16:00:00+00:00,63522.8,63847.9,63359.0,63718.2,2701.1361
2026-07-06 16:15:00+00:00,63718.2,63773.6,63384.4,63442.4,1510.6559
2026-07-06 16:30:00+00:00,63442.4,63783.7,63434.0,63719.8,1008.7146
2026-07-06 16:45:00+00:00,63719.8,63768.4,63634.7,63710.4,579.1092
2026-07-06 17:00:00+00:00,63710.4,63918.4,63645.7,63827.1,894.6894
2026-07-06 17:15:00+00:00,63827.1,63970.0,63799.8,63861.2,671.3539
2026-07-06 17:30:00+00:00,63861.2,63921.0,63636.6,63684.3,615.7471
2026-07-06 17:45:00+00:00,63684.3,63739.9,63539.8,63565.0,578.4515
2026-07-06 18:00:00+00:00,63565.0,63734.9,63532.7,63670.6,549.7766
2026-07-06 18:15:00+00:00,63670.6,63867.2,63586.7,63735.2,423.628
2026-07-06 18:30:00+00:00,63735.2,63827.9,63671.6,63774.0,340.1875
2026-07-06 18:45:00+00:00,63774.0,63798.9,63660.9,63675.6,242.6606
2026-07-06 19:00:00+00:00,63675.6,63739.7,63628.0,63723.1,279.907
2026-07-06 19:15:00+00:00,63723.1,63872.4,63711.7,63814.5,409.8412
2026-07-06 19:30:00+00:00,63814.5,63833.2,63737.0,63821.1,238.3572
2026-07-06 19:45:00+00:00,63821.1,63854.6,63680.6,63709.8,363.6421
2026-07-06 20:00:00+00:00,63709.8,63727.4,63560.0,63578.2,329.3836
2026-07-06 20:15:00+00:00,63578.2,63741.2,63573.5,63734.9,222.4134
2026-07-06 20:30:00+00:00,63734.9,63866.0,63726.2,63805.7,294.3578
2026-07-06 20:45:00+00:00,63805.7,63867.9,63751.9,63798.0,206.7699
2026-07-06 21:00:00+00:00,63798.0,64693.4,63781.6,64287.4,47155.5414
2026-07-06 21:15:00+00:00,64287.4,64355.3,64169.6,64193.2,982.5103
2026-07-06 21:30:00+00:00,64193.2,64299.1,64124.1,64199.9,444.8984
2026-07-06 21:45:00+00:00,64199.9,64517.5,64141.8,64475.6,1113.9766
2026-07-06 22:00:00+00:00,64475.6,64488.7,64267.9,64346.0,459.4619
2026-07-06 22:15:00+00:00,64346.0,64463.1,64174.3,64195.1,349.6485
2026-07-06 22:30:00+00:00,64195.1,64215.0,64149.9,64188.1,151.4303
2026-07-06 22:45:00+00:00,64188.1,64279.8,64129.4,64227.1,228.8647
2026-07-06 23:00:00+00:00,64227.1,64329.3,64200.0,64255.4,243.7215
2026-07-06 23:15:00+00:00,64255.4,64268.1,64069.1,64076.6,204.7005
2026-07-06 23:30:00+00:00,64076.6,64161.6,64044.5,64048.6,198.1576
2026-07-06 23:45:00+00:00,64048.6,64103.5,64001.9,64023.5,208.5047
2026-07-07 00:00:00+00:00,64023.5,64082.8,63989.9,64009.5,297.5654
2026-07-07 00:15:00+00:00,64009.5,64298.0,63982.8,64222.8,454.5971
2026-07-07 00:30:00+00:00,64222.8,64233.2,63994.5,64059.8,398.5105
2026-07-07 00:45:00+00:00,64059.8,64254.7,64053.5,64175.1,376.4269
2026-07-07 01:00:00+00:00,64175.1,64175.1,63853.6,63949.7,690.9627
2026-07-07 01:15:00+00:00,63949.7,64029.7,63882.5,63925.1,411.8383
2026-07-07 01:30:00+00:00,63925.1,63949.9,63753.2,63929.7,819.2472
2026-07-07 01:45:00+00:00,63929.7,63995.3,63796.3,63814.9,336.1616
2026-07-07 02:00:00+00:00,63814.9,63884.0,63755.6,63798.6,349.2827
2026-07-07 02:15:00+00:00,63798.6,63854.9,63544.1,63544.2,880.8563
2026-07-07 02:30:00+00:00,63544.2,63576.6,63397.5,63569.3,631.0424
2026-07-07 02:45:00+00:00,63569.3,63591.5,63256.9,63298.1,741.2305
2026-07-07 03:00:00+00:00,63298.1,63390.6,63235.7,63300.0,478.8509
2026-07-07 03:15:00+00:00,63300.0,63350.8,63205.2,63263.6,441.405
2026-07-07 03:30:00+00:00,63263.6,63328.6,63151.3,63187.7,392.8647
2026-07-07 03:45:00+00:00,63187.7,63187.7,63122.1,63164.9,188.205
2026-07-07 04:00:00+00:00,63164.9,63238.9,63116.9,63165.0,246.926
2026-07-07 04:15:00+00:00,63165.0,63255.6,63133.4,63233.3,253.7113
2026-07-07 04:30:00+00:00,63233.3,63266.6,63120.8,63122.1,267.9699
2026-07-07 04:45:00+00:00,63122.1,63140.0,63030.6,63069.0,173.4291
2026-07-07 05:00:00+00:00,63069.0,63089.9,62755.4,62790.2,649.8749
2026-07-07 05:15:00+00:00,62790.2,62977.3,62780.3,62913.3,329.7971
2026-07-07 05:30:00+00:00,62913.3,63164.6,62912.9,63137.9,685.4344
2026-07-07 05:45:00+00:00,63137.9,63232.7,63091.5,63092.4,288.4561
2026-07-07 06:00:00+00:00,63092.4,63199.7,62954.4,63012.5,326.1707
2026-07-07 06:15:00+00:00,63012.5,63149.8,63012.5,63133.0,229.4674
2026-07-07 06:30:00+00:00,63133.0,63262.3,63106.3,63237.2,294.0661
2026-07-07 06:45:00+00:00,63237.2,63373.2,63215.0,63310.0,333.6063
2026-07-07 07:00:00+00:00,63310.0,63423.1,63274.9,63364.7,239.4278
2026-07-07 07:15:00+00:00,63364.7,63378.3,63205.0,63216.8,286.7574
2026-07-07 07:30:00+00:00,63216.8,63249.7,63061.8,63126.6,464.4977
2026-07-07 07:45:00+00:00,63126.6,63163.4,63049.9,63062.5,235.4483
2026-07-07 08:00:00+00:00,63062.5,63165.5,63004.7,63096.5,226.2525
2026-07-07 08:15:00+00:00,63096.5,63147.5,63026.4,63059.9,219.05
2026-07-07 08:30:00+00:00,63059.9,63090.7,62959.2,63073.6,292.442
2026-07-07 08:45:00+00:00,63073.6,63117.0,63000.0,63073.8,146.0031
2026-07-07 09:00:00+00:00,63073.8,63219.8,63029.9,63214.7,275.1348
2026-07-07 09:15:00+00:00,63214.7,63220.7,63141.0,63141.0,108.3438
2026-07-07 09:30:00+00:00,63141.0,63271.0,63120.0,63264.6,179.7456
2026-07-07 09:45:00+00:00,63264.6,63317.1,63203.8,63226.8,206.1079
2026-07-07 10:00:00+00:00,63226.8,63427.5,63222.3,63329.4,459.5045
2026-07-07 10:15:00+00:00,63329.4,63432.8,63272.8,63276.3,189.3281
2026-07-07 10:30:00+00:00,63276.3,63280.7,63193.7,63250.3,184.7025
2026-07-07 10:45:00+00:00,63250.3,63258.3,63202.5,63258.3,97.6608
2026-07-07 11:00:00+00:00,63258.3,63258.3,63082.5,63127.3,359.4023
2026-07-07 11:15:00+00:00,63127.3,63208.0,63093.7,63146.8,160.8786
2026-07-07 11:30:00+00:00,63146.8,63235.8,63098.3,63235.8,196.1147
2026-07-07 11:45:00+00:00,63235.8,63427.8,63235.8,63377.6,467.3073
2026-07-07 12:00:00+00:00,63377.6,63854.7,63365.6,63794.8,1268.533
2026-07-07 12:15:00+00:00,63794.8,63794.8,63612.5,63677.4,488.0955
2026-07-07 12:30:00+00:00,63677.4,63677.4,63463.4,63585.1,474.1351
2026-07-07 12:45:00+00:00,63585.1,63585.1,63424.1,63451.8,262.814
2026-07-07 13:00:00+00:00,63451.8,63455.3,63243.0,63309.1,591.6128
2026-07-07 13:15:00+00:00,63309.1,63343.2,63053.0,63093.6,652.8993
2026-07-07 13:30:00+00:00,63093.6,63231.9,62961.0,63145.2,2076.9427
2026-07-07 13:45:00+00:00,63145.2,63388.8,62984.3,63032.8,1839.3469
2026-07-07 14:00:00+00:00,63032.8,63242.7,62842.1,62958.3,2498.7965
2026-07-07 14:15:00+00:00,62958.3,63124.3,62899.8,63123.9,1585.2852
2026-07-07 14:30:00+00:00,63123.9,63223.5,62643.8,62919.4,2687.1165
2026-07-07 14:45:00+00:00,62919.4,63613.2,62919.4,63536.4,1967.4554
2026-07-07 15:00:00+00:00,63536.4,63606.7,63349.4,63488.7,1451.5516
2026-07-07 15:15:00+00:00,63488.7,63773.2,63464.1,63718.3,1206.8542
2026-07-07 15:30:00+00:00,63718.3,63959.9,63643.6,63816.1,2181.8811
2026-07-07 15:45:00+00:00,63816.1,64085.8,63816.1,63909.9,1593.7891
2026-07-07 16:00:00+00:00,63909.9,64017.9,63787.8,63852.5,792.4926
2026-07-07 16:15:00+00:00,63852.5,64049.8,63785.3,63971.3,1033.427
2026-07-07 16:30:00+00:00,63971.3,64068.6,63905.6,64027.6,563.3513
2026-07-07 16:45:00+00:00,64027.6,64230.9,63952.2,63962.3,898.2827
2026-07-07 17:00:00+00:00,63962.3,64117.1,63938.7,63995.3,503.465
2026-07-07 17:15:00+00:00,63995.3,64137.8,63868.1,64123.0,560.5846
2026-07-07 17:30:00+00:00,64123.0,64210.9,64063.1,64210.0,366.7334
2026-07-07 17:45:00+00:00,64210.0,64210.0,64099.9,64164.6,302.6052
2026-07-07 18:00:00+00:00,64164.6,64168.7,63975.2,63999.9,338.5738
2026-07-07 18:15:00+00:00,63999.9,64127.0,63946.7,63964.3,383.9436
2026-07-07 18:30:00+00:00,63964.3,64070.1,63930.5,64070.0,252.6111
2026-07-07 18:45:00+00:00,64070.0,64118.6,63646.4,63654.2,1158.216
2026-07-07 19:00:00+00:00,63654.2,63747.8,63500.9,63505.1,1137.3241
2026-07-07 19:15:00+00:00,63505.1,63659.9,63351.6,63572.4,836.1616
2026-07-07 19:30:00+00:00,63572.4,63791.8,63572.4,63773.7,550.9386
2026-07-07 19:45:00+00:00,63773.7,63873.0,63747.2,63794.8,527.4145
2026-07-07 20:00:00+00:00,63794.8,63874.5,63663.8,63759.3,406.8926
2026-07-07 20:15:00+00:00,63759.3,63788.9,63676.7,63707.5,242.3525
2026-07-07 20:30:00+00:00,63707.5,63717.2,63589.2,63651.9,227.2066
2026-07-07 20:45:00+00:00,63651.9,63676.3,63589.2,63668.3,132.3953
2026-07-07 21:00:00+00:00,63668.3,63839.8,63668.3,63754.9,363.6177
2026-07-07 21:15:00+00:00,63754.9,63754.9,63366.5,63497.5,673.7406
2026-07-07 21:30:00+00:00,63497.5,63506.8,63285.3,63376.1,405.1287
2026-07-07 21:45:00+00:00,63376.1,63496.3,63339.3,63399.4,403.5566
2026-07-07 22:00:00+00:00,63399.4,63438.5,63179.7,63425.5,759.3996
2026-07-07 22:15:00+00:00,63425.5,63487.6,63354.7,63431.5,228.7115
2026-07-07 22:30:00+00:00,63431.5,63635.2,63396.1,63577.8,261.4463
2026-07-07 22:45:00+00:00,63577.8,63577.8,63459.2,63514.9,196.1554
2026-07-07 23:00:00+00:00,63514.9,63639.2,63492.5,63609.5,261.9662
2026-07-07 23:15:00+00:00,63609.5,63679.5,63584.2,63624.1,137.5172
2026-07-07 23:30:00+00:00,63624.1,63630.9,63413.7,63413.8,135.673
2026-07-07 23:45:00+00:00,63413.8,63424.9,63287.9,63334.8,235.5568
2026-07-08 00:00:00+00:00,63334.8,63486.9,63274.1,63467.5,329.5495
2026-07-08 00:15:00+00:00,63467.5,63650.3,63378.2,63580.1,443.8015
2026-07-08 00:30:00+00:00,63580.1,63739.4,63516.4,63682.9,275.85
2026-07-08 00:45:00+00:00,63682.9,63688.2,63553.2,63585.7,306.8666
2026-07-08 01:00:00+00:00,63585.7,63623.9,63438.8,63607.4,271.1348
2026-07-08 01:15:00+00:00,63607.4,63607.4,63395.6,63395.6,211.4447
2026-07-08 01:30:00+00:00,63395.6,63426.4,62884.3,63117.4,3175.1084
2026-07-08 01:45:00+00:00,63117.4,63189.8,62936.7,63003.7,601.1413
2026-07-08 02:00:00+00:00,63003.7,63003.7,62779.8,62853.0,752.3209
2026-07-08 02:15:00+00:00,62853.0,62958.3,62777.7,62854.3,479.7508
2026-07-08 02:30:00+00:00,62854.3,62944.7,62482.5,62940.3,1422.6713
2026-07-08 02:45:00+00:00,62940.3,63036.9,62858.1,62951.3,494.8391
2026-07-08 03:00:00+00:00,62951.3,63067.8,62944.3,63036.1,473.7314
2026-07-08 03:15:00+00:00,63036.1,63036.1,62938.0,63020.4,217.1458
2026-07-08 03:30:00+00:00,63020.4,63020.4,62884.9,62918.4,309.2763
2026-07-08 03:45:00+00:00,62918.4,62918.5,62665.9,62740.8,520.2396
2026-07-08 04:00:00+00:00,62740.8,62831.0,62700.0,62769.3,416.3409
2026-07-08 04:15:00+00:00,62769.3,62869.0,62766.0,62843.8,268.6276
2026-07-08 04:30:00+00:00,62843.8,62873.3,62680.3,62710.5,287.4719
2026-07-08 04:45:00+00:00,62710.5,62784.7,62643.5,62766.9,273.8549
2026-07-08 05:00:00+00:00,62766.9,62851.0,62716.9,62770.2,257.5536
2026-07-08 05:15:00+00:00,62770.2,62822.7,62687.9,62745.0,198.1451
2026-07-08 05:30:00+00:00,62745.0,62752.5,62585.0,62589.9,379.4841
2026-07-08 05:45:00+00:00,62589.9,62660.8,62520.3,62613.8,339.9795
2026-07-08 06:00:00+00:00,62613.8,62622.5,62530.6,62599.0,282.5833
2026-07-08 06:15:00+00:00,62599.0,62679.4,62444.4,62592.1,683.0177
2026-07-08 06:30:00+00:00,62592.1,62608.1,62442.2,62513.6,459.2348
2026-07-08 06:45:00+00:00,62513.6,62718.2,62495.8,62628.4,383.3199
2026-07-08 07:00:00+00:00,62628.4,62724.1,62519.3,62715.0,592.4052
2026-07-08 07:15:00+00:00,62715.0,62806.4,62643.1,62780.1,647.1632
2026-07-08 07:30:00+00:00,62780.1,62850.1,62732.0,62797.2,194.3852
2026-07-08 07:45:00+00:00,62797.2,62867.6,62769.8,62854.0,178.2414
2026-07-08 08:00:00+00:00,62854.0,62915.1,62756.2,62805.5,453.8079
2026-07-08 08:15:00+00:00,62805.5,62823.7,62049.9,62052.7,3247.4988
2026-07-08 08:30:00+00:00,62052.7,62129.4,61822.9,62021.2,1895.6902
2026-07-08 08:45:00+00:00,62021.2,62311.2,61970.1,61989.7,1306.5888
2026-07-08 09:00:00+00:00,61989.7,62088.9,61855.6,61855.6,827.0649
2026-07-08 09:15:00+00:00,61855.6,61912.6,61709.7,61909.7,1132.9838
2026-07-08 09:30:00+00:00,61909.7,62142.8,61906.8,62113.1,644.4679
2026-07-08 09:45:00+00:00,62113.1,62113.3,62017.7,62031.6,305.9304
2026-07-08 10:00:00+00:00,62031.6,62068.4,61875.9,61976.1,454.4659
2026-07-08 10:15:00+00:00,61976.1,62090.2,61950.0,62090.2,272.4793
2026-07-08 10:30:00+00:00,62090.2,62144.7,62034.4,62117.6,249.8232
2026-07-08 10:45:00+00:00,62117.6,62164.6,62066.2,62149.8,220.6591
2026-07-08 11:00:00+00:00,62149.8,62158.9,62040.1,62086.9,410.311
2026-07-08 11:15:00+00:00,62086.9,62139.4,62023.9,62096.4,201.3772
2026-07-08 11:30:00+00:00,62096.4,62365.0,62053.2,62304.1,8004.252
2026-07-08 11:45:00+00:00,62304.1,62328.5,62199.9,62269.9,496.3779
2026-07-08 12:00:00+00:00,62269.9,62393.9,62172.9,62286.3,528.375
2026-07-08 12:15:00+00:00,62286.3,62341.8,62193.5,62251.9,296.4291
2026-07-08 12:30:00+00:00,62251.9,62275.1,62059.8,62074.8,434.8302
2026-07-08 12:45:00+00:00,62074.8,62129.7,61933.0,61933.7,406.5698
2026-07-08 13:00:00+00:00,61933.7,61977.3,61821.8,61895.6,577.7643
2026-07-08 13:15:00+00:00,61895.6,61917.5,61733.1,61806.5,431.4291
2026-07-08 13:30:00+00:00,61806.5,62073.5,61806.5,61935.8,2274.7556
2026-07-08 13:45:00+00:00,61935.8,61941.0,61615.0,61922.9,1892.6797
2026-07-08 14:00:00+00:00,61922.9,62122.5,61889.3,62016.0,1527.1926
2026-07-08 14:15:00+00:00,62016.0,62150.4,61799.8,61969.9,1294.8557
2026-07-08 14:30:00+00:00,61969.9,62011.5,61825.4,61887.0,1146.6421
2026-07-08 14:45:00+00:00,61887.0,62021.7,61686.6,61865.5,1741.661
2026-07-08 15:00:00+00:00,61865.5,61899.8,61562.8,61589.8,742.6336
2026-07-08 15:15:00+00:00,61589.8,61697.6,61521.7,61605.5,847.7247
2026-07-08 15:30:00+00:00,61605.5,61779.1,61566.3,61599.8,735.4429
2026-07-08 15:45:00+00:00,61599.8,61708.3,61569.2,61674.5,411.8529
2026-07-08 16:00:00+00:00,61674.5,61875.1,61665.9,61809.6,634.5317
2026-07-08 16:15:00+00:00,61809.6,61963.6,61761.9,61889.9,425.9069
2026-07-08 16:30:00+00:00,61889.9,62063.1,61759.3,62028.7,907.8184
2026-07-08 16:45:00+00:00,62028.7,62129.7,61985.6,62086.2,343.1737
2026-07-08 17:00:00+00:00,62086.2,62126.6,62005.1,62035.4,349.7932
2026-07-08 17:15:00+00:00,62035.4,62285.9,62021.9,62278.9,443.0472
2026-07-08 17:30:00+00:00,62278.9,62372.5,62217.8,62240.0,433.4167
2026-07-08 17:45:00+00:00,62240.0,62248.7,62030.0,62086.3,388.1722
2026-07-08 18:00:00+00:00,62086.3,62284.2,62066.9,62268.9,546.8405
2026-07-08 18:15:00+00:00,62268.9,62330.9,62161.3,62166.4,398.3665
2026-07-08 18:30:00+00:00,62166.4,62166.4,62014.3,62070.5,573.3485
2026-07-08 18:45:00+00:00,62070.5,62256.3,62050.9,62158.7,326.7967
2026-07-08 19:00:00+00:00,62158.7,62249.6,62069.8,62073.1,324.1151
2026-07-08 19:15:00+00:00,62073.1,62221.3,62043.0,62212.3,266.6776
2026-07-08 19:30:00+00:00,62212.3,62264.6,62181.0,62261.7,240.226
2026-07-08 19:45:00+00:00,62261.7,62270.2,62096.3,62251.9,460.8252
2026-07-08 20:00:00+00:00,62251.9,62287.4,62155.4,62228.0,244.0908
2026-07-08 20:15:00+00:00,62228.0,62243.6,62118.7,62243.5,178.9923
2026-07-08 20:30:00+00:00,62243.5,62248.5,62080.7,62166.0,230.4452
2026-07-08 20:45:00+00:00,62166.0,62213.3,62051.2,62076.2,176.6304
2026-07-08 21:00:00+00:00,62076.2,62118.8,61928.3,61977.5,263.7789
2026-07-08 21:15:00+00:00,61977.5,62078.6,61952.7,62078.5,159.1874
2026-07-08 21:30:00+00:00,62078.5,62126.8,62022.7,62070.4,350.1499
2026-07-08 21:45:00+00:00,62070.4,62226.2,62046.2,62162.2,720.0661
2026-07-08 22:00:00+00:00,62162.2,62326.6,62149.8,62183.3,316.5497
2026-07-08 22:15:00+00:00,62183.3,62276.1,62144.2,62276.1,135.2926
2026-07-08 22:30:00+00:00,62276.1,62308.8,62211.4,62294.6,204.1492
2026-07-08 22:45:00+00:00,62294.6,62307.6,62224.9,62303.4,94.9659
2026-07-08 23:00:00+00:00,62303.4,62320.4,62250.0,62298.4,118.4262
2026-07-08 23:15:00+00:00,62298.4,62298.4,62174.3,62233.3,130.7011
2026-07-08 23:30:00+00:00,62233.3,62238.0,62139.2,62229.2,186.675
2026-07-08 23:45:00+00:00,62229.2,62298.6,62192.3,62255.0,167.9786
2026-07-09 00:00:00+00:00,62255.0,62284.4,62121.7,62210.3,306.1978
2026-07-09 00:15:00+00:00,62210.3,62229.4,62080.1,62165.3,166.9381
2026-07-09 00:30:00+00:00,62165.3,62258.8,62055.0,62174.6,338.3946
2026-07-09 00:45:00+00:00,62174.6,62219.8,62025.4,62101.7,239.2379
2026-07-09 01:00:00+00:00,62101.7,62619.7,62083.5,62375.3,2451.9985
2026-07-09 01:15:00+00:00,62375.3,62521.8,62327.2,62365.5,649.3522
2026-07-09 01:30:00+00:00,62365.5,62387.0,62027.1,62087.8,826.5121
2026-07-09 01:45:00+00:00,62087.8,62093.8,61804.9,61882.1,842.676
2026-07-09 02:00:00+00:00,61882.1,62063.6,61775.0,62048.2,520.3701
2026-07-09 02:15:00+00:00,62048.2,62097.9,61921.4,61978.9,441.0876
2026-07-09 02:30:00+00:00,61978.9,62007.0,61768.2,61780.0,372.2529
2026-07-09 02:45:00+00:00,61780.0,61821.3,61665.9,61753.7,468.1418
2026-07-09 03:00:00+00:00,61753.7,61836.3,61693.0,61825.3,429.4148
2026-07-09 03:15:00+00:00,61825.3,61919.9,61704.3,61887.9,386.1289
2026-07-09 03:30:00+00:00,61887.9,62042.6,61846.2,61949.8,310.5846
2026-07-09 03:45:00+00:00,61949.8,61978.6,61879.0,61943.0,194.2141
2026-07-09 04:00:00+00:00,61943.0,62067.8,61928.9,61999.9,353.9143
2026-07-09 04:15:00+00:00,61999.9,62088.7,61978.3,62063.2,320.2261
2026-07-09 04:30:00+00:00,62063.2,62276.9,62056.8,62276.9,350.0532
2026-07-09 04:45:00+00:00,62276.9,62427.7,62247.6,62420.3,339.5428
2026-07-09 05:00:00+00:00,62420.3,62599.1,62335.2,62474.2,820.7902
2026-07-09 05:15:00+00:00,62474.2,62511.1,62239.9,62278.3,435.2938
2026-07-09 05:30:00+00:00,62278.3,62382.8,62204.9,62352.7,266.3106
2026-07-09 05:45:00+00:00,62352.7,62565.8,62326.8,62565.7,305.0552
2026-07-09 06:00:00+00:00,62565.7,62747.9,62452.0,62505.0,594.6435
2026-07-09 06:15:00+00:00,62505.0,62841.4,62466.6,62798.9,1034.5306
2026-07-09 06:30:00+00:00,62798.9,62831.0,62725.1,62829.8,344.9993
2026-07-09 06:45:00+00:00,62829.8,62957.5,62787.5,62934.3,519.7771
2026-07-09 07:00:00+00:00,62934.3,63161.6,62806.6,62918.2,1074.1135
2026-07-09 07:15:00+00:00,62918.2,63067.3,62821.1,62889.3,451.4964
2026-07-09 07:30:00+00:00,62889.3,63022.7,62774.2,63014.7,398.1509
2026-07-09 07:45:00+00:00,63014.7,63260.5,62933.3,62973.6,860.0874
2026-07-09 08:00:00+00:00,62973.6,62998.9,62885.0,62929.3,369.9194
2026-07-09 08:15:00+00:00,62929.3,63028.1,62900.8,63020.0,263.0503
2026-07-09 08:30:00+00:00,63020.0,63074.2,62947.0,63010.6,237.5214
2026-07-09 08:45:00+00:00,63010.6,63015.0,62822.7,62872.6,283.3804
2026-07-09 09:00:00+00:00,62872.6,62919.5,62790.2,62837.7,201.7358
2026-07-09 09:15:00+00:00,62837.7,62912.9,62800.5,62895.5,199.5878
2026-07-09 09:30:00+00:00,62895.5,62980.4,62760.0,62777.4,385.9454
2026-07-09 09:45:00+00:00,62777.4,62943.4,62761.6,62924.8,233.071
2026-07-09 10:00:00+00:00,62924.8,63030.4,62877.7,62979.5,217.938
2026-07-09 10:15:00+00:00,62979.5,62989.9,62843.1,62854.2,160.9046
2026-07-09 10:30:00+00:00,62854.2,62922.2,62823.5,62877.3,175.9824
2026-07-09 10:45:00+00:00,62877.3,62877.3,62653.8,62757.2,420.9997
2026-07-09 11:00:00+00:00,62757.2,62804.7,62720.4,62775.2,320.5537
2026-07-09 11:15:00+00:00,62775.2,62775.2,62638.1,62680.0,330.4826
2026-07-09 11:30:00+00:00,62680.0,62708.7,62583.4,62631.0,374.2214
2026-07-09 11:45:00+00:00,62631.0,62794.5,62589.0,62755.8,273.7097
2026-07-09 12:00:00+00:00,62755.8,62857.7,62626.8,62749.9,501.7873
2026-07-09 12:15:00+00:00,62749.9,62824.4,62587.1,62783.3,7293.493
2026-07-09 12:30:00+00:00,62783.3,62934.1,62543.0,62587.7,1651.3769
2026-07-09 12:45:00+00:00,62587.7,62645.4,62428.4,62583.2,872.7919
2026-07-09 13:00:00+00:00,62583.2,62896.9,62583.0,62844.4,666.5779
2026-07-09 13:15:00+00:00,62844.4,62848.7,62660.9,62697.9,533.0514
2026-07-09 13:30:00+00:00,62697.9,62943.1,62490.0,62943.1,1694.892
2026-07-09 13:45:00+00:00,62943.1,63214.4,62783.4,62999.9,1745.1802
2026-07-09 14:00:00+00:00,62999.9,63117.9,62826.8,62893.8,1223.9747
2026-07-09 14:15:00+00:00,62893.8,62893.8,62632.0,62852.9,1385.1802
2026-07-09 14:30:00+00:00,62852.9,62973.6,62712.9,62885.2,791.8267
2026-07-09 14:45:00+00:00,62885.2,63016.7,62784.0,62982.4,727.449
2026-07-09 15:00:00+00:00,62982.4,63174.8,62889.6,63065.3,900.8944
2026-07-09 15:15:00+00:00,63065.3,63233.0,62911.2,62961.7,875.7584
2026-07-09 15:30:00+00:00,62961.7,63062.0,62850.1,62947.7,638.2717
2026-07-09 15:45:00+00:00,62947.7,63021.5,62782.4,62835.4,375.6656
2026-07-09 16:00:00+00:00,62835.4,62969.3,62797.9,62823.8,334.6999
2026-07-09 16:15:00+00:00,62823.8,62855.9,62526.4,62681.8,676.0567
2026-07-09 16:30:00+00:00,62681.8,62768.0,62654.5,62706.0,431.2486
2026-07-09 16:45:00+00:00,62706.0,62716.2,62580.7,62670.6,326.0144
2026-07-09 17:00:00+00:00,62670.6,62777.8,62640.2,62681.1,376.5488
2026-07-09 17:15:00+00:00,62681.1,62830.5,62680.1,62815.6,265.4649
2026-07-09 17:30:00+00:00,62815.6,63029.5,62730.1,63004.4,778.7196
2026-07-09 17:45:00+00:00,63004.4,63140.3,62991.5,63114.6,471.1604
2026-07-09 18:00:00+00:00,63114.6,63482.5,63041.8,63367.0,1690.0248
2026-07-09 18:15:00+00:00,63367.0,63397.4,63222.2,63363.6,548.3651
2026-07-09 18:30:00+00:00,63363.6,63400.1,63235.5,63298.6,470.5595
2026-07-09 18:45:00+00:00,63298.6,63332.9,63162.8,63199.7,302.8019
2026-07-09 19:00:00+00:00,63199.7,63253.8,63164.4,63187.8,324.0806
2026-07-09 19:15:00+00:00,63187.8,63258.1,63129.8,63240.6,258.2327
2026-07-09 19:30:00+00:00,63240.6,63356.4,63200.9,63338.9,300.9338
2026-07-09 19:45:00+00:00,63338.9,63362.4,63200.9,63222.7,407.9675
2026-07-09 20:00:00+00:00,63222.7,63263.7,63148.0,63171.2,312.7593
2026-07-09 20:15:00+00:00,63171.2,63299.7,63161.2,63255.5,143.8095
2026-07-09 20:30:00+00:00,63255.5,63300.0,63223.6,63288.8,132.1359
2026-07-09 20:45:00+00:00,63288.8,63299.9,63217.3,63288.6,110.2081
2026-07-09 21:00:00+00:00,63288.6,63371.6,63254.4,63290.8,217.2239
2026-07-09 21:15:00+00:00,63290.8,63320.9,63215.9,63225.4,71.212
2026-07-09 21:30:00+00:00,63225.4,63253.7,63178.1,63205.1,116.9477
2026-07-09 21:45:00+00:00,63205.1,63263.2,63192.4,63248.9,209.7151
2026-07-09 22:00:00+00:00,63248.9,63317.2,63206.5,63222.3,217.2038
2026-07-09 22:15:00+00:00,63222.3,63353.1,63222.2,63315.5,153.1806
2026-07-09 22:30:00+00:00,63315.5,63395.6,63232.7,63332.9,195.0766
2026-07-09 22:45:00+00:00,63332.9,63369.5,63180.7,63186.1,129.4071
2026-07-09 23:00:00+00:00,63186.1,63227.4,63145.6,63148.9,92.2498
2026-07-09 23:15:00+00:00,63148.9,63299.7,63031.9,63198.3,446.7434
2026-07-09 23:30:00+00:00,63198.3,63272.6,63124.3,63260.0,217.4206
2026-07-09 23:45:00+00:00,63260.0,63295.2,63197.0,63197.0,146.6351
2026-07-10 00:00:00+00:00,63197.0,63228.6,63099.9,63199.8,257.7325
2026-07-10 00:15:00+00:00,63199.8,63229.9,63043.9,63075.7,288.7719
2026-07-10 00:30:00+00:00,63075.7,63148.6,62897.1,63019.9,587.9704
2026-07-10 00:45:00+00:00,63019.9,63093.9,62966.1,63085.1,210.7565
2026-07-10 01:00:00+00:00,63085.1,63107.9,62931.5,63104.8,305.061
2026-07-10 01:15:00+00:00,63104.8,63378.1,63103.9,63372.5,520.751
2026-07-10 01:30:00+00:00,63372.5,63435.8,63303.2,63362.2,321.4672
2026-07-10 01:45:00+00:00,63362.2,63934.7,63351.6,63726.6,10050.5091
2026-07-10 02:00:00+00:00,63726.6,63863.9,63662.5,63844.8,756.1673
2026-07-10 02:15:00+00:00,63844.8,63926.0,63780.0,63785.1,286.0546
2026-07-10 02:30:00+00:00,63785.1,63897.2,63742.9,63840.7,256.5918
2026-07-10 02:45:00+00:00,63840.7,64021.9,63811.4,63935.0,415.5028
2026-07-10 03:00:00+00:00,63935.0,63959.3,63815.7,63897.2,227.3661
2026-07-10 03:15:00+00:00,63897.2,63897.3,63812.7,63820.4,170.8296
2026-07-10 03:30:00+00:00,63820.4,63914.9,63788.9,63910.7,183.7101
2026-07-10 03:45:00+00:00,63910.7,64019.3,63878.2,63917.2,227.597
2026-07-10 04:00:00+00:00,63917.2,63999.9,63904.7,63944.8,221.1026
2026-07-10 04:15:00+00:00,63944.8,64031.6,63856.5,63859.2,193.8787
2026-07-10 04:30:00+00:00,63859.2,64137.5,63826.4,64069.9,466.3516
2026-07-10 04:45:00+00:00,64069.9,64162.5,64002.9,64019.2,234.6211
2026-07-10 05:00:00+00:00,64019.2,64019.2,63924.9,63957.2,195.7876
2026-07-10 05:15:00+00:00,63957.2,63989.7,63914.9,63950.0,139.2284
2026-07-10 05:30:00+00:00,63950.0,64180.6,63934.4,64154.3,320.9758
2026-07-10 05:45:00+00:00,64154.3,64157.8,64051.5,64089.9,193.2729
2026-07-10 06:00:00+00:00,64089.9,64138.6,64000.5,64006.0,193.1564
2026-07-10 06:15:00+00:00,64006.0,64019.3,63839.2,63881.6,148.5466
2026-07-10 06:30:00+00:00,63881.6,63923.0,63835.0,63861.3,222.1219
2026-07-10 06:45:00+00:00,63861.3,63900.0,63804.8,63832.6,204.2503
2026-07-10 07:00:00+00:00,63832.6,63895.4,63768.3,63895.4,186.0164
2026-07-10 07:15:00+00:00,63895.4,63980.0,63834.4,63939.6,163.6107
2026-07-10 07:30:00+00:00,63939.6,63939.6,63882.2,63927.0,66.5345
2026-07-10 07:45:00+00:00,63927.0,63980.0,63899.9,63956.1,84.2756
2026-07-10 08:00:00+00:00,63956.1,64015.7,63949.0,63999.8,153.697
2026-07-10 08:15:00+00:00,63999.8,64380.0,63999.8,64309.9,1298.5163
2026-07-10 08:30:00+00:00,64309.9,64348.7,64146.7,64173.7,628.5672
2026-07-10 08:45:00+00:00,64173.7,64261.4,64107.7,64211.4,385.0136
2026-07-10 09:00:00+00:00,64211.4,64231.7,64067.3,64182.9,253.228
2026-07-10 09:15:00+00:00,64182.9,64388.1,64173.7,64387.9,248.5784
2026-07-10 09:30:00+00:00,64387.9,64448.0,64330.4,64439.1,568.2389
2026-07-10 09:45:00+00:00,64439.1,64459.7,64352.3,64360.3,189.0459
2026-07-10 10:00:00+00:00,64360.3,64381.7,64244.4,64275.0,144.0696
2026-07-10 10:15:00+00:00,64275.0,64411.5,64255.2,64405.8,238.2305
2026-07-10 10:30:00+00:00,64405.8,64477.3,64339.4,64449.7,315.5189
2026-07-10 10:45:00+00:00,64449.7,64468.0,64373.9,64374.0,153.947
2026-07-10 11:00:00+00:00,64374.0,64449.9,64363.2,64418.8,245.9558
2026-07-10 11:15:00+00:00,64418.8,64444.8,64328.8,64394.5,195.3663
2026-07-10 11:30:00+00:00,64394.5,64394.5,64308.8,64367.0,246.1246
2026-07-10 11:45:00+00:00,64367.0,64450.1,64354.8,64394.1,202.4054
2026-07-10 12:00:00+00:00,64394.1,64583.9,64297.8,64513.8,2277.0197
2026-07-10 12:15:00+00:00,64513.8,64517.6,64339.8,64465.8,377.3835
2026-07-10 12:30:00+00:00,64465.8,64491.8,64322.9,64330.6,289.8321
2026-07-10 12:45:00+00:00,64330.6,64358.4,64236.2,64258.8,226.2064
2026-07-10 13:00:00+00:00,64258.8,64317.6,64212.9,64219.7,240.6035
2026-07-10 13:15:00+00:00,64219.7,64254.5,64130.3,64138.5,342.1975
2026-07-10 13:30:00+00:00,64138.5,64420.3,64128.1,64355.3,1607.4583
2026-07-10 13:45:00+00:00,64355.3,64678.4,64348.1,64453.5,1512.2322
2026-07-10 14:00:00+00:00,64453.5,64491.5,64167.9,64187.2,1105.2218
2026-07-10 14:15:00+00:00,64187.2,64232.3,63932.2,64110.9,1290.0476
2026-07-10 14:30:00+00:00,64110.9,64307.0,63768.8,64078.4,45540.5035
2026-07-10 14:45:00+00:00,64078.4,64123.3,63871.2,63897.7,740.7669
2026-07-10 15:00:00+00:00,63897.7,64059.8,63875.4,63962.0,880.7304
2026-07-10 15:15:00+00:00,63962.0,64196.0,63962.0,64118.3,731.327
2026-07-10 15:30:00+00:00,64118.3,64143.4,63917.3,63932.3,402.8436
2026-07-10 15:45:00+00:00,63932.3,64022.8,63911.0,64022.8,308.8522
2026-07-10 16:00:00+00:00,64022.8,64067.8,63932.0,64035.6,377.6464
2026-07-10 16:15:00+00:00,64035.6,64143.9,63968.3,63984.2,309.3955
2026-07-10 16:30:00+00:00,63984.2,64015.8,63802.4,63919.8,356.3238
2026-07-10 16:45:00+00:00,63919.8,64203.2,63890.4,64118.9,400.7974
2026-07-10 17:00:00+00:00,64118.9,64139.5,63925.2,63939.9,285.1159
2026-07-10 17:15:00+00:00,63939.9,63998.5,63842.9,63955.2,233.648
2026-07-10 17:30:00+00:00,63955.2,63955.2,63829.9,63863.4,223.9101
2026-07-10 17:45:00+00:00,63863.4,63920.0,63803.4,63804.0,199.268
2026-07-10 18:00:00+00:00,63804.0,63988.7,63804.0,63869.1,313.2071
2026-07-10 18:15:00+00:00,63869.1,63949.4,63826.7,63902.8,166.4231
2026-07-10 18:30:00+00:00,63902.8,63926.1,63844.9,63865.2,154.3243
2026-07-10 18:45:00+00:00,63865.2,63865.5,63718.0,63791.9,269.7248
2026-07-10 19:00:00+00:00,63791.9,63883.1,63763.4,63861.4,144.9337
2026-07-10 19:15:00+00:00,63861.4,63905.6,63755.8,63842.2,280.4962
2026-07-10 19:30:00+00:00,63842.2,64029.8,63826.0,63963.3,523.3307
2026-07-10 19:45:00+00:00,63963.3,63999.9,63883.6,63900.3,255.1796
2026-07-10 20:00:00+00:00,63900.3,63909.1,63809.9,63809.9,109.8991
2026-07-10 20:15:00+00:00,63809.9,63886.0,63620.0,63708.3,1048.9548
2026-07-10 20:30:00+00:00,63708.3,63891.2,63691.5,63862.5,283.3984
2026-07-10 20:45:00+00:00,63862.5,63862.5,63819.8,63819.9,63.4943
2026-07-10 21:00:00+00:00,63819.9,63958.5,63813.4,63926.2,142.9894
2026-07-10 21:15:00+00:00,63926.2,63997.8,63911.0,63985.3,135.9189
2026-07-10 21:30:00+00:00,63985.3,64081.0,63965.8,64016.8,279.6524
2026-07-10 21:45:00+00:00,64016.8,64016.9,63959.9,63987.5,138.4538
2026-07-10 22:00:00+00:00,63987.5,64032.9,63953.8,64021.4,174.3422
2026-07-10 22:15:00+00:00,64021.4,64115.7,63986.1,64100.7,273.624
2026-07-10 22:30:00+00:00,64100.7,64134.8,64099.8,64100.9,93.138
2026-07-10 22:45:00+00:00,64100.9,64142.6,64050.2,64089.7,160.8872
2026-07-10 23:00:00+00:00,64089.7,64092.7,63989.1,64092.7,229.6483
2026-07-10 23:15:00+00:00,64092.7,64176.1,64079.9,64161.1,129.6909
2026-07-10 23:30:00+00:00,64161.1,64176.9,64128.1,64167.9,83.2113
2026-07-10 23:45:00+00:00,64167.9,64170.5,64086.3,64129.4,89.2893
2026-07-11 00:00:00+00:00,64129.4,64137.0,64031.1,64036.9,252.4178
2026-07-11 00:15:00+00:00,64036.9,64099.9,63999.9,64075.4,84.2896
2026-07-11 00:30:00+00:00,64075.4,64118.0,64017.8,64117.9,87.8245
2026-07-11 00:45:00+00:00,64117.9,64117.9,64058.0,64090.0,55.1591
2026-07-11 01:00:00+00:00,64090.0,64130.7,64066.6,64103.8,97.1991
2026-07-11 01:15:00+00:00,64103.8,64286.7,64095.1,64199.9,286.6739
2026-07-11 01:30:00+00:00,64199.9,64235.0,63971.1,64019.3,332.3699
2026-07-11 01:45:00+00:00,64019.3,64080.0,63966.3,63979.0,222.5743
2026-07-11 02:00:00+00:00,63979.0,64032.8,63950.0,63973.9,145.6269
2026-07-11 02:15:00+00:00,63973.9,64045.8,63964.4,64004.2,91.3056
2026-07-11 02:30:00+00:00,64004.2,64120.2,64000.2,64113.0,64.189
2026-07-11 02:45:00+00:00,64113.0,64137.7,64103.6,64130.5,73.3744
2026-07-11 03:00:00+00:00,64130.5,64159.9,64083.9,64154.6,74.6428
2026-07-11 03:15:00+00:00,64154.6,64168.9,64037.4,64086.0,857.5761
2026-07-11 03:30:00+00:00,64086.0,64158.4,64086.0,64129.1,42.047
2026-07-11 03:45:00+00:00,64129.1,64160.0,64117.0,64117.2,64.6783
2026-07-11 04:00:00+00:00,64117.2,64117.2,64053.7,64087.4,42.8696
2026-07-11 04:15:00+00:00,64087.4,64140.1,64047.2,64108.5,65.0138
2026-07-11 04:30:00+00:00,64108.5,64180.0,64102.0,64120.9,106.251
2026-07-11 04:45:00+00:00,64120.9,64140.0,64076.4,64123.3,151.6904
2026-07-11 05:00:00+00:00,64123.3,64169.4,64085.2,64134.5,98.9645
2026-07-11 05:15:00+00:00,64134.5,64172.6,64105.1,64166.6,60.0944
2026-07-11 05:30:00+00:00,64166.6,64198.6,64129.7,64152.3,97.035
2026-07-11 05:45:00+00:00,64152.3,64165.9,64110.0,64141.5,76.4334
2026-07-11 06:00:00+00:00,64141.5,64179.8,64091.6,64149.1,128.1702
2026-07-11 06:15:00+00:00,64149.1,64249.9,64149.1,64194.1,137.0365
2026-07-11 06:30:00+00:00,64194.1,64238.6,64183.5,64183.6,68.1065
2026-07-11 06:45:00+00:00,64183.6,64213.3,64167.0,64186.5,58.8426
2026-07-11 07:00:00+00:00,64186.5,64197.6,64141.5,64183.9,62.1068
2026-07-11 07:15:00+00:00,64183.9,64224.0,64160.2,64188.3,67.4854
2026-07-11 07:30:00+00:00,64188.3,64208.8,64146.8,64146.8,57.7363
2026-07-11 07:45:00+00:00,64146.8,64146.8,64118.5,64132.5,52.526
2026-07-11 08:00:00+00:00,64132.5,64223.8,64122.8,64201.2,146.4134
2026-07-11 08:15:00+00:00,64201.2,64241.4,64194.9,64219.1,60.0605
2026-07-11 08:30:00+00:00,64219.1,64279.9,64209.6,64255.1,95.3568
2026-07-11 08:45:00+00:00,64255.1,64255.1,64203.4,64239.6,49.0137
2026-07-11 09:00:00+00:00,64239.6,64248.7,64185.6,64190.0,42.4951
2026-07-11 09:15:00+00:00,64190.0,64244.9,64190.0,64244.9,34.7854
2026-07-11 09:30:00+00:00,64244.9,64272.6,64165.3,64165.3,83.2607
2026-07-11 09:45:00+00:00,64165.3,64165.3,64129.0,64142.9,74.6404
2026-07-11 10:00:00+00:00,64142.9,64184.9,64131.5,64180.2,53.5866
2026-07-11 10:15:00+00:00,64180.2,64180.2,64123.4,64159.1,53.2697
2026-07-11 10:30:00+00:00,64159.1,64162.7,64110.1,64115.6,65.3275
2026-07-11 10:45:00+00:00,64115.6,64169.2,64115.6,64163.9,44.6999
2026-07-11 11:00:00+00:00,64163.9,64192.7,64147.1,64190.1,88.5564
2026-07-11 11:15:00+00:00,64190.1,64190.2,64146.3,64154.0,36.2466
2026-07-11 11:30:00+00:00,64154.0,64192.6,64152.0,64162.3,41.4591
2026-07-11 11:45:00+00:00,64162.3,64178.5,64153.7,64176.0,37.9959
2026-07-11 12:00:00+00:00,64176.0,64200.0,64131.9,64192.0,80.6087
2026-07-11 12:15:00+00:00,64192.0,64207.0,64145.3,64154.3,96.3038
2026-07-11 12:30:00+00:00,64154.3,64154.3,64111.9,64118.2,51.7536
2026-07-11 12:45:00+00:00,64118.2,64174.1,64118.1,64168.4,58.7499
2026-07-11 13:00:00+00:00,64168.4,64184.0,64145.9,64165.8,68.6369
2026-07-11 13:15:00+00:00,64165.8,64194.2,64144.3,64173.2,49.11
2026-07-11 13:30:00+00:00,64173.2,64244.3,64167.6,64219.5,105.2229
2026-07-11 13:45:00+00:00,64219.5,64244.0,64208.1,64213.9,48.5413
2026-07-11 14:00:00+00:00,64213.9,64253.6,64213.9,64238.0,76.4538
2026-07-11 14:15:00+00:00,64238.0,64431.4,64237.9,64358.8,388.516
2026-07-11 14:30:00+00:00,64358.8,64489.8,64358.8,64395.9,427.9616
2026-07-11 14:45:00+00:00,64395.9,64410.1,64319.9,64321.0,124.593
2026-07-11 15:00:00+00:00,64321.0,64461.3,64315.1,64433.5,493.2383
2026-07-11 15:15:00+00:00,64433.5,64452.2,64377.9,64402.3,175.3855
2026-07-11 15:30:00+00:00,64402.3,64429.9,63779.3,64066.3,27888.9713
2026-07-11 15:45:00+00:00,64066.3,64163.9,63973.4,64139.0,563.5354
2026-07-11 16:00:00+00:00,64139.0,64187.9,64051.9,64156.8,300.3133
2026-07-11 16:15:00+00:00,64156.8,64199.9,64117.1,64188.6,133.8932
2026-07-11 16:30:00+00:00,64188.6,64245.1,64083.2,64114.0,192.8862
2026-07-11 16:45:00+00:00,64114.0,64154.2,64069.9,64148.1,132.7964
2026-07-11 17:00:00+00:00,64148.1,64200.0,64133.3,64174.9,66.3759
2026-07-11 17:15:00+00:00,64174.9,64279.1,64160.9,64272.9,86.511
2026-07-11 17:30:00+00:00,64272.9,64375.8,64271.3,64329.8,228.9276
2026-07-11 17:45:00+00:00,64329.8,64356.4,64286.3,64289.9,79.4281
2026-07-11 18:00:00+00:00,64289.9,64319.8,64258.0,64279.1,97.4656
2026-07-11 18:15:00+00:00,64279.1,64368.5,64279.0,64314.5,138.5371
2026-07-11 18:30:00+00:00,64314.5,64335.1,64293.3,64327.2,61.141
2026-07-11 18:45:00+00:00,64327.2,64327.2,64260.1,64299.6,60.7382
2026-07-11 19:00:00+00:00,64299.6,64299.7,64263.9,64289.8,68.8507
2026-07-11 19:15:00+00:00,64289.8,64313.1,64206.5,64206.6,87.1508
2026-07-11 19:30:00+00:00,64206.6,64257.0,64205.6,64246.1,92.165
2026-07-11 19:45:00+00:00,64246.1,64268.0,64233.1,64261.9,33.1433
2026-07-11 20:00:00+00:00,64261.9,64326.1,64261.9,64300.8,48.6259
2026-07-11 20:15:00+00:00,64300.8,64340.1,64300.7,64328.6,70.8582
2026-07-11 20:30:00+00:00,64328.6,64438.8,64316.9,64388.6,119.8691
2026-07-11 20:45:00+00:00,64388.6,64399.0,64351.8,64353.1,66.7875
2026-07-11 21:00:00+00:00,64353.1,64404.7,64319.9,64320.0,52.5574
2026-07-11 21:15:00+00:00,64320.0,64367.6,64318.6,64338.9,48.9994
2026-07-11 21:30:00+00:00,64338.9,64348.7,64314.8,64325.5,38.8618
2026-07-11 21:45:00+00:00,64325.5,64358.2,64309.8,64325.4,42.021
2026-07-11 22:00:00+00:00,64325.4,64405.0,64304.8,64333.9,110.1879
2026-07-11 22:15:00+00:00,64333.9,64336.1,64171.1,64222.8,205.9841
2026-07-11 22:30:00+00:00,64222.8,64281.7,64154.1,64190.9,123.9739
2026-07-11 22:45:00+00:00,64190.9,64199.9,64110.5,64169.0,110.1909
2026-07-11 23:00:00+00:00,64169.0,64223.1,64058.2,64101.4,147.8641
2026-07-11 23:15:00+00:00,64101.4,64156.0,63785.7,63901.6,688.9411
2026-07-11 23:30:00+00:00,63901.6,63935.0,63783.2,63925.9,419.4903
2026-07-11 23:45:00+00:00,63925.9,63994.1,63777.9,63782.9,256.3615
2026-07-12 00:00:00+00:00,63782.9,63884.8,63754.8,63762.9,340.3364
2026-07-12 00:15:00+00:00,63762.9,63882.4,63734.9,63802.1,336.3986
2026-07-12 00:30:00+00:00,63802.1,63836.7,63667.0,63768.0,463.7255
2026-07-12 00:45:00+00:00,63768.0,63845.9,63738.9,63802.7,222.1937
2026-07-12 01:00:00+00:00,63802.7,63954.2,63782.9,63891.8,282.4423
2026-07-12 01:15:00+00:00,63891.8,63974.4,63864.0,63919.9,190.2248
2026-07-12 01:30:00+00:00,63919.9,64146.0,63893.2,64127.9,265.9873
2026-07-12 01:45:00+00:00,64127.9,64136.4,64065.7,64105.9,124.5651
2026-07-12 02:00:00+00:00,64105.9,64105.9,64001.8,64026.5,134.6947
2026-07-12 02:15:00+00:00,64026.5,64112.5,64014.4,64090.0,121.9472
2026-07-12 02:30:00+00:00,64090.0,64094.4,64043.2,64057.9,75.5694
2026-07-12 02:45:00+00:00,64057.9,64097.2,64041.0,64049.2,79.9864
2026-07-12 03:00:00+00:00,64049.2,64099.9,64003.0,64072.6,84.1863
2026-07-12 03:15:00+00:00,64072.6,64132.4,64072.6,64109.8,86.2986
2026-07-12 03:30:00+00:00,64109.8,64195.6,64106.2,64151.2,196.7715
2026-07-12 03:45:00+00:00,64151.2,64218.3,64125.0,64201.7,173.2926
2026-07-12 04:00:00+00:00,64201.7,64238.0,64143.6,64154.2,132.8467
2026-07-12 04:15:00+00:00,64154.2,64190.8,64049.4,64054.4,120.5291
2026-07-12 04:30:00+00:00,64054.4,64055.1,63913.9,64002.6,166.9093
2026-07-12 04:45:00+00:00,64002.6,64002.7,63934.4,63974.2,194.7788
2026-07-12 05:00:00+00:00,63974.2,63998.2,63959.8,63962.0,48.5086
2026-07-12 05:15:00+00:00,63962.0,63962.0,63881.0,63881.9,194.5216
2026-07-12 05:30:00+00:00,63881.9,63958.9,63867.0,63942.1,89.5722
2026-07-12 05:45:00+00:00,63942.1,63978.5,63938.0,63938.0,56.6433
2026-07-12 06:00:00+00:00,63938.0,63938.0,63703.6,63720.1,357.9848
2026-07-12 06:15:00+00:00,63720.1,63754.6,63602.8,63638.7,261.7594
2026-07-12 06:30:00+00:00,63638.7,63753.0,63610.7,63748.9,220.3412
2026-07-12 06:45:00+00:00,63748.9,63784.0,63691.7,63728.7,115.8856
2026-07-12 07:00:00+00:00,63728.7,63796.2,63708.2,63796.1,73.4577
2026-07-12 07:15:00+00:00,63796.1,63853.9,63773.1,63838.2,173.9959
2026-07-12 07:30:00+00:00,63838.2,63866.1,63817.5,63839.9,55.1304
2026-07-12 07:45:00+00:00,63839.9,63878.8,63824.1,63856.4,79.8009
2026-07-12 08:00:00+00:00,63856.4,64083.2,63854.1,64021.3,323.2228
2026-07-12 08:15:00+00:00,64021.3,64065.9,63962.1,63964.8,108.1564
2026-07-12 08:30:00+00:00,63964.8,63984.6,63960.7,63984.5,31.4522
2026-07-12 08:45:00+00:00,63984.5,63984.5,63892.3,63951.5,95.6863
2026-07-12 09:00:00+00:00,63951.5,63958.6,63854.3,63854.4,105.1327
2026-07-12 09:15:00+00:00,63854.4,63854.4,63730.8,63804.3,179.1605
2026-07-12 09:30:00+00:00,63804.3,64024.3,63804.2,63976.4,212.6046
2026-07-12 09:45:00+00:00,63976.4,63989.9,63929.8,63929.9,76.8156
2026-07-12 10:00:00+00:00,63929.9,63929.9,63865.2,63903.4,76.0324
2026-07-12 10:15:00+00:00,63903.4,63915.0,63847.0,63847.0,65.445
2026-07-12 10:30:00+00:00,63847.0,63889.8,63818.2,63836.5,59.3514
2026-07-12 10:45:00+00:00,63836.5,63870.8,63807.5,63838.8,93.9052
2026-07-12 11:00:00+00:00,63838.8,63891.8,63796.2,63821.5,85.0329
2026-07-12 11:15:00+00:00,63821.5,63889.9,63821.4,63889.9,95.5846
2026-07-12 11:30:00+00:00,63889.9,64012.6,63889.9,63979.2,149.5518
2026-07-12 11:45:00+00:00,63979.2,64005.3,63959.9,63993.7,72.4776
2026-07-12 12:00:00+00:00,63993.7,64118.4,63945.8,64079.6,260.858
2026-07-12 12:15:00+00:00,64079.6,64102.2,63999.8,64030.9,107.4222
2026-07-12 12:30:00+00:00,64030.9,64049.0,63974.9,64004.4,64.0181
2026-07-12 12:45:00+00:00,64004.4,64032.6,63965.3,63998.3,63.4668
2026-07-12 13:00:00+00:00,63998.3,64031.3,63973.6,64013.9,50.2554
2026-07-12 13:15:00+00:00,64013.9,64073.3,63980.8,64017.6,137.8993
2026-07-12 13:30:00+00:00,64017.6,64066.9,64006.7,64015.1,96.1262
2026-07-12 13:45:00+00:00,64015.1,64020.6,63959.2,63997.2,76.5676
2026-07-12 14:00:00+00:00,63997.2,64009.0,63928.0,63944.0,216.3602
2026-07-12 14:15:00+00:00,63944.0,63972.9,63928.6,63969.0,54.0726
2026-07-12 14:30:00+00:00,63969.0,64059.6,63969.0,64044.0,76.0304
2026-07-12 14:45:00+00:00,64044.0,64267.8,64043.4,64175.0,684.213
2026-07-12 15:00:00+00:00,64175.0,64238.7,64122.1,64163.0,202.7354
2026-07-12 15:15:00+00:00,64163.0,64219.9,64106.0,64194.1,137.0005
2026-07-12 15:30:00+00:00,64194.1,64225.1,64091.4,64120.6,225.8474
2026-07-12 15:45:00+00:00,64120.6,64187.9,64102.4,64149.9,133.761
2026-07-12 16:00:00+00:00,64149.9,64184.8,64013.0,64038.1,446.578
2026-07-12 16:15:00+00:00,64038.1,64152.3,64038.1,64151.0,122.9396
2026-07-12 16:30:00+00:00,64151.0,64152.4,64072.5,64087.8,99.9058
2026-07-12 16:45:00+00:00,64087.8,64150.9,64073.1,64146.7,99.8687
2026-07-12 17:00:00+00:00,64146.7,64146.8,64102.8,64110.4,66.1551
2026-07-12 17:15:00+00:00,64110.4,64136.4,64094.6,64094.6,44.0615
2026-07-12 17:30:00+00:00,64094.6,64146.6,64084.8,64125.0,59.7813
2026-07-12 17:45:00+00:00,64125.0,64136.7,63988.2,64050.2,98.969
2026-07-12 18:00:00+00:00,64050.2,64080.0,63990.3,64009.2,75.1557
2026-07-12 18:15:00+00:00,64009.2,64065.1,63985.1,64034.8,63.3883
2026-07-12 18:30:00+00:00,64034.8,64111.0,64034.5,64101.8,63.9808
2026-07-12 18:45:00+00:00,64101.8,64126.5,64101.6,64124.6,33.9845
2026-07-12 19:00:00+00:00,64124.6,64205.7,64123.8,64143.7,106.1559
2026-07-12 19:15:00+00:00,64143.7,64184.3,64141.4,64178.1,34.8218
2026-07-12 19:30:00+00:00,64178.1,64178.2,64115.0,64128.1,42.8729
2026-07-12 19:45:00+00:00,64128.1,64248.0,64125.0,64201.9,104.7744
2026-07-12 20:00:00+00:00,64201.9,64227.4,64145.3,64161.9,83.4513
2026-07-12 20:15:00+00:00,64161.9,64184.5,64141.5,64177.2,37.2797
2026-07-12 20:30:00+00:00,64177.2,64196.4,64143.0,64185.1,65.5436
2026-07-12 20:45:00+00:00,64185.1,64203.6,64159.1,64168.5,40.0163
2026-07-12 21:00:00+00:00,64168.5,64207.4,64164.2,64180.3,59.4764
2026-07-12 21:15:00+00:00,64180.3,64180.3,64050.8,64076.1,110.7522
2026-07-12 21:30:00+00:00,64076.1,64076.1,63989.9,64015.6,125.5681
2026-07-12 21:45:00+00:00,64015.6,64015.6,63856.4,63889.5,377.3918
2026-07-12 22:00:00+00:00,63889.5,63889.5,63651.2,63756.0,881.5983
2026-07-12 22:15:00+00:00,63756.0,63809.8,63634.0,63801.6,264.7581
2026-07-12 22:30:00+00:00,63801.6,63843.6,63730.7,63744.4,149.2839
2026-07-12 22:45:00+00:00,63744.4,63895.8,63667.9,63854.9,227.2223
2026-07-12 23:00:00+00:00,63854.9,63883.4,63705.3,63790.8,295.9786
2026-07-12 23:15:00+00:00,63790.8,63823.9,63753.3,63792.0,146.0909
2026-07-12 23:30:00+00:00,63792.0,63833.0,63716.9,63781.0,154.7837
2026-07-12 23:45:00+00:00,63781.0,63797.3,63692.9,63749.9,183.9279
2026-07-13 00:00:00+00:00,63749.9,64270.0,63690.9,64269.8,1574.5814
2026-07-13 00:15:00+00:00,64269.8,64411.8,64139.9,64155.8,952.6842
2026-07-13 00:30:00+00:00,64155.8,64179.8,63537.8,63755.9,1567.0918
2026-07-13 00:45:00+00:00,63755.9,64095.0,63750.0,64041.7,955.7625
2026-07-13 01:00:00+00:00,64041.7,64043.8,63628.0,63823.8,899.5355
2026-07-13 01:15:00+00:00,63823.8,63967.9,63650.1,63694.4,873.8673
2026-07-13 01:30:00+00:00,63694.4,63745.4,63516.0,63670.1,719.5026
2026-07-13 01:45:00+00:00,63670.1,63676.7,63365.9,63381.9,837.0688
2026-07-13 02:00:00+00:00,63381.9,63430.4,63205.5,63382.5,1111.8528
2026-07-13 02:15:00+00:00,63382.5,63523.6,63337.7,63440.4,724.1274
2026-07-13 02:30:00+00:00,63440.4,63476.6,63361.6,63441.6,369.223
2026-07-13 02:45:00+00:00,63441.6,63445.9,63309.0,63344.7,253.483
2026-07-13 03:00:00+00:00,63344.7,63360.8,62854.8,62992.1,1335.8747
2026-07-13 03:15:00+00:00,62992.1,63093.5,62770.2,63039.9,989.8694
2026-07-13 03:30:00+00:00,63039.9,63039.9,62704.9,62796.3,1152.724
2026-07-13 03:45:00+00:00,62796.3,62840.5,62750.0,62780.1,209.9223
2026-07-13 04:00:00+00:00,62780.1,62845.4,62660.9,62793.1,537.8821
2026-07-13 04:15:00+00:00,62793.1,62879.8,62793.1,62849.8,189.0557
2026-07-13 04:30:00+00:00,62849.8,62853.9,62592.6,62698.2,592.4466
2026-07-13 04:45:00+00:00,62698.2,62758.1,62630.7,62649.6,180.8431
2026-07-13 05:00:00+00:00,62649.6,62880.1,62455.6,62785.0,1820.5515
2026-07-13 05:15:00+00:00,62785.0,62810.8,62575.7,62607.4,404.796
2026-07-13 05:30:00+00:00,62607.4,62791.1,62534.6,62773.3,334.2587
2026-07-13 05:45:00+00:00,62773.3,62800.0,62728.7,62764.0,110.0915
2026-07-13 06:00:00+00:00,62764.0,62834.8,62697.2,62712.6,181.6483
2026-07-13 06:15:00+00:00,62712.6,62810.0,62674.9,62809.8,196.1432
2026-07-13 06:30:00+00:00,62809.8,62840.0,62727.6,62812.1,182.9445
2026-07-13 06:45:00+00:00,62812.1,62848.1,62754.9,62766.5,176.8687
2026-07-13 07:00:00+00:00,62766.5,62847.7,62719.2,62778.6,201.5562
2026-07-13 07:15:00+00:00,62778.6,62974.5,62755.7,62927.0,723.2036
2026-07-13 07:30:00+00:00,62927.0,63027.5,62880.0,62941.9,359.2643
2026-07-13 07:45:00+00:00,62941.9,63029.8,62932.9,62952.6,200.5041
2026-07-13 08:00:00+00:00,62952.6,63026.8,62902.4,63009.0,275.3259
2026-07-13 08:15:00+00:00,63009.0,63062.6,62943.4,63051.4,231.6369
2026-07-13 08:30:00+00:00,63051.4,63098.3,62966.1,63092.1,164.837
2026-07-13 08:45:00+00:00,63092.1,63259.8,63090.8,63174.9,426.297
2026-07-13 09:00:00+00:00,63174.9,63179.2,63102.6,63124.5,145.877
2026-07-13 09:15:00+00:00,63124.5,63124.6,63066.7,63089.9,64.5596
2026-07-13 09:30:00+00:00,63089.9,63089.9,63064.2,63075.4,62.1953
2026-07-13 09:45:00+00:00,63075.4,63085.9,63064.2,63073.9,54.7836
2026-07-13 10:00:00+00:00,63073.9,63078.4,63064.0,63064.2,41.734
2026-07-13 10:15:00+00:00,63064.2,63127.8,63064.1,63066.9,71.0815
2026-07-13 10:30:00+00:00,63066.9,63103.7,62875.4,62911.7,473.4967
2026-07-13 10:45:00+00:00,62911.7,62949.9,62834.3,62844.5,193.038
2026-07-13 11:00:00+00:00,62844.5,63115.7,62844.5,63054.9,363.833
2026-07-13 11:15:00+00:00,63054.9,63074.4,62963.2,63000.3,157.0452
2026-07-13 11:30:00+00:00,63000.3,63001.0,62926.3,62937.1,133.6588
2026-07-13 11:45:00+00:00,62937.1,62944.3,62875.2,62881.2,67.0664
2026-07-13 12:00:00+00:00,62881.2,62966.6,62783.1,62820.0,381.2001
2026-07-13 12:15:00+00:00,62820.0,62865.7,62695.6,62721.3,346.6547
2026-07-13 12:30:00+00:00,62721.3,62762.3,62545.3,62582.8,418.7067
2026-07-13 12:45:00+00:00,62582.8,62645.2,62535.5,62597.8,311.9034
2026-07-13 13:00:00+00:00,62597.8,62638.1,62482.9,62488.8,336.1043
2026-07-13 13:15:00+00:00,62488.8,62562.9,62350.0,62500.0,558.6573
2026-07-13 13:30:00+00:00,62500.0,62751.8,62226.3,62303.3,1646.0965
2026-07-13 13:45:00+00:00,62303.3,62382.1,62141.1,62300.0,1722.7535
2026-07-13 14:00:00+00:00,62300.0,62398.0,62235.8,62393.6,963.5988
2026-07-13 14:15:00+00:00,62393.6,62634.9,62075.5,62528.9,5451.126
2026-07-13 14:30:00+00:00,62528.9,62655.8,62433.2,62599.6,1339.19
2026-07-13 14:45:00+00:00,62599.6,62776.9,62554.1,62768.1,749.7672
2026-07-13 15:00:00+00:00,62768.1,62841.7,62657.3,62771.8,556.7792
2026-07-13 15:15:00+00:00,62771.8,62964.8,62763.5,62789.9,526.4288
2026-07-13 15:30:00+00:00,62789.9,62830.6,62543.3,62631.0,489.4801
2026-07-13 15:45:00+00:00,62631.0,62667.0,62559.9,62596.5,336.9496
2026-07-13 16:00:00+00:00,62596.5,62614.4,62505.0,62519.7,351.3286
2026-07-13 16:15:00+00:00,62519.7,62519.8,62251.6,62322.6,723.306
2026-07-13 16:30:00+00:00,62322.6,62371.4,62183.8,62344.7,648.5037
2026-07-13 16:45:00+00:00,62344.7,62402.5,62226.7,62257.8,408.9161
2026-07-13 17:00:00+00:00,62257.8,62347.0,62230.0,62299.1,257.1222
2026-07-13 17:15:00+00:00,62299.1,62299.1,62154.6,62164.8,229.3053
2026-07-13 17:30:00+00:00,62164.8,62207.5,61954.0,62076.7,1369.0212
2026-07-13 17:45:00+00:00,62076.7,62166.4,61876.8,61877.1,769.7799
2026-07-13 18:00:00+00:00,61877.1,62038.6,61858.1,61903.6,525.2804
2026-07-13 18:15:00+00:00,61903.6,61984.2,61805.8,61924.6,397.0965
2026-07-13 18:30:00+00:00,61924.6,61978.7,61879.9,61978.7,260.7591
2026-07-13 18:45:00+00:00,61978.7,62077.6,61948.4,61997.3,388.9163
2026-07-13 19:00:00+00:00,61997.3,62067.5,61962.4,62051.9,190.4604
2026-07-13 19:15:00+00:00,62051.9,62091.0,61971.3,61992.7,219.1762
2026-07-13 19:30:00+00:00,61992.7,62156.7,61992.7,62152.2,222.874
2026-07-13 19:45:00+00:00,62152.2,62266.9,62105.1,62258.0,306.1735
2026-07-13 20:00:00+00:00,62258.0,62298.9,62175.2,62191.1,185.8453
2026-07-13 20:15:00+00:00,62191.1,62195.6,62051.3,62187.6,235.0871
2026-07-13 20:30:00+00:00,62187.6,62241.3,62153.4,62153.4,113.6656
2026-07-13 20:45:00+00:00,62153.4,62187.2,62020.0,62179.1,185.9525
2026-07-13 21:00:00+00:00,62179.1,62191.8,62021.3,62083.2,127.5017
2026-07-13 21:15:00+00:00,62083.2,62124.9,61960.9,62006.0,304.1998
2026-07-13 21:30:00+00:00,62006.0,62045.9,61867.9,61956.6,363.5511
2026-07-13 21:45:00+00:00,61956.6,62096.6,61891.2,62033.9,262.6763
2026-07-13 22:00:00+00:00,62033.9,62181.4,62023.4,62151.1,294.3626
2026-07-13 22:15:00+00:00,62151.1,62199.0,62100.7,62132.3,176.4166
2026-07-13 22:30:00+00:00,62132.3,62157.0,61993.1,62034.3,189.0844
2026-07-13 22:45:00+00:00,62034.3,62045.7,61883.1,61897.8,194.8705
2026-07-13 23:00:00+00:00,61897.8,62048.2,61854.3,62027.8,212.1955
2026-07-13 23:15:00+00:00,62027.8,62210.3,62021.6,62139.9,193.6569
2026-07-13 23:30:00+00:00,62139.9,62181.4,62066.6,62093.4,187.0334
2026-07-13 23:45:00+00:00,62093.4,62330.1,62072.8,62306.9,487.9946
2026-07-14 00:00:00+00:00,62306.9,62466.7,62240.7,62413.7,506.9369
2026-07-14 00:15:00+00:00,62413.7,62413.7,62282.1,62345.8,313.3037
2026-07-14 00:30:00+00:00,62345.8,62426.8,62259.9,62282.9,309.4603
2026-07-14 00:45:00+00:00,62282.9,62639.1,62282.9,62520.8,642.5384
2026-07-14 01:00:00+00:00,62520.8,62547.2,62427.0,62474.8,280.9421
2026-07-14 01:15:00+00:00,62474.8,62614.1,62455.9,62496.0,334.432
2026-07-14 01:30:00+00:00,62496.0,62542.7,62435.6,62462.5,191.0274
2026-07-14 01:45:00+00:00,62462.5,62528.9,62440.8,62505.2,131.3959
2026-07-14 02:00:00+00:00,62505.2,62589.7,62448.7,62472.8,264.0448
2026-07-14 02:15:00+00:00,62472.8,62497.0,62288.3,62341.2,228.2018
2026-07-14 02:30:00+00:00,62341.2,62574.3,62341.2,62557.1,194.898
2026-07-14 02:45:00+00:00,62557.1,62610.0,62491.7,62516.7,151.4745
2026-07-14 03:00:00+00:00,62516.7,62576.6,62334.2,62364.1,274.6147
2026-07-14 03:15:00+00:00,62364.1,62441.3,62284.3,62441.3,343.1222
2026-07-14 03:30:00+00:00,62441.3,62524.8,62400.9,62437.3,197.2108
2026-07-14 03:45:00+00:00,62437.3,62551.7,62432.0,62538.2,99.6903
2026-07-14 04:00:00+00:00,62538.2,62633.0,62510.8,62535.4,165.9863
2026-07-14 04:15:00+00:00,62535.4,62630.0,62514.9,62618.4,118.4233
2026-07-14 04:30:00+00:00,62618.4,62744.3,62618.3,62676.3,263.1641
2026-07-14 04:45:00+00:00,62676.3,62738.0,62666.5,62713.7,120.1412
2026-07-14 05:00:00+00:00,62713.7,62840.2,62669.5,62791.4,225.6736
2026-07-14 05:15:00+00:00,62791.4,62847.4,62730.1,62812.9,184.541
2026-07-14 05:30:00+00:00,62812.9,62847.8,62687.0,62722.9,181.9534
2026-07-14 05:45:00+00:00,62722.9,62730.8,62671.9,62699.7,145.0064
2026-07-14 06:00:00+00:00,62699.7,62707.8,62630.1,62634.3,180.4797
2026-07-14 06:15:00+00:00,62634.3,62679.9,62630.5,62659.6,134.1731
2026-07-14 06:30:00+00:00,62659.6,62751.7,62599.8,62666.5,163.562
2026-07-14 06:45:00+00:00,62666.5,62675.4,62539.5,62599.9,152.5829
2026-07-14 07:00:00+00:00,62599.9,62629.9,62524.9,62576.9,181.1541
2026-07-14 07:15:00+00:00,62576.9,62632.9,62540.8,62614.7,287.8186
2026-07-14 07:30:00+00:00,62614.7,62629.4,62534.3,62549.8,236.9837
2026-07-14 07:45:00+00:00,62549.8,62563.0,62489.6,62529.5,130.9514
2026-07-14 08:00:00+00:00,62529.5,62561.0,62469.0,62527.1,179.4027
2026-07-14 08:15:00+00:00,62527.1,62652.8,62527.1,62631.0,166.0224
2026-07-14 08:30:00+00:00,62631.0,62779.9,62604.1,62749.8,251.7593
2026-07-14 08:45:00+00:00,62749.8,62762.4,62649.9,62679.9,117.1653
2026-07-14 09:00:00+00:00,62679.9,62719.4,62639.9,62676.6,118.1212
2026-07-14 09:15:00+00:00,62676.6,62709.2,62623.8,62645.1,170.549
2026-07-14 09:30:00+00:00,62645.1,62653.3,62508.7,62533.8,158.5154
2026-07-14 09:45:00+00:00,62533.8,62621.9,62502.3,62604.2,121.7866
2026-07-14 10:00:00+00:00,62604.2,62708.3,62604.2,62690.9,106.5319
2026-07-14 10:15:00+00:00,62690.9,62710.6,62633.9,62637.6,231.5964
2026-07-14 10:30:00+00:00,62637.6,62786.9,62577.4,62782.6,213.6451
2026-07-14 10:45:00+00:00,62782.6,62880.0,62755.7,62767.5,363.6149
2026-07-14 11:00:00+00:00,62767.5,62776.5,62680.7,62766.0,141.1278
2026-07-14 11:15:00+00:00,62766.0,62848.6,62729.8,62833.9,196.3743
2026-07-14 11:30:00+00:00,62833.9,62895.7,62784.8,62828.7,243.5147
2026-07-14 11:45:00+00:00,62828.7,62854.2,62805.9,62810.1,86.0524
2026-07-14 12:00:00+00:00,62810.1,62839.8,62756.3,62820.3,214.8096
2026-07-14 12:15:00+00:00,62820.3,63085.5,62786.2,62930.7,873.5312
2026-07-14 12:30:00+00:00,62930.7,63660.3,62918.9,63523.0,66352.1432
2026-07-14 12:45:00+00:00,63523.0,63954.2,63523.0,63935.1,3116.1227
2026-07-14 13:00:00+00:00,63935.1,63956.0,63726.0,63764.1,887.9837
2026-07-14 13:15:00+00:00,63764.1,64160.4,63763.1,63929.9,1401.0868
2026-07-14 13:30:00+00:00,63929.9,63960.9,63689.2,63764.8,1660.4874
2026-07-14 13:45:00+00:00,63764.8,63896.5,63666.0,63802.8,747.2837
2026-07-14 14:00:00+00:00,63802.8,63853.1,63549.9,63846.5,1515.611
2026-07-14 14:15:00+00:00,63846.5,63887.9,63741.0,63887.2,893.0903
2026-07-14 14:30:00+00:00,63887.2,64059.7,63829.9,64005.2,3255.7458
2026-07-14 14:45:00+00:00,64005.2,64309.8,63896.0,64277.2,3707.0012
2026-07-14 15:00:00+00:00,64277.2,64386.3,64163.7,64184.9,1940.4052
2026-07-14 15:15:00+00:00,64184.9,64542.8,64170.4,64469.7,1036.1021
2026-07-14 15:30:00+00:00,64469.7,64950.0,64469.6,64757.7,8650.9886
2026-07-14 15:45:00+00:00,64757.7,64838.6,64572.3,64727.4,905.5204
2026-07-14 16:00:00+00:00,64727.4,64878.9,64591.1,64715.1,1012.9394
2026-07-14 16:15:00+00:00,64715.1,64860.0,64650.9,64797.6,453.0349
2026-07-14 16:30:00+00:00,64797.6,64869.9,64750.0,64752.8,343.499
2026-07-14 16:45:00+00:00,64752.8,64830.0,64683.0,64703.8,375.6034
2026-07-14 17:00:00+00:00,64703.8,64703.9,64199.9,64568.6,17196.0636
2026-07-14 17:15:00+00:00,64568.6,64639.0,64367.7,64492.7,545.0066
2026-07-14 17:30:00+00:00,64492.7,64500.0,64400.0,64493.9,292.0966
2026-07-14 17:45:00+00:00,64493.9,64691.5,64456.6,64597.6,416.3621
2026-07-14 18:00:00+00:00,64597.6,64600.1,64457.5,64457.5,255.6028
2026-07-14 18:15:00+00:00,64457.5,64525.7,64448.8,64491.2,165.432
2026-07-14 18:30:00+00:00,64491.2,64610.0,64449.3,64553.4,304.5685
2026-07-14 18:45:00+00:00,64553.4,64628.9,64520.0,64543.9,162.889
2026-07-14 19:00:00+00:00,64543.9,64616.5,64515.1,64591.3,162.6868
2026-07-14 19:15:00+00:00,64591.3,64681.7,64523.8,64530.1,256.9235
2026-07-14 19:30:00+00:00,64530.1,64530.1,64456.2,64516.7,188.5184
2026-07-14 19:45:00+00:00,64516.7,64635.0,64516.3,64542.8,207.0977
2026-07-14 20:00:00+00:00,64542.8,64563.4,64429.7,64429.8,200.4935
2026-07-14 20:15:00+00:00,64429.8,64490.2,64413.0,64417.4,86.2262
2026-07-14 20:30:00+00:00,64417.4,64468.3,64390.3,64457.7,84.2951
2026-07-14 20:45:00+00:00,64457.7,64575.5,64425.6,64538.6,123.0234
2026-07-14 21:00:00+00:00,64538.6,64597.8,64496.0,64597.8,158.5995
2026-07-14 21:15:00+00:00,64597.8,64654.3,64595.1,64644.0,93.848
2026-07-14 21:30:00+00:00,64644.0,64877.4,64644.0,64712.3,546.3684
2026-07-14 21:45:00+00:00,64712.3,64748.0,64605.5,64649.9,282.8491
2026-07-14 22:00:00+00:00,64649.9,64649.9,64486.4,64513.0,337.4648
2026-07-14 22:15:00+00:00,64513.0,65170.3,64513.0,64910.4,4952.7284
2026-07-14 22:30:00+00:00,64910.4,65009.9,64885.9,64893.0,616.499
2026-07-14 22:45:00+00:00,64893.0,64957.3,64832.3,64837.1,142.6777
2026-07-14 23:00:00+00:00,64837.1,65040.2,64749.9,64993.9,581.3533
2026-07-14 23:15:00+00:00,64993.9,64993.9,64856.1,64889.7,123.5812
2026-07-14 23:30:00+00:00,64889.7,64991.2,64873.4,64977.5,140.7194
2026-07-14 23:45:00+00:00,64977.5,65026.8,64959.8,65014.5,207.3842
2026-07-15 00:00:00+00:00,65014.5,65043.0,64886.8,64891.4,397.4491
2026-07-15 00:15:00+00:00,64891.4,64910.1,64813.7,64861.0,173.8917
2026-07-15 00:30:00+00:00,64861.0,64861.8,64743.4,64759.1,165.6148
2026-07-15 00:45:00+00:00,64759.1,64821.9,64759.1,64797.9,137.6659
2026-07-15 01:00:00+00:00,64797.9,64812.9,64689.8,64717.4,937.52
2026-07-15 01:15:00+00:00,64717.4,64830.1,64673.0,64809.9,265.9217
2026-07-15 01:30:00+00:00,64809.9,64824.7,64636.7,64691.3,202.5905
2026-07-15 01:45:00+00:00,64691.3,64694.6,64618.7,64643.7,109.7207
2026-07-15 02:00:00+00:00,64643.7,64732.5,64620.5,64685.4,147.6461
2026-07-15 02:15:00+00:00,64685.4,64685.5,64499.8,64500.0,160.75
2026-07-15 02:30:00+00:00,64500.0,64540.8,64459.7,64540.7,158.3909
2026-07-15 02:45:00+00:00,64540.7,64542.1,64472.9,64472.9,64.7572
2026-07-15 03:00:00+00:00,64472.9,64643.6,64472.8,64607.9,128.1138
2026-07-15 03:15:00+00:00,64607.9,64607.9,64559.7,64593.1,49.9313
2026-07-15 03:30:00+00:00,64593.1,64758.6,64586.1,64674.4,271.7749
2026-07-15 03:45:00+00:00,64674.4,64820.1,64645.2,64760.8,145.9058
2026-07-15 04:00:00+00:00,64760.8,64867.8,64733.4,64793.7,177.8025
2026-07-15 04:15:00+00:00,64793.7,64827.4,64732.2,64733.4,110.4573
2026-07-15 04:30:00+00:00,64733.4,64806.9,64686.5,64781.3,87.8989
2026-07-15 04:45:00+00:00,64781.3,64843.3,64701.0,64723.5,133.3674
2026-07-15 05:00:00+00:00,64723.5,64789.7,64579.9,64599.9,226.8952
2026-07-15 05:15:00+00:00,64599.9,64674.6,64599.9,64625.3,98.1389
2026-07-15 05:30:00+00:00,64625.3,64726.7,64618.9,64678.7,98.4433
2026-07-15 05:45:00+00:00,64678.7,64941.6,64667.3,64920.5,224.5268
2026-07-15 06:00:00+00:00,64920.5,65030.1,64844.6,65015.9,360.3612
2026-07-15 06:15:00+00:00,65015.9,65020.6,64905.7,64962.6,295.2546
2026-07-15 06:30:00+00:00,64962.6,65258.2,64939.2,65014.8,1245.3858
2026-07-15 06:45:00+00:00,65014.8,65044.7,64784.6,64784.6,360.9503
2026-07-15 07:00:00+00:00,64784.6,64850.1,64720.2,64842.0,345.8429
2026-07-15 07:15:00+00:00,64842.0,64850.0,64451.1,64503.2,737.0971
2026-07-15 07:30:00+00:00,64503.2,64620.8,64489.9,64579.6,297.3481
2026-07-15 07:45:00+00:00,64579.6,64600.0,64527.9,64528.0,117.2525
2026-07-15 08:00:00+00:00,64528.0,64660.0,64528.0,64560.0,223.8312
2026-07-15 08:15:00+00:00,64560.0,64630.9,64550.4,64620.4,114.0734
2026-07-15 08:30:00+00:00,64620.4,64715.0,64597.8,64713.9,172.283
2026-07-15 08:45:00+00:00,64713.9,64764.6,64704.8,64744.9,194.79
2026-07-15 09:00:00+00:00,64744.9,64830.0,64730.1,64811.1,211.6084
2026-07-15 09:15:00+00:00,64811.1,64898.0,64799.9,64801.2,219.1307
2026-07-15 09:30:00+00:00,64801.2,64803.8,64669.6,64686.1,172.3674
2026-07-15 09:45:00+00:00,64686.1,64709.8,64626.0,64644.5,95.0399
2026-07-15 10:00:00+00:00,64644.5,64826.5,64608.5,64770.5,290.2092
2026-07-15 10:15:00+00:00,64770.5,64776.8,64591.8,64607.0,131.3776
2026-07-15 10:30:00+00:00,64607.0,64662.8,64582.6,64633.5,114.1179
2026-07-15 10:45:00+00:00,64633.5,64649.8,64602.9,64632.9,69.2883
2026-07-15 11:00:00+00:00,64632.9,64728.5,64588.4,64697.9,221.675
2026-07-15 11:15:00+00:00,64697.9,64709.4,64586.2,64609.4,100.5327
2026-07-15 11:30:00+00:00,64609.4,64689.8,64605.4,64665.8,75.5181
2026-07-15 11:45:00+00:00,64665.8,64723.1,64652.0,64707.4,82.999
2026-07-15 12:00:00+00:00,64707.4,64711.5,64591.9,64697.0,321.8329
2026-07-15 12:15:00+00:00,64697.0,64737.2,64568.8,64659.9,224.3325
2026-07-15 12:30:00+00:00,64659.9,64949.4,64649.8,64767.0,2054.1393
2026-07-15 12:45:00+00:00,64767.0,65238.9,64761.6,65133.6,1417.2578
2026-07-15 13:00:00+00:00,65133.6,65420.8,65126.4,65354.4,2061.9315
2026-07-15 13:15:00+00:00,65354.4,65548.0,65246.4,65284.6,1181.8865
2026-07-15 13:30:00+00:00,65284.6,65494.1,65211.5,65245.9,1571.8054
2026-07-15 13:45:00+00:00,65245.9,65245.9,64852.4,65090.1,1777.8167
2026-07-15 14:00:00+00:00,65090.1,65376.7,65033.4,65257.2,1291.0733
2026-07-15 14:15:00+00:00,65257.2,65394.4,65045.9,65304.1,1429.7376
2026-07-15 14:30:00+00:00,65304.1,65496.3,65268.8,65339.9,884.4419
2026-07-15 14:45:00+00:00,65339.9,65478.0,65290.3,65364.7,499.6291
2026-07-15 15:00:00+00:00,65364.7,65466.3,65229.9,65369.8,681.0957
2026-07-15 15:15:00+00:00,65369.8,65413.0,65257.8,65373.1,527.4896
2026-07-15 15:30:00+00:00,65373.1,65525.3,65299.9,65451.8,481.6014
2026-07-15 15:45:00+00:00,65451.8,65573.1,65331.2,65391.4,586.9788
2026-07-15 16:00:00+00:00,65391.4,65437.8,65058.3,65064.4,711.8263
2026-07-15 16:15:00+00:00,65064.4,65148.3,65011.0,65137.0,676.8738
2026-07-15 16:30:00+00:00,65137.0,65145.2,64751.8,64905.6,787.622
2026-07-15 16:45:00+00:00,64905.6,65094.6,64896.1,65089.4,2458.2879
2026-07-15 17:00:00+00:00,65089.4,65127.8,64977.0,64991.8,378.7136
2026-07-15 17:15:00+00:00,64991.8,65040.1,64944.9,65010.0,189.0675
2026-07-15 17:30:00+00:00,65010.0,65085.7,64939.4,65006.5,451.7158
2026-07-15 17:45:00+00:00,65006.5,65148.4,64950.6,65023.0,1891.7491
2026-07-15 18:00:00+00:00,65023.0,65114.2,64927.5,65094.1,257.2544
2026-07-15 18:15:00+00:00,65094.1,65096.8,64989.4,65031.7,234.5197
2026-07-15 18:30:00+00:00,65031.7,65092.4,64950.0,64951.8,126.814
2026-07-15 18:45:00+00:00,64951.8,64991.1,64817.0,64837.3,271.1924
2026-07-15 19:00:00+00:00,64837.3,64923.9,64820.1,64902.0,129.26
2026-07-15 19:15:00+00:00,64902.0,64902.2,64708.0,64829.5,253.7301
2026-07-15 19:30:00+00:00,64829.5,64962.4,64812.8,64957.2,220.2352
2026-07-15 19:45:00+00:00,64957.2,64967.9,64857.6,64941.8,163.5161
2026-07-15 20:00:00+00:00,64941.8,64961.6,64870.5,64917.0,851.7675
2026-07-15 20:15:00+00:00,64917.0,64995.9,64916.5,64979.6,112.9581
2026-07-15 20:30:00+00:00,64979.6,65029.9,64956.7,64968.3,103.2648
2026-07-15 20:45:00+00:00,64968.3,64968.4,64934.6,64939.7,56.5563
2026-07-15 21:00:00+00:00,64939.7,64985.9,64801.6,64864.0,206.6643
2026-07-15 21:15:00+00:00,64864.0,64900.0,64826.5,64837.3,145.7487
2026-07-15 21:30:00+00:00,64837.3,64854.6,64757.2,64781.6,229.7375
2026-07-15 21:45:00+00:00,64781.6,64800.1,64757.2,64799.9,73.2006
2026-07-15 22:00:00+00:00,64799.9,64849.9,64759.2,64776.8,161.6639
2026-07-15 22:15:00+00:00,64776.8,64866.0,64739.0,64865.9,110.2981
2026-07-15 22:30:00+00:00,64865.9,64923.7,64824.7,64849.4,160.9455
2026-07-15 22:45:00+00:00,64849.4,64946.9,64828.6,64831.4,228.479
2026-07-15 23:00:00+00:00,64831.4,64912.5,64831.4,64880.5,110.8019
2026-07-15 23:15:00+00:00,64880.5,64902.2,64810.2,64819.2,144.8389
2026-07-15 23:30:00+00:00,64819.2,64835.6,64676.9,64708.6,150.4081
2026-07-15 23:45:00+00:00,64708.6,64792.0,64659.9,64721.4,162.8897
2026-07-16 00:00:00+00:00,64721.4,64814.7,64707.2,64794.0,152.5917
2026-07-16 00:15:00+00:00,64794.0,64811.3,64535.1,64535.2,326.1315
2026-07-16 00:30:00+00:00,64535.2,64574.4,64463.9,64497.4,230.0151
2026-07-16 00:45:00+00:00,64497.4,64625.0,64479.9,64554.3,210.3115
2026-07-16 01:00:00+00:00,64554.3,64633.8,64525.0,64574.5,199.1727
2026-07-16 01:15:00+00:00,64574.5,64576.0,64362.1,64532.6,360.0786
2026-07-16 01:30:00+00:00,64532.6,64711.9,64532.5,64586.2,220.9437
2026-07-16 01:45:00+00:00,64586.2,64807.2,64569.3,64698.6,414.4304
2026-07-16 02:00:00+00:00,64698.6,64705.0,64601.0,64622.7,203.8658
2026-07-16 02:15:00+00:00,64622.7,64661.0,64563.2,64639.1,157.4093
2026-07-16 02:30:00+00:00,64639.1,64657.3,64553.1,64563.3,123.3151
2026-07-16 02:45:00+00:00,64563.3,64639.9,64549.9,64616.0,113.9209
2026-07-16 03:00:00+00:00,64616.0,64692.0,64570.5,64674.8,115.5721
2026-07-16 03:15:00+00:00,64674.8,64674.9,64560.0,64662.1,155.4091
2026-07-16 03:30:00+00:00,64662.1,64721.0,64630.2,64636.0,97.9259
2026-07-16 03:45:00+00:00,64636.0,64636.0,64520.9,64592.8,105.4534
2026-07-16 04:00:00+00:00,64592.8,64637.9,64555.0,64622.9,65.1949
2026-07-16 04:15:00+00:00,64622.9,64631.0,64511.9,64625.0,165.3522
2026-07-16 04:30:00+00:00,64625.0,64666.8,64563.7,64585.4,120.8581
2026-07-16 04:45:00+00:00,64585.4,64619.8,64549.9,64610.8,94.3547
2026-07-16 05:00:00+00:00,64610.8,64750.3,64573.4,64750.3,151.5846
2026-07-16 05:15:00+00:00,64750.3,64929.9,64734.3,64907.0,315.1112
2026-07-16 05:30:00+00:00,64907.0,64974.2,64829.9,64890.8,312.693
2026-07-16 05:45:00+00:00,64890.8,64921.2,64849.5,64897.7,126.0846
2026-07-16 06:00:00+00:00,64897.7,64950.7,64820.9,64838.7,329.5276
2026-07-16 06:15:00+00:00,64838.7,64872.5,64774.8,64797.5,113.5645
2026-07-16 06:30:00+00:00,64797.5,64803.3,64603.3,64703.9,218.1211
2026-07-16 06:45:00+00:00,64703.9,64772.7,64671.7,64749.8,134.589
2026-07-16 07:00:00+00:00,64749.8,64749.9,64622.9,64623.0,229.0399
2026-07-16 07:15:00+00:00,64623.0,64627.2,64466.5,64468.9,244.6576
2026-07-16 07:30:00+00:00,64468.9,64476.0,64161.6,64200.2,919.4957
2026-07-16 07:45:00+00:00,64200.2,64254.9,64044.6,64200.1,795.1432
2026-07-16 08:00:00+00:00,64200.1,64228.0,63909.7,63914.0,2190.8899
2026-07-16 08:15:00+00:00,63914.0,64139.3,63844.8,64126.9,834.9757
2026-07-16 08:30:00+00:00,64126.9,64339.9,64094.4,64109.8,821.0291
2026-07-16 08:45:00+00:00,64109.8,64192.2,64031.2,64096.6,297.4621
2026-07-16 09:00:00+00:00,64096.6,64155.8,64072.6,64088.6,172.5061
2026-07-16 09:15:00+00:00,64088.6,64119.1,63989.3,64007.2,150.1283
2026-07-16 09:30:00+00:00,64007.2,64095.0,63985.1,64076.8,151.4764
2026-07-16 09:45:00+00:00,64076.8,64106.1,64000.4,64063.8,210.1032
2026-07-16 10:00:00+00:00,64063.8,64160.9,64047.6,64118.0,151.9348
2026-07-16 10:15:00+00:00,64118.0,64199.4,64102.8,64194.4,220.4322
2026-07-16 10:30:00+00:00,64194.4,64241.0,64151.0,64159.0,113.6224
2026-07-16 10:45:00+00:00,64159.0,64199.9,64135.2,64186.9,57.5568
2026-07-16 11:00:00+00:00,64186.9,64197.9,64080.1,64142.6,149.134
2026-07-16 11:15:00+00:00,64142.6,64230.6,64058.7,64147.4,158.1322
2026-07-16 11:30:00+00:00,64147.4,64237.2,64116.3,64234.5,114.0097
2026-07-16 11:45:00+00:00,64234.5,64240.5,64061.6,64226.5,2580.1038
2026-07-16 12:00:00+00:00,64226.5,64226.5,64103.1,64135.9,272.2688
2026-07-16 12:15:00+00:00,64135.9,64159.9,64059.9,64159.9,370.7647
2026-07-16 12:30:00+00:00,64159.9,64183.9,63855.8,63869.2,626.3446
2026-07-16 12:45:00+00:00,63869.2,64028.2,63832.8,63938.1,397.6653
2026-07-16 13:00:00+00:00,63938.1,64085.7,63929.9,64059.7,322.6966
2026-07-16 13:15:00+00:00,64059.7,64230.0,64026.7,64230.0,335.137
2026-07-16 13:30:00+00:00,64230.0,64458.6,64126.7,64126.7,1062.9245
2026-07-16 13:45:00+00:00,64126.7,64365.9,64082.3,64354.1,874.5751
2026-07-16 14:00:00+00:00,64354.1,64683.1,64300.0,64609.8,1169.3292
2026-07-16 14:15:00+00:00,64609.8,64839.3,64539.8,64733.6,1167.9325
2026-07-16 14:30:00+00:00,64733.6,64809.2,64629.3,64714.9,676.2414
2026-07-16 14:45:00+00:00,64714.9,64721.4,64348.6,64509.9,865.3909
2026-07-16 15:00:00+00:00,64509.9,64559.9,64286.1,64335.8,733.9429
2026-07-16 15:15:00+00:00,64335.8,64873.5,64300.1,64799.8,939.4514
2026-07-16 15:30:00+00:00,64799.8,64806.1,64640.3,64697.7,483.5419
2026-07-16 15:45:00+00:00,64697.7,64799.5,64587.4,64677.5,539.8581
2026-07-16 16:00:00+00:00,64677.5,64687.5,64441.0,64480.0,516.9791
2026-07-16 16:15:00+00:00,64480.0,64556.0,64361.7,64515.7,514.7761
2026-07-16 16:30:00+00:00,64515.7,64639.9,64339.8,64348.5,499.2948
2026-07-16 16:45:00+00:00,64348.5,64507.6,64299.3,64448.5,339.1536
2026-07-16 17:00:00+00:00,64448.5,64453.0,64130.6,64134.9,527.8063
2026-07-16 17:15:00+00:00,64134.9,64209.6,64061.6,64193.2,848.2634
2026-07-16 17:30:00+00:00,64193.2,64257.6,64090.7,64119.8,314.4034
2026-07-16 17:45:00+00:00,64119.8,64123.9,63958.0,64045.5,497.1729
2026-07-16 18:00:00+00:00,64045.5,64199.8,64022.2,64166.5,262.8719
2026-07-16 18:15:00+00:00,64166.5,64305.9,64121.9,64183.1,311.5067
2026-07-16 18:30:00+00:00,64183.1,64197.4,64061.3,64126.1,245.2385
2026-07-16 18:45:00+00:00,64126.1,64299.7,64111.1,64217.2,184.7011
2026-07-16 19:00:00+00:00,64217.2,64277.6,64185.8,64202.2,162.1225
2026-07-16 19:15:00+00:00,64202.2,64255.9,64135.3,64237.3,187.1445
2026-07-16 19:30:00+00:00,64237.3,64261.4,64167.2,64170.6,184.3742
2026-07-16 19:45:00+00:00,64170.6,64254.9,64120.0,64241.7,215.749
2026-07-16 20:00:00+00:00,64241.7,64249.9,64155.0,64159.9,95.9226
2026-07-16 20:15:00+00:00,64159.9,64215.8,64124.9,64153.8,77.7665
2026-07-16 20:30:00+00:00,64153.8,64181.5,64103.5,64123.4,60.6566
2026-07-16 20:45:00+00:00,64123.4,64134.5,64075.1,64090.0,101.9344
2026-07-16 21:00:00+00:00,64090.0,64181.1,64077.1,64159.9,86.7883
2026-07-16 21:15:00+00:00,64159.9,64185.6,64132.2,64142.6,53.817
2026-07-16 21:30:00+00:00,64142.6,64215.2,64129.8,64189.8,102.0236
2026-07-16 21:45:00+00:00,64189.8,64189.9,64105.0,64135.9,71.0633
2026-07-16 22:00:00+00:00,64135.9,64218.0,64126.9,64176.5,340.0848
2026-07-16 22:15:00+00:00,64176.5,64176.5,63985.2,63997.3,196.3847
2026-07-16 22:30:00+00:00,63997.3,64152.8,63997.3,64053.8,370.5571
2026-07-16 22:45:00+00:00,64053.8,64058.8,63922.4,63939.4,213.4807
2026-07-16 23:00:00+00:00,63939.4,63978.6,63879.9,63901.4,136.4334
2026-07-16 23:15:00+00:00,63901.4,63901.4,63718.3,63787.8,680.5042
2026-07-16 23:30:00+00:00,63787.8,63825.9,63713.9,63809.9,250.9879
2026-07-16 23:45:00+00:00,63809.9,63881.9,63766.9,63800.9,265.5092
2026-07-17 00:00:00+00:00,63800.9,63819.1,63716.2,63768.1,316.4946
2026-07-17 00:15:00+00:00,63768.1,63890.4,63740.7,63772.0,228.2541
2026-07-17 00:30:00+00:00,63772.0,63779.3,63579.8,63764.9,577.9483
2026-07-17 00:45:00+00:00,63764.9,63862.7,63762.3,63862.7,339.8132
2026-07-17 01:00:00+00:00,63862.7,64041.4,63840.9,63963.6,497.0267
2026-07-17 01:15:00+00:00,63963.6,63994.9,63799.9,63949.8,375.4532
2026-07-17 01:30:00+00:00,63949.8,63959.4,63699.8,63699.8,275.6418
2026-07-17 01:45:00+00:00,63699.8,63699.8,63441.2,63510.7,1063.8835
2026-07-17 02:00:00+00:00,63510.7,63597.6,63401.0,63584.7,543.5293
2026-07-17 02:15:00+00:00,63584.7,63627.9,63469.8,63505.3,329.9927
2026-07-17 02:30:00+00:00,63505.3,63548.5,63385.8,63426.6,326.3835
2026-07-17 02:45:00+00:00,63426.6,63475.6,63357.9,63457.4,308.7637
2026-07-17 03:00:00+00:00,63457.4,63633.1,63450.1,63596.0,351.5581
2026-07-17 03:15:00+00:00,63596.0,63693.1,63587.8,63650.3,343.89
2026-07-17 03:30:00+00:00,63650.3,63669.1,63577.6,63597.8,195.7991
2026-07-17 03:45:00+00:00,63597.8,63606.9,63494.8,63538.0,200.5168
2026-07-17 04:00:00+00:00,63538.0,63538.2,63453.9,63471.0,132.2372
2026-07-17 04:15:00+00:00,63471.0,63505.8,63283.3,63362.6,485.9334
2026-07-17 04:30:00+00:00,63362.6,63470.9,63308.0,63455.3,261.9197
2026-07-17 04:45:00+00:00,63455.3,63557.5,63443.9,63460.0,240.5289
2026-07-17 05:00:00+00:00,63460.0,63460.0,63339.8,63408.0,189.8248
2026-07-17 05:15:00+00:00,63408.0,63414.7,63158.1,63176.4,639.8272
2026-07-17 05:30:00+00:00,63176.4,63200.0,62930.1,62943.0,1312.9036
2026-07-17 05:45:00+00:00,62943.0,62948.8,62754.6,62807.3,795.7749
2026-07-17 06:00:00+00:00,62807.3,62961.7,62734.9,62795.9,574.2358
2026-07-17 06:15:00+00:00,62795.9,62913.9,62673.6,62900.1,621.9667
2026-07-17 06:30:00+00:00,62900.1,62932.9,62830.5,62846.3,193.9455
2026-07-17 06:45:00+00:00,62846.3,62922.4,62818.8,62915.4,146.8762
2026-07-17 07:00:00+00:00,62915.4,62915.4,62836.6,62871.7,247.4578
2026-07-17 07:15:00+00:00,62871.7,62904.7,62761.2,62900.4,215.2505
2026-07-17 07:30:00+00:00,62900.4,62947.1,62839.0,62899.5,198.5089
2026-07-17 07:45:00+00:00,62899.5,62926.1,62784.0,62792.7,183.7573
2026-07-17 08:00:00+00:00,62792.7,62864.3,62725.6,62864.2,548.9655
2026-07-17 08:15:00+00:00,62864.2,62866.8,62705.2,62771.9,294.3494
2026-07-17 08:30:00+00:00,62771.9,62771.9,62616.3,62760.1,303.0014
2026-07-17 08:45:00+00:00,62760.1,62905.0,62760.1,62857.3,192.9065
2026-07-17 09:00:00+00:00,62857.3,62933.0,62831.6,62932.0,174.7221
2026-07-17 09:15:00+00:00,62932.0,62941.7,62833.2,62920.1,113.7421
2026-07-17 09:30:00+00:00,62920.1,63033.9,62897.3,63033.8,191.8712
2026-07-17 09:45:00+00:00,63033.8,63039.7,62937.0,62962.2,205.7722
2026-07-17 10:00:00+00:00,62962.2,63111.1,62962.1,63070.3,340.459
2026-07-17 10:15:00+00:00,63070.3,63100.8,63019.9,63063.5,179.7956
2026-07-17 10:30:00+00:00,63063.5,63161.5,63048.6,63151.9,157.2426
2026-07-17 10:45:00+00:00,63151.9,63165.8,63133.1,63146.7,412.2617
2026-07-17 11:00:00+00:00,63146.7,63179.9,63055.1,63055.1,139.5752
2026-07-17 11:15:00+00:00,63055.1,63107.1,63030.0,63103.9,187.4338
2026-07-17 11:30:00+00:00,63103.9,63275.9,63075.9,63274.3,217.822
2026-07-17 11:45:00+00:00,63274.3,63337.3,63237.7,63272.9,165.1176
2026-07-17 12:00:00+00:00,63272.9,63319.9,63208.7,63226.6,145.171
2026-07-17 12:15:00+00:00,63226.6,63274.9,63140.1,63173.0,206.901
2026-07-17 12:30:00+00:00,63173.0,63178.1,63048.7,63087.9,571.6956
2026-07-17 12:45:00+00:00,63087.9,63136.8,63036.9,63073.6,213.796
2026-07-17 13:00:00+00:00,63073.6,63073.7,62739.9,62788.2,1071.0175
2026-07-17 13:15:00+00:00,62788.2,62933.3,62778.3,62829.7,399.3037
2026-07-17 13:30:00+00:00,62829.7,62913.8,62508.6,62539.8,1789.0841
2026-07-17 13:45:00+00:00,62539.8,63155.7,62506.7,63128.6,1860.1526
2026-07-17 14:00:00+00:00,63128.6,63495.2,63117.6,63367.0,1449.6282
2026-07-17 14:15:00+00:00,63367.0,63468.1,63163.7,63216.4,1179.7272
2026-07-17 14:30:00+00:00,63216.4,63328.0,63049.2,63242.9,1096.2718
2026-07-17 14:45:00+00:00,63242.9,63268.5,63100.8,63139.5,725.6674
2026-07-17 15:00:00+00:00,63139.5,63162.4,62818.5,62890.6,1236.0729
2026-07-17 15:15:00+00:00,62890.6,63249.5,62875.4,63240.3,773.4751
2026-07-17 15:30:00+00:00,63240.3,63277.6,63085.5,63187.8,703.7814
2026-07-17 15:45:00+00:00,63187.8,63432.4,63119.8,63432.4,391.2937
2026-07-17 16:00:00+00:00,63432.4,63541.0,63320.9,63437.6,773.5468
2026-07-17 16:15:00+00:00,63437.6,63513.5,63275.6,63445.8,680.6332
2026-07-17 16:30:00+00:00,63445.8,63512.8,63339.9,63499.9,345.8077
2026-07-17 16:45:00+00:00,63499.9,63681.3,63454.0,63553.6,588.9612
2026-07-17 17:00:00+00:00,63553.6,64121.9,63553.6,63927.9,1269.6618
2026-07-17 17:15:00+00:00,63927.9,64098.1,63882.4,63994.7,589.674
2026-07-17 17:30:00+00:00,63994.7,64079.9,63942.5,63999.4,462.4478
2026-07-17 17:45:00+00:00,63999.4,64194.5,63961.7,64011.7,540.9774
2026-07-17 18:00:00+00:00,64011.7,64081.8,63931.9,64056.6,388.2124
2026-07-17 18:15:00+00:00,64056.6,64056.6,63857.1,63928.4,440.0081
2026-07-17 18:30:00+00:00,63928.4,64120.0,63915.3,64118.4,391.4737
2026-07-17 18:45:00+00:00,64118.4,64355.2,64112.9,64223.5,938.0324
2026-07-17 19:00:00+00:00,64223.5,64225.9,64017.7,64039.6,286.1325
2026-07-17 19:15:00+00:00,64039.6,64060.4,63943.5,64059.8,257.6488
2026-07-17 19:30:00+00:00,64059.8,64148.7,64035.2,64148.6,318.8838
2026-07-17 19:45:00+00:00,64148.6,64179.6,64107.0,64121.6,207.6142
2026-07-17 20:00:00+00:00,64121.6,64121.6,63967.4,63975.9,191.9438
2026-07-17 20:15:00+00:00,63975.9,64045.0,63949.7,64005.5,201.3052
2026-07-17 20:30:00+00:00,64005.5,64081.6,63928.9,64081.6,138.4242
2026-07-17 20:45:00+00:00,64081.6,64165.7,64004.7,64086.1,199.8376
2026-07-17 21:00:00+00:00,64086.1,64159.5,64086.1,64133.2,87.5465
2026-07-17 21:15:00+00:00,64133.2,64188.2,64095.0,64112.2,131.1045
2026-07-17 21:30:00+00:00,64112.2,64121.8,64046.1,64069.9,105.5392
2026-07-17 21:45:00+00:00,64069.9,64081.0,64031.6,64070.5,100.2761
2026-07-17 22:00:00+00:00,64070.5,64117.5,64023.2,64052.0,118.3256
2026-07-17 22:15:00+00:00,64052.0,64052.0,63933.9,63937.4,143.9139
2026-07-17 22:30:00+00:00,63937.4,63945.3,63891.4,63918.7,73.5587
2026-07-17 22:45:00+00:00,63918.7,63966.0,63912.1,63952.7,47.1076
2026-07-17 23:00:00+00:00,63952.7,63952.7,63859.8,63878.0,83.7576
2026-07-17 23:15:00+00:00,63878.0,63938.9,63867.9,63938.9,44.6525
2026-07-17 23:30:00+00:00,63938.9,63985.0,63935.5,63948.1,55.8895
2026-07-17 23:45:00+00:00,63948.1,63969.4,63898.9,63909.8,77.1828
2026-07-18 00:00:00+00:00,63909.8,63943.4,63859.6,63936.8,81.4835
2026-07-18 00:15:00+00:00,63936.8,63990.8,63931.8,63964.1,73.1947
2026-07-18 00:30:00+00:00,63964.1,63964.1,63871.3,63896.8,62.962
2026-07-18 00:45:00+00:00,63896.8,63929.4,63864.9,63881.5,57.1037
2026-07-18 01:00:00+00:00,63881.5,63899.6,63860.0,63896.1,83.5233
2026-07-18 01:15:00+00:00,63896.1,63979.9,63896.0,63973.3,52.068
2026-07-18 01:30:00+00:00,63973.3,63973.4,63887.9,63916.5,89.2792
2026-07-18 01:45:00+00:00,63916.5,63958.5,63916.4,63929.1,52.1082
2026-07-18 02:00:00+00:00,63929.1,63948.0,63899.9,63942.2,71.4529
2026-07-18 02:15:00+00:00,63942.2,63980.5,63942.2,63969.8,49.3209
2026-07-18 02:30:00+00:00,63969.8,64016.3,63934.5,63938.6,120.4809
2026-07-18 02:45:00+00:00,63938.6,63950.0,63920.4,63931.4,32.6917
2026-07-18 03:00:00+00:00,63931.4,63959.9,63920.9,63953.1,45.4581
2026-07-18 03:15:00+00:00,63953.1,63969.5,63916.3,63924.7,45.0719
2026-07-18 03:30:00+00:00,63924.7,63938.9,63908.9,63915.5,45.9326
2026-07-18 03:45:00+00:00,63915.5,63995.7,63899.8,63989.3,78.7499
2026-07-18 04:00:00+00:00,63989.3,63992.6,63952.2,63966.8,46.1396
2026-07-18 04:15:00+00:00,63966.8,63967.4,63929.9,63953.3,49.8455
2026-07-18 04:30:00+00:00,63953.3,63953.4,63914.9,63919.9,42.5711
2026-07-18 04:45:00+00:00,63919.9,63949.0,63919.8,63946.1,22.2229
2026-07-18 05:00:00+00:00,63946.1,63953.1,63899.9,63900.0,33.9707
2026-07-18 05:15:00+00:00,63900.0,63951.8,63894.2,63946.6,46.5781
2026-07-18 05:30:00+00:00,63946.6,63973.3,63932.6,63939.8,38.2543
2026-07-18 05:45:00+00:00,63939.8,63973.3,63913.9,63936.1,57.5568
2026-07-18 06:00:00+00:00,63936.1,63942.3,63925.7,63936.1,26.0019
2026-07-18 06:15:00+00:00,63936.1,63978.9,63935.2,63959.8,36.4695
2026-07-18 06:30:00+00:00,63959.8,63959.9,63914.1,63946.4,30.0191
2026-07-18 06:45:00+00:00,63946.4,63956.9,63943.2,63954.1,14.3936
2026-07-18 07:00:00+00:00,63954.1,63993.2,63952.6,63967.2,43.7141
2026-07-18 07:15:00+00:00,63967.2,63991.5,63967.1,63989.9,25.1544
2026-07-18 07:30:00+00:00,63989.9,63995.0,63966.1,63992.3,45.3687
2026-07-18 07:45:00+00:00,63992.3,63999.9,63975.8,63980.0,34.5471
2026-07-18 08:00:00+00:00,63980.0,63993.9,63930.3,63954.7,66.6388
2026-07-18 08:15:00+00:00,63954.7,63988.5,63951.1,63988.5,40.8025
2026-07-18 08:30:00+00:00,63988.5,63997.7,63956.8,63956.9,33.1916
2026-07-18 08:45:00+00:00,63956.9,63985.4,63956.8,63977.0,31.3096
2026-07-18 09:00:00+00:00,63977.0,63985.0,63940.3,63953.0,36.0041
2026-07-18 09:15:00+00:00,63953.0,63953.1,63912.2,63919.5,43.1936
2026-07-18 09:30:00+00:00,63919.5,63949.6,63919.5,63949.6,26.1373
2026-07-18 09:45:00+00:00,63949.6,63963.6,63947.7,63961.1,15.7477
2026-07-18 10:00:00+00:00,63961.1,63974.2,63957.2,63967.8,21.7313
2026-07-18 10:15:00+00:00,63967.8,63983.4,63965.0,63980.2,32.5306
2026-07-18 10:30:00+00:00,63980.2,63989.9,63971.8,63981.1,30.1857
2026-07-18 10:45:00+00:00,63981.1,63984.8,63979.8,63981.2,38.4945
2026-07-18 11:00:00+00:00,63981.2,63996.7,63981.1,63990.1,69.4944
2026-07-18 11:15:00+00:00,63990.1,64000.0,63990.0,63992.0,30.9201
2026-07-18 11:30:00+00:00,63992.0,63997.5,63992.0,63996.5,24.0609
2026-07-18 11:45:00+00:00,63996.5,64070.4,63995.0,64033.2,80.5009
2026-07-18 12:00:00+00:00,64033.2,64169.9,64033.2,64100.0,160.4932
2026-07-18 12:15:00+00:00,64100.0,64114.2,64019.3,64061.0,109.4056
2026-07-18 12:30:00+00:00,64061.0,64177.6,64033.0,64152.5,133.8013
2026-07-18 12:45:00+00:00,64152.5,64233.3,64152.5,64181.4,156.97
2026-07-18 13:00:00+00:00,64181.4,64185.1,63956.3,63981.6,186.3393
2026-07-18 13:15:00+00:00,63981.6,64033.9,63925.2,64026.5,170.5055
2026-07-18 13:30:00+00:00,64026.5,64073.7,63993.6,64028.2,109.3431
2026-07-18 13:45:00+00:00,64028.2,64081.7,64002.6,64081.2,70.8508
2026-07-18 14:00:00+00:00,64081.2,64147.2,64065.8,64135.9,129.6392
2026-07-18 14:15:00+00:00,64135.9,64147.3,64089.0,64147.0,69.3742
2026-07-18 14:30:00+00:00,64147.0,64167.2,64118.6,64150.3,72.4887
2026-07-18 14:45:00+00:00,64150.3,64150.6,64076.6,64098.9,75.3735
2026-07-18 15:00:00+00:00,64098.9,64105.6,64050.8,64070.1,64.0944
2026-07-18 15:15:00+00:00,64070.1,64107.5,64045.8,64045.8,65.9601
2026-07-18 15:30:00+00:00,64045.8,64055.7,64011.9,64012.0,56.7131
2026-07-18 15:45:00+00:00,64012.0,64135.6,63999.9,64089.9,89.0101
2026-07-18 16:00:00+00:00,64089.9,64128.9,64054.4,64114.1,82.8142
2026-07-18 16:15:00+00:00,64114.1,64121.6,64076.7,64116.8,52.8849
2026-07-18 16:30:00+00:00,64116.8,64142.0,64099.9,64110.7,40.8085
2026-07-18 16:45:00+00:00,64110.7,64298.5,64086.0,64278.2,1788.5503
2026-07-18 17:00:00+00:00,64278.2,64299.9,64251.2,64299.8,116.0356
2026-07-18 17:15:00+00:00,64299.8,64425.3,64252.3,64267.0,299.2238
2026-07-18 17:30:00+00:00,64267.0,64437.0,64266.9,64413.1,158.6972
2026-07-18 17:45:00+00:00,64413.1,64465.9,64376.8,64449.8,257.2624
2026-07-18 18:00:00+00:00,64449.8,64457.9,64425.3,64438.3,124.3537
2026-07-18 18:15:00+00:00,64438.3,64645.5,64428.7,64542.8,972.0744
2026-07-18 18:30:00+00:00,64542.8,64542.8,64441.8,64443.3,136.8218
2026-07-18 18:45:00+00:00,64443.3,64500.0,64441.6,64477.2,88.2974
2026-07-18 19:00:00+00:00,64477.2,64523.4,64474.1,64507.3,276.019
2026-07-18 19:15:00+00:00,64507.3,64565.6,64446.8,64446.9,377.7387
2026-07-18 19:30:00+00:00,64446.9,64509.8,64445.3,64493.7,62.4129
2026-07-18 19:45:00+00:00,64493.7,64539.9,64493.7,64526.2,58.057
2026-07-18 20:00:00+00:00,64526.2,64607.7,64467.8,64588.0,180.4671
2026-07-18 20:15:00+00:00,64588.0,64712.0,64579.0,64614.6,210.9396
2026-07-18 20:30:00+00:00,64614.6,64614.6,64553.9,64576.9,78.9941
2026-07-18 20:45:00+00:00,64576.9,64690.1,64539.8,64665.5,174.5972
2026-07-18 21:00:00+00:00,64665.5,64741.4,64611.3,64741.4,112.0329
2026-07-18 21:15:00+00:00,64741.4,64819.2,64689.0,64694.8,285.2183
2026-07-18 21:30:00+00:00,64694.8,64694.8,64600.5,64617.2,127.9451
2026-07-18 21:45:00+00:00,64617.2,64780.0,64584.1,64697.5,293.7565
2026-07-18 22:00:00+00:00,64697.5,64837.4,64692.0,64765.4,446.7646
2026-07-18 22:15:00+00:00,64765.4,64804.9,64702.5,64702.6,350.0643
2026-07-18 22:30:00+00:00,64702.6,64756.8,64680.6,64743.2,196.89
2026-07-18 22:45:00+00:00,64743.2,64800.1,64715.5,64774.2,111.9847
2026-07-18 23:00:00+00:00,64774.2,64790.0,64677.7,64705.2,97.5802
2026-07-18 23:15:00+00:00,64705.2,64812.3,64701.2,64799.6,185.9207
2026-07-18 23:30:00+00:00,64799.6,64812.2,64769.9,64795.0,76.0303
2026-07-18 23:45:00+00:00,64795.0,64818.0,64774.7,64806.6,42.6294
2026-07-19 00:00:00+00:00,64806.6,64827.3,64781.5,64811.7,56.4068
2026-07-19 00:15:00+00:00,64811.7,64878.8,64756.8,64761.6,121.8893
2026-07-19 00:30:00+00:00,64761.6,64780.4,64749.7,64749.8,41.9019
2026-07-19 00:45:00+00:00,64749.8,64779.4,64749.7,64756.2,62.4758
2026-07-19 01:00:00+00:00,64756.2,64765.6,64749.4,64749.9,37.5015
2026-07-19 01:15:00+00:00,64749.9,64771.7,64749.7,64752.5,32.4652
2026-07-19 01:30:00+00:00,64752.5,64753.4,64749.7,64749.8,17.8692
2026-07-19 01:45:00+00:00,64749.8,64761.9,64749.7,64749.8,20.3198
2026-07-19 02:00:00+00:00,64749.8,64948.7,64672.3,64868.9,343.3969
2026-07-19 02:15:00+00:00,64868.9,64900.3,64773.3,64795.6,138.7356
2026-07-19 02:30:00+00:00,64795.6,64927.9,64795.6,64812.4,137.1477
2026-07-19 02:45:00+00:00,64812.4,64838.6,64791.1,64795.3,84.7968
2026-07-19 03:00:00+00:00,64795.3,64815.6,64690.5,64704.9,75.4733
2026-07-19 03:15:00+00:00,64704.9,64705.0,64594.7,64641.5,159.1949
2026-07-19 03:30:00+00:00,64641.5,64670.7,64623.6,64642.2,84.2239
2026-07-19 03:45:00+00:00,64642.2,64686.6,64634.8,64686.6,49.2651
2026-07-19 04:00:00+00:00,64686.6,64686.7,64581.3,64617.0,84.4586
2026-07-19 04:15:00+00:00,64617.0,64690.9,64617.0,64684.8,52.8564
2026-07-19 04:30:00+00:00,64684.8,64772.1,64669.2,64734.6,70.7189
2026-07-19 04:45:00+00:00,64734.6,64759.3,64682.5,64692.1,409.6096
2026-07-19 05:00:00+00:00,64692.1,64772.7,64692.1,64765.2,66.2655
2026-07-19 05:15:00+00:00,64765.2,64789.7,64680.9,64685.3,77.39
2026-07-19 05:30:00+00:00,64685.3,64687.1,64643.4,64670.0,47.3733
2026-07-19 05:45:00+00:00,64670.0,64722.0,64670.0,64695.0,42.1417
2026-07-19 06:00:00+00:00,64695.0,64700.1,64669.8,64700.0,33.5973
2026-07-19 06:15:00+00:00,64700.0,64732.2,64689.6,64701.6,51.8787
2026-07-19 06:30:00+00:00,64701.6,64737.6,64690.9,64705.1,54.8181
2026-07-19 06:45:00+00:00,64705.1,64712.2,64677.1,64682.2,44.9334
2026-07-19 07:00:00+00:00,64682.2,64697.4,64659.1,64664.7,29.0439
2026-07-19 07:15:00+00:00,64664.7,64698.6,64661.2,64696.2,34.3373
2026-07-19 07:30:00+00:00,64696.2,64759.3,64681.3,64744.1,74.4119
2026-07-19 07:45:00+00:00,64744.1,64744.2,64642.4,64692.1,160.2254
2026-07-19 08:00:00+00:00,64692.1,64706.3,64638.6,64678.6,156.2823
2026-07-19 08:15:00+00:00,64678.6,64678.7,64599.9,64636.5,69.8739
2026-07-19 08:30:00+00:00,64636.5,64653.1,64609.8,64627.5,48.2527
2026-07-19 08:45:00+00:00,64627.5,64723.3,64618.1,64678.1,86.8199
2026-07-19 09:00:00+00:00,64678.1,64694.0,64619.8,64619.9,74.011
2026-07-19 09:15:00+00:00,64619.9,64619.9,64522.7,64556.0,99.8571
2026-07-19 09:30:00+00:00,64556.0,64580.6,64468.8,64494.6,229.5413
2026-07-19 09:45:00+00:00,64494.6,64523.8,64479.0,64495.0,99.1857
2026-07-19 10:00:00+00:00,64495.0,64573.4,64454.5,64546.7,117.1465
2026-07-19 10:15:00+00:00,64546.7,64605.0,64546.6,64604.2,75.8929
2026-07-19 10:30:00+00:00,64604.2,64655.5,64586.7,64645.0,70.3535
2026-07-19 10:45:00+00:00,64645.0,64677.5,64537.1,64561.3,133.2039
2026-07-19 11:00:00+00:00,64561.3,64605.8,64480.6,64559.3,175.8068
2026-07-19 11:15:00+00:00,64559.3,64610.0,64500.1,64524.0,100.5167
2026-07-19 11:30:00+00:00,64524.0,64531.4,64479.9,64504.2,53.5848
2026-07-19 11:45:00+00:00,64504.2,64516.4,64414.8,64445.5,98.4899
2026-07-19 12:00:00+00:00,64445.5,64445.5,64318.6,64318.7,187.8554
2026-07-19 12:15:00+00:00,64318.7,64426.9,64259.3,64287.8,332.0206
2026-07-19 12:30:00+00:00,64287.8,64417.1,64279.9,64384.8,222.6931
2026-07-19 12:45:00+00:00,64384.8,64431.9,64321.4,64417.3,164.5403
2026-07-19 13:00:00+00:00,64417.3,64431.9,64319.9,64335.4,117.0929
2026-07-19 13:15:00+00:00,64335.4,64397.7,64273.3,64383.4,155.8139
2026-07-19 13:30:00+00:00,64383.4,64455.7,64379.7,64393.6,119.8924
2026-07-19 13:45:00+00:00,64393.6,64497.6,64383.8,64452.8,133.3512
2026-07-19 14:00:00+00:00,64452.8,64532.3,64446.1,64517.4,137.5214
2026-07-19 14:15:00+00:00,64517.4,64533.1,64389.0,64436.9,122.6988
2026-07-19 14:30:00+00:00,64436.9,64523.7,64421.3,64499.8,141.2507
2026-07-19 14:45:00+00:00,64499.8,64631.7,64495.6,64561.0,240.7025
2026-07-19 15:00:00+00:00,64561.0,64594.6,64499.8,64550.8,248.4351
2026-07-19 15:15:00+00:00,64550.8,64569.7,64467.9,64479.9,144.05
2026-07-19 15:30:00+00:00,64479.9,64559.2,64464.9,64536.0,150.7961
2026-07-19 15:45:00+00:00,64536.0,64560.0,64508.1,64545.2,100.7859
2026-07-19 16:00:00+00:00,64545.2,64624.4,64474.2,64522.9,190.1767
2026-07-19 16:15:00+00:00,64522.9,64603.0,64483.3,64582.4,99.6072
2026-07-19 16:30:00+00:00,64582.4,64585.7,64498.6,64577.4,101.0718
2026-07-19 16:45:00+00:00,64577.4,64584.9,64490.2,64510.5,78.6982
2026-07-19 17:00:00+00:00,64510.5,64671.0,64370.3,64670.9,713.5544
2026-07-19 17:15:00+00:00,64670.9,64729.9,64599.8,64617.1,267.7719
2026-07-19 17:30:00+00:00,64617.1,64700.1,64572.1,64592.3,132.5301
2026-07-19 17:45:00+00:00,64592.3,64592.3,64505.6,64520.0,119.3506
2026-07-19 18:00:00+00:00,64520.0,64529.0,64265.2,64447.8,598.1359
2026-07-19 18:15:00+00:00,64447.8,64466.4,64366.0,64369.1,209.4077
2026-07-19 18:30:00+00:00,64369.1,64420.0,64317.9,64400.0,121.0397
2026-07-19 18:45:00+00:00,64400.0,64420.0,64336.3,64399.5,175.0445
2026-07-19 19:00:00+00:00,64399.5,64439.9,64319.4,64428.5,135.0638
2026-07-19 19:15:00+00:00,64428.5,64442.0,64391.9,64415.2,59.9134
2026-07-19 19:30:00+00:00,64415.2,64436.7,64381.8,64391.1,88.0928
2026-07-19 19:45:00+00:00,64391.1,64440.1,64359.4,64437.9,87.2756
2026-07-19 20:00:00+00:00,64437.9,64531.3,64437.9,64480.2,156.9807
2026-07-19 20:15:00+00:00,64480.2,64502.3,64443.1,64462.8,66.7573
2026-07-19 20:30:00+00:00,64462.8,64510.4,64450.9,64475.4,44.3614
2026-07-19 20:45:00+00:00,64475.4,64515.8,64453.5,64515.8,86.572
2026-07-19 21:00:00+00:00,64515.8,64538.9,64462.7,64510.8,71.3279
2026-07-19 21:15:00+00:00,64510.8,64514.7,64429.9,64449.9,53.8047
2026-07-19 21:30:00+00:00,64449.9,64450.0,64319.9,64324.2,219.673
2026-07-19 21:45:00+00:00,64324.2,64408.7,64309.7,64393.5,216.0464
2026-07-19 22:00:00+00:00,64393.5,64659.9,64319.2,64633.5,882.8463
2026-07-19 22:15:00+00:00,64633.5,64874.6,64633.5,64726.3,831.9853
2026-07-19 22:30:00+00:00,64726.3,64789.9,64653.3,64777.2,310.0868
2026-07-19 22:45:00+00:00,64777.2,64777.2,64635.0,64642.7,202.8875
2026-07-19 23:00:00+00:00,64642.7,64685.8,64534.9,64669.6,268.6088
2026-07-19 23:15:00+00:00,64669.6,64681.6,64605.9,64642.1,146.5117
2026-07-19 23:30:00+00:00,64642.1,64743.7,64610.2,64719.9,211.5012
2026-07-19 23:45:00+00:00,64719.9,64748.0,64625.6,64694.7,217.0789
2026-07-20 00:00:00+00:00,64694.7,65039.8,64534.7,64990.7,856.2603
2026-07-20 00:15:00+00:00,64990.7,65084.5,64769.2,64843.7,917.2043
2026-07-20 00:30:00+00:00,64843.7,64911.8,64756.5,64785.5,330.3516
2026-07-20 00:45:00+00:00,64785.5,64785.5,64379.9,64525.9,602.0367
2026-07-20 01:00:00+00:00,64525.9,65010.8,64473.0,64775.1,931.1457
2026-07-20 01:15:00+00:00,64775.1,64923.4,64657.0,64820.6,560.9263
2026-07-20 01:30:00+00:00,64820.6,64903.7,64668.7,64736.7,431.4325
2026-07-20 01:45:00+00:00,64736.7,64754.6,64469.9,64594.6,353.323
2026-07-20 02:00:00+00:00,64594.6,64919.9,64588.8,64794.4,587.7679
2026-07-20 02:15:00+00:00,64794.4,64804.4,64551.5,64637.3,488.3255
2026-07-20 02:30:00+00:00,64637.3,64864.0,64626.1,64801.7,415.592
2026-07-20 02:45:00+00:00,64801.7,64939.8,64799.9,64800.0,314.5653
2026-07-20 03:00:00+00:00,64800.0,64860.0,64742.8,64812.8,232.1339
2026-07-20 03:15:00+00:00,64812.8,64859.9,64610.2,64650.3,286.8918
2026-07-20 03:30:00+00:00,64650.3,64873.3,64628.5,64873.3,276.1309
2026-07-20 03:45:00+00:00,64873.3,64886.8,64752.7,64839.2,225.0091
2026-07-20 04:00:00+00:00,64839.2,64843.2,64669.9,64674.2,169.3042
2026-07-20 04:15:00+00:00,64674.2,64756.9,64602.0,64733.5,241.3668
2026-07-20 04:30:00+00:00,64733.5,64789.8,64673.1,64699.9,242.6023
2026-07-20 04:45:00+00:00,64699.9,64704.1,64503.0,64511.2,302.4077
2026-07-20 05:00:00+00:00,64511.2,64535.9,64045.9,64216.8,908.9507
2026-07-20 05:15:00+00:00,64216.8,64359.4,64059.4,64159.8,939.1994
2026-07-20 05:30:00+00:00,64159.8,64232.4,64079.8,64178.7,537.2829
2026-07-20 05:45:00+00:00,64178.7,64181.8,64068.8,64101.6,356.0261
2026-07-20 06:00:00+00:00,64101.6,64173.1,64051.8,64169.9,375.0445
2026-07-20 06:15:00+00:00,64169.9,64198.2,64064.8,64107.2,234.794
2026-07-20 06:30:00+00:00,64107.2,64129.9,63736.0,63793.5,1497.5949
2026-07-20 06:45:00+00:00,63793.5,63918.9,63737.8,63889.8,541.4512
2026-07-20 07:00:00+00:00,63889.8,63984.0,63885.4,63941.4,259.5424
2026-07-20 07:15:00+00:00,63941.4,64115.5,63865.0,64101.5,452.5951
2026-07-20 07:30:00+00:00,64101.5,64187.9,64063.3,64187.8,325.6226
2026-07-20 07:45:00+00:00,64187.8,64284.4,64166.3,64249.8,264.4153
2026-07-20 08:00:00+00:00,64249.8,64336.9,64203.1,64271.4,255.1015
2026-07-20 08:15:00+00:00,64271.4,64332.9,64199.7,64210.1,288.4671
2026-07-20 08:30:00+00:00,64210.1,64249.8,63858.0,63895.7,742.9032
2026-07-20 08:45:00+00:00,63895.7,64086.0,63895.7,64031.2,220.4968
2026-07-20 09:00:00+00:00,64031.2,64087.3,63984.3,64077.5,139.7357
2026-07-20 09:15:00+00:00,64077.5,64175.5,64058.6,64174.3,163.7472
2026-07-20 09:30:00+00:00,64174.3,64231.9,64155.3,64210.3,131.0449
2026-07-20 09:45:00+00:00,64210.3,64260.0,64176.4,64176.5,177.1473
2026-07-20 10:00:00+00:00,64176.5,64260.5,64136.8,64258.4,147.9918
2026-07-20 10:15:00+00:00,64258.4,64393.1,64224.5,64329.0,262.6434
2026-07-20 10:30:00+00:00,64329.0,64329.0,64229.4,64304.8,206.7276
2026-07-20 10:45:00+00:00,64304.8,64327.2,64267.3,64280.3,99.3057
2026-07-20 11:00:00+00:00,64280.3,64425.2,64240.3,64360.0,315.4457
2026-07-20 11:15:00+00:00,64360.0,64376.5,64294.6,64322.6,122.4912
2026-07-20 11:30:00+00:00,64322.6,64913.6,64315.9,64807.0,2320.4672
2026-07-20 11:45:00+00:00,64807.0,65048.2,64807.0,64970.8,751.3834
2026-07-20 12:00:00+00:00,64970.8,64979.5,64690.4,64729.5,1348.7851
2026-07-20 12:15:00+00:00,64729.5,64781.3,64646.9,64673.8,458.4512
2026-07-20 12:30:00+00:00,64673.8,64726.0,64572.6,64576.4,296.4386
2026-07-20 12:45:00+00:00,64576.4,64716.4,64571.0,64627.0,330.2017
2026-07-20 13:00:00+00:00,64627.0,64727.5,64599.9,64662.1,276.4803
2026-07-20 13:15:00+00:00,64662.1,64698.2,64501.3,64530.0,226.2644
2026-07-20 13:30:00+00:00,64530.0,64737.4,64470.9,64626.1,1179.2069
2026-07-20 13:45:00+00:00,64626.1,64736.2,64174.5,64314.8,1993.5621
2026-07-20 14:00:00+00:00,64314.8,64469.2,64247.9,64294.1,1016.0869
2026-07-20 14:15:00+00:00,64294.1,64443.7,64044.4,64441.0,1231.893
2026-07-20 14:30:00+00:00,64441.0,64514.9,64313.3,64400.0,878.7274
2026-07-20 14:45:00+00:00,64400.0,64549.4,64271.4,64392.8,770.6838
2026-07-20 15:00:00+00:00,64392.8,64971.0,64386.8,64949.8,1348.0608
2026-07-20 15:15:00+00:00,64949.8,64997.7,64855.1,64923.2,817.2716
2026-07-20 15:30:00+00:00,64923.2,65276.8,64779.8,65209.0,1658.4968
2026-07-20 15:45:00+00:00,65209.0,65663.7,65209.0,65570.0,3232.6158
2026-07-20 16:00:00+00:00,65570.0,65614.0,65398.4,65533.9,782.7521
2026-07-20 16:15:00+00:00,65533.9,65542.1,65352.9,65418.2,411.7389
2026-07-20 16:30:00+00:00,65418.2,65533.2,65303.1,65348.9,1527.339
2026-07-20 16:45:00+00:00,65348.9,65489.7,65339.1,65478.6,374.1714
2026-07-20 17:00:00+00:00,65478.6,65524.0,65411.2,65470.6,531.3325
2026-07-20 17:15:00+00:00,65470.6,65490.0,65399.9,65476.3,249.5383
2026-07-20 17:30:00+00:00,65476.3,65484.3,65313.9,65332.3,266.4799
2026-07-20 17:45:00+00:00,65332.3,65629.3,65332.3,65559.8,1029.7382
2026-07-20 18:00:00+00:00,65559.8,65784.8,65535.7,65724.9,1156.7187
2026-07-20 18:15:00+00:00,65724.9,65747.8,65549.0,65561.0,409.9663
2026-07-20 18:30:00+00:00,65561.0,65561.0,65319.5,65325.3,460.8559
2026-07-20 18:45:00+00:00,65325.3,65329.6,65169.9,65215.6,780.2445
2026-07-20 19:00:00+00:00,65215.6,65254.2,65072.9,65076.4,479.7141
2026-07-20 19:15:00+00:00,65076.4,65177.2,65043.9,65131.0,945.2468
2026-07-20 19:30:00+00:00,65131.0,65141.1,65011.4,65086.4,404.5884
2026-07-20 19:45:00+00:00,65086.4,65160.8,65043.4,65119.0,335.6927
2026-07-20 20:00:00+00:00,65119.0,65203.9,65030.1,65199.7,250.3086
2026-07-20 20:15:00+00:00,65199.7,65302.7,65166.2,65261.9,264.5763
2026-07-20 20:30:00+00:00,65261.9,65433.0,65248.1,65283.8,311.3604
2026-07-20 20:45:00+00:00,65283.8,65359.0,65283.8,65344.6,124.2568
2026-07-20 21:00:00+00:00,65344.6,65344.6,65255.8,65290.7,148.1858
2026-07-20 21:15:00+00:00,65290.7,65325.9,65272.2,65277.9,106.0958
2026-07-20 21:30:00+00:00,65277.9,65416.1,65277.9,65328.1,208.6958
2026-07-20 21:45:00+00:00,65328.1,65353.9,65241.6,65258.3,162.6345
2026-07-20 22:00:00+00:00,65258.3,65258.4,65109.8,65177.7,274.0677
2026-07-20 22:15:00+00:00,65177.7,65227.9,65125.6,65187.8,325.2153
2026-07-20 22:30:00+00:00,65187.8,65204.9,65061.1,65108.8,158.4706
2026-07-20 22:45:00+00:00,65108.8,65123.7,65089.0,65118.6,168.9701
2026-07-20 23:00:00+00:00,65118.6,65203.0,65098.8,65128.8,109.0568
2026-07-20 23:15:00+00:00,65128.8,65237.8,65128.8,65213.7,135.6578
2026-07-20 23:30:00+00:00,65213.7,65230.9,65164.9,65193.9,75.2618
2026-07-20 23:45:00+00:00,65193.9,65244.7,65133.6,65224.6,154.0511
2026-07-21 00:00:00+00:00,65224.6,65224.6,65122.1,65152.4,292.181
2026-07-21 00:15:00+00:00,65152.4,65399.7,65115.3,65321.7,362.2281
2026-07-21 00:30:00+00:00,65321.7,65519.4,65317.2,65461.2,329.8636
2026-07-21 00:45:00+00:00,65461.2,65560.9,65453.5,65538.8,259.1129
2026-07-21 01:00:00+00:00,65538.8,65634.3,65446.9,65513.2,388.4509
2026-07-21 01:15:00+00:00,65513.2,65519.8,65397.5,65414.7,241.0667
2026-07-21 01:30:00+00:00,65414.7,65451.9,65291.1,65310.1,285.4307
2026-07-21 01:45:00+00:00,65310.1,65315.2,65201.9,65205.0,222.7584
2026-07-21 02:00:00+00:00,65205.0,65387.8,65199.9,65261.2,334.6367
2026-07-21 02:15:00+00:00,65261.2,65298.6,65145.1,65239.0,252.0575
2026-07-21 02:30:00+00:00,65239.0,65346.1,65238.9,65326.6,164.4102
2026-07-21 02:45:00+00:00,65326.6,65479.0,65281.2,65386.3,241.3596
2026-07-21 03:00:00+00:00,65386.3,65515.0,65380.0,65466.9,302.0342
2026-07-21 03:15:00+00:00,65466.9,65513.0,65401.4,65464.3,168.6821
2026-07-21 03:30:00+00:00,65464.3,65519.6,65419.2,65502.2,178.9431
2026-07-21 03:45:00+00:00,65502.2,65571.3,65421.8,65539.4,199.8225
2026-07-21 04:00:00+00:00,65539.4,65722.9,65502.0,65574.2,370.3792
2026-07-21 04:15:00+00:00,65574.2,65649.0,65485.5,65488.7,166.2353
2026-07-21 04:30:00+00:00,65488.7,65549.9,65471.6,65516.3,175.513
2026-07-21 04:45:00+00:00,65516.3,65524.9,65453.4,65494.1,131.6822
2026-07-21 05:00:00+00:00,65494.1,65537.3,65460.0,65510.6,179.7455
2026-07-21 05:15:00+00:00,65510.6,65629.8,65462.3,65574.8,155.3868
2026-07-21 05:30:00+00:00,65574.8,65661.7,65533.0,65623.6,165.2881
2026-07-21 05:45:00+00:00,65623.6,65913.9,65585.3,65724.7,967.6251
2026-07-21 06:00:00+00:00,65724.7,65802.9,65604.7,65705.8,297.843
2026-07-21 06:15:00+00:00,65705.8,65825.0,65630.5,65798.5,270.8947
2026-07-21 06:30:00+00:00,65798.5,65970.0,65779.0,65932.9,381.7012
2026-07-21 06:45:00+00:00,65932.9,65949.9,65847.5,65892.3,209.5299
2026-07-21 07:00:00+00:00,65892.3,65921.9,65828.2,65896.4,171.1715
2026-07-21 07:15:00+00:00,65896.4,65988.0,65863.0,65932.7,234.7601
2026-07-21 07:30:00+00:00,65932.7,66124.9,65915.7,66015.2,547.644
2026-07-21 07:45:00+00:00,66015.2,66232.0,66002.8,66166.7,1136.6925
2026-07-21 08:00:00+00:00,66166.7,66269.2,66103.2,66263.1,400.8083
2026-07-21 08:15:00+00:00,66263.1,66333.0,66171.7,66194.3,534.0936
2026-07-21 08:30:00+00:00,66194.3,66337.6,66161.8,66279.7,387.1031
2026-07-21 08:45:00+00:00,66279.7,66305.8,66177.8,66199.8,228.8737
2026-07-21 09:00:00+00:00,66199.8,66213.5,66110.1,66187.6,206.1129
2026-07-21 09:15:00+00:00,66187.6,66223.5,66158.3,66211.0,135.5642
2026-07-21 09:30:00+00:00,66211.0,66313.5,66199.4,66272.1,185.4173
2026-07-21 09:45:00+00:00,66272.1,66322.4,66234.2,66261.0,137.1525
2026-07-21 10:00:00+00:00,66261.0,66371.7,66233.7,66331.2,281.1563
2026-07-21 10:15:00+00:00,66331.2,66381.0,66280.5,66369.8,258.718
2026-07-21 10:30:00+00:00,66369.8,66389.9,66290.9,66317.5,204.8055
2026-07-21 10:45:00+00:00,66317.5,66329.9,66145.6,66160.9,242.9866
2026-07-21 11:00:00+00:00,66160.9,66228.8,66116.9,66204.6,221.3769
2026-07-21 11:15:00+00:00,66204.6,66230.6,66154.8,66206.8,196.5949
2026-07-21 11:30:00+00:00,66206.8,66322.8,66203.2,66309.7,360.8382
2026-07-21 11:45:00+00:00,66309.7,66332.7,66292.3,66317.8,83.612
2026-07-21 12:00:00+00:00,66317.8,66427.7,66236.0,66377.9,363.1715
2026-07-21 12:15:00+00:00,66377.9,66472.5,66316.1,66430.7,316.2425
2026-07-21 12:30:00+00:00,66430.7,66612.7,66395.4,66491.6,702.7462
2026-07-21 12:45:00+00:00,66491.6,66558.9,66455.5,66527.5,250.4656
2026-07-21 13:00:00+00:00,66527.5,66613.5,66477.7,66592.8,293.0803
2026-07-21 13:15:00+00:00,66592.8,66636.9,66384.8,66410.0,413.5297
2026-07-21 13:30:00+00:00,66410.0,66528.6,66290.2,66335.3,857.0537
2026-07-21 13:45:00+00:00,66335.3,66776.0,66310.8,66748.6,1107.0664
2026-07-21 14:00:00+00:00,66748.6,66924.0,66697.5,66911.8,1023.5388
2026-07-21 14:15:00+00:00,66911.8,66911.8,66608.9,66699.9,776.3612
2026-07-21 14:30:00+00:00,66699.9,66848.8,66620.6,66814.9,430.5631
2026-07-21 14:45:00+00:00,66814.9,66890.1,66768.9,66804.3,545.5354
2026-07-21 15:00:00+00:00,66804.3,66804.3,66614.6,66650.8,512.273
2026-07-21 15:15:00+00:00,66650.8,66709.9,66581.3,66581.4,312.0029
2026-07-21 15:30:00+00:00,66581.4,66683.3,66488.8,66583.7,423.2198
2026-07-21 15:45:00+00:00,66583.7,66691.6,66556.5,66648.5,255.4816
2026-07-21 16:00:00+00:00,66648.5,66736.7,66550.5,66580.7,281.3218
2026-07-21 16:15:00+00:00,66580.7,66580.8,66489.6,66499.1,225.6532
2026-07-21 16:30:00+00:00,66499.1,66618.3,66463.9,66527.9,256.2583
2026-07-21 16:45:00+00:00,66527.9,66579.7,66428.7,66507.0,226.6856
2026-07-21 17:00:00+00:00,66507.0,66537.0,66411.6,66435.5,197.6426
2026-07-21 17:15:00+00:00,66435.5,66466.9,66366.3,66416.7,181.2978
2026-07-21 17:30:00+00:00,66416.7,66481.7,66363.0,66477.1,218.2224
2026-07-21 17:45:00+00:00,66477.1,66479.9,65962.4,66181.0,6343.1107
2026-07-21 18:00:00+00:00,66181.0,66306.3,66071.2,66256.2,499.4438
2026-07-21 18:15:00+00:00,66256.2,66281.4,66150.0,66206.8,224.0994
2026-07-21 18:30:00+00:00,66206.8,66279.9,66078.3,66248.5,218.1154
2026-07-21 18:45:00+00:00,66248.5,66330.5,66239.5,66287.5,359.9606
2026-07-21 19:00:00+00:00,66287.5,66344.5,66230.0,66266.7,188.4533
2026-07-21 19:15:00+00:00,66266.7,66385.9,66251.0,66365.8,155.4371
2026-07-21 19:30:00+00:00,66365.8,66457.5,66351.6,66425.0,166.7072
2026-07-21 19:45:00+00:00,66425.0,66467.2,66382.4,66409.4,255.8089
2026-07-21 20:00:00+00:00,66409.4,66443.6,66326.2,66388.8,167.1744
2026-07-21 20:15:00+00:00,66388.8,66388.8,66329.9,66359.6,88.718
2026-07-21 20:30:00+00:00,66359.6,66465.7,66359.6,66427.3,137.4838
2026-07-21 20:45:00+00:00,66427.3,66437.3,66373.8,66373.8,67.0284
2026-07-21 21:00:00+00:00,66373.8,66380.8,66271.6,66368.6,165.9657
2026-07-21 21:15:00+00:00,66368.6,66368.6,66291.9,66292.3,73.1126
2026-07-21 21:30:00+00:00,66292.3,66334.8,66261.5,66313.3,96.9683
2026-07-21 21:45:00+00:00,66313.3,66368.8,66306.2,66352.4,215.864
2026-07-21 22:00:00+00:00,66352.4,66352.5,66275.0,66283.5,219.523
2026-07-21 22:15:00+00:00,66283.5,66292.2,66173.7,66251.6,182.725
2026-07-21 22:30:00+00:00,66251.6,66312.7,66229.9,66279.6,108.7818
2026-07-21 22:45:00+00:00,66279.6,66286.1,66208.6,66271.2,221.614
2026-07-21 23:00:00+00:00,66271.2,66271.2,66199.9,66247.0,135.2908
2026-07-21 23:15:00+00:00,66247.0,66372.2,66246.9,66368.9,115.9368
2026-07-21 23:30:00+00:00,66368.9,66424.7,66349.3,66393.9,105.1908
2026-07-21 23:45:00+00:00,66393.9,66542.7,66390.6,66522.2,245.6819
2026-07-22 00:00:00+00:00,66522.2,66658.9,66503.8,66651.3,354.6676
2026-07-22 00:15:00+00:00,66651.3,66691.7,66551.8,66629.9,284.6726
2026-07-22 00:30:00+00:00,66629.9,66709.7,66599.7,66681.0,217.9767
2026-07-22 00:45:00+00:00,66681.0,66703.3,66574.1,66591.7,302.3799
2026-07-22 01:00:00+00:00,66591.7,66629.3,66450.7,66464.3,254.7632
2026-07-22 01:15:00+00:00,66464.3,66472.0,66294.3,66327.0,331.3417
2026-07-22 01:30:00+00:00,66327.0,66394.7,66252.9,66335.7,189.2447
2026-07-22 01:45:00+00:00,66335.7,66478.3,66327.8,66399.9,209.1898
2026-07-22 02:00:00+00:00,66399.9,66455.3,66336.9,66432.9,184.6435
2026-07-22 02:15:00+00:00,66432.9,66507.2,66374.9,66375.2,239.5852
2026-07-22 02:30:00+00:00,66375.2,66375.2,66269.8,66339.0,200.9526
2026-07-22 02:45:00+00:00,66339.0,66354.8,66264.9,66283.2,107.3172
2026-07-22 03:00:00+00:00,66283.2,66343.3,66141.6,66154.0,292.1356
2026-07-22 03:15:00+00:00,66154.0,66285.0,66154.0,66252.2,154.1958
2026-07-22 03:30:00+00:00,66252.2,66287.8,66179.9,66247.3,134.3616
2026-07-22 03:45:00+00:00,66247.3,66329.2,66146.5,66176.6,214.3824
2026-07-22 04:00:00+00:00,66176.6,66319.9,66161.3,66307.7,126.0598
2026-07-22 04:15:00+00:00,66307.7,66369.7,66300.0,66332.9,138.546
2026-07-22 04:30:00+00:00,66332.9,66398.9,66284.0,66387.5,144.322
2026-07-22 04:45:00+00:00,66387.5,66387.6,66305.5,66349.3,81.7978
2026-07-22 05:00:00+00:00,66349.3,66349.3,66216.9,66245.6,132.9604
2026-07-22 05:15:00+00:00,66245.6,66245.6,66012.9,66044.3,517.254
2026-07-22 05:30:00+00:00,66044.3,66103.7,65950.2,65959.8,287.529
2026-07-22 05:45:00+00:00,65959.8,66008.7,65909.5,65954.3,321.3686
2026-07-22 06:00:00+00:00,65954.3,65999.8,65849.7,65959.6,359.2343
2026-07-22 06:15:00+00:00,65959.6,65959.6,65807.6,65833.7,459.5318
2026-07-22 06:30:00+00:00,65833.7,65973.7,65799.9,65926.9,254.3218
2026-07-22 06:45:00+00:00,65926.9,65939.8,65869.9,65906.6,134.3849
2026-07-22 07:00:00+00:00,65906.6,65941.4,65859.9,65877.9,215.9429
2026-07-22 07:15:00+00:00,65877.9,65915.0,65799.9,65877.5,296.5407
2026-07-22 07:30:00+00:00,65877.5,65889.9,65668.7,65757.0,452.5164
2026-07-22 07:45:00+00:00,65757.0,65830.7,65745.6,65813.2,211.0015
2026-07-22 08:00:00+00:00,65813.2,66045.9,65813.2,66003.7,371.7591
2026-07-22 08:15:00+00:00,66003.7,66140.5,65974.5,65990.9,310.1839
2026-07-22 08:30:00+00:00,65990.9,66045.4,65899.8,65899.9,147.8402
2026-07-22 08:45:00+00:00,65899.9,65970.6,65899.9,65953.3,98.804
2026-07-22 09:00:00+00:00,65953.3,66040.4,65933.9,65980.3,163.0874
2026-07-22 09:15:00+00:00,65980.3,66053.1,65962.1,65995.2,93.7314
2026-07-22 09:30:00+00:00,65995.2,65995.3,65824.0,65854.8,146.3921
2026-07-22 09:45:00+00:00,65854.8,65921.9,65816.3,65896.2,101.8106
2026-07-22 10:00:00+00:00,65896.2,65924.9,65861.4,65892.3,90.9372
2026-07-22 10:15:00+00:00,65892.3,65946.0,65882.7,65933.7,110.4425
2026-07-22 10:30:00+00:00,65933.7,65970.3,65917.7,65957.1,68.1699
2026-07-22 10:45:00+00:00,65957.1,66077.3,65957.0,66016.2,273.886
2026-07-22 11:00:00+00:00,66016.2,66048.8,65984.9,65985.0,146.1829
2026-07-22 11:15:00+00:00,65985.0,66058.0,65946.6,66019.4,101.9004
2026-07-22 11:30:00+00:00,66019.4,66035.4,65874.2,65879.9,161.9232
2026-07-22 11:45:00+00:00,65879.9,66022.1,65872.1,65981.4,171.9148
2026-07-22 12:00:00+00:00,65981.4,65985.9,65834.9,65880.0,157.9637
2026-07-22 12:15:00+00:00,65880.0,65906.2,65813.7,65854.4,118.7619
2026-07-22 12:30:00+00:00,65854.4,65878.2,65736.1,65750.0,361.452
2026-07-22 12:45:00+00:00,65750.0,65794.0,65516.1,65604.1,764.7825
2026-07-22 13:00:00+00:00,65604.1,65655.6,65554.0,65618.9,255.1196
2026-07-22 13:15:00+00:00,65618.9,65619.0,65531.7,65590.6,201.8935
2026-07-22 13:30:00+00:00,65590.6,65894.5,65571.3,65864.7,810.6811
2026-07-22 13:45:00+00:00,65864.7,65956.0,65780.2,65924.8,611.7369
2026-07-22 14:00:00+00:00,65924.8,66183.2,65866.0,65873.3,1011.4429
2026-07-22 14:15:00+00:00,65873.3,65873.3,65559.9,65591.3,893.296
2026-07-22 14:30:00+00:00,65591.3,65849.8,65556.1,65641.0,568.1165
2026-07-22 14:45:00+00:00,65641.0,65774.7,65617.2,65770.0,416.7201
2026-07-22 15:00:00+00:00,65770.0,65947.4,65769.4,65905.1,522.0787
2026-07-22 15:15:00+00:00,65905.1,66099.8,65855.0,66044.1,1089.8965
2026-07-22 15:30:00+00:00,66044.1,66086.5,65919.9,65985.2,563.0957
2026-07-22 15:45:00+00:00,65985.2,66043.1,65907.1,66014.7,310.3464
2026-07-22 16:00:00+00:00,66014.7,66125.3,65964.8,66090.1,376.781
2026-07-22 16:15:00+00:00,66090.1,66090.1,65877.0,65990.0,406.1599
2026-07-22 16:30:00+00:00,65990.0,66363.6,65976.8,66259.8,903.8791
2026-07-22 16:45:00+00:00,66259.8,66262.9,66119.9,66199.6,355.6007
2026-07-22 17:00:00+00:00,66199.6,66249.1,66135.7,66137.0,261.0622
2026-07-22 17:15:00+00:00,66137.0,66140.4,65912.6,65962.9,378.2839
2026-07-22 17:30:00+00:00,65962.9,66153.8,65950.9,66149.9,194.5293
2026-07-22 17:45:00+00:00,66149.9,66208.8,65981.8,65997.4,292.5828
2026-07-22 18:00:00+00:00,65997.4,66052.6,65946.0,65959.1,189.4352
2026-07-22 18:15:00+00:00,65959.1,66024.4,65812.4,65865.2,403.4705
2026-07-22 18:30:00+00:00,65865.2,65865.2,65701.2,65750.9,379.8488
2026-07-22 18:45:00+00:00,65750.9,65901.3,65737.9,65860.5,196.8717
2026-07-22 19:00:00+00:00,65860.5,65896.0,65663.4,65739.1,312.5244
2026-07-22 19:15:00+00:00,65739.1,65896.8,65720.0,65863.6,193.5
2026-07-22 19:30:00+00:00,65863.6,65916.7,65829.8,65829.9,178.8608
2026-07-22 19:45:00+00:00,65829.9,65924.0,65812.9,65891.1,229.5891
2026-07-22 20:00:00+00:00,65891.1,65924.9,65756.1,65901.4,455.5112
2026-07-22 20:15:00+00:00,65901.4,65954.2,65860.7,65900.4,192.2494
2026-07-22 20:30:00+00:00,65900.4,65912.8,65869.5,65912.7,114.7023
2026-07-22 20:45:00+00:00,65912.7,65912.7,65860.6,65887.7,71.9875
2026-07-22 21:00:00+00:00,65887.7,65905.0,65871.6,65897.6,65.5911
2026-07-22 21:15:00+00:00,65897.6,65912.8,65853.1,65876.9,59.001
2026-07-22 21:30:00+00:00,65876.9,66102.3,65876.8,66086.0,236.5097
2026-07-22 21:45:00+00:00,66086.0,66102.9,66003.3,66034.5,162.0222
2026-07-22 22:00:00+00:00,66034.5,66045.7,65933.9,65972.8,184.9949
2026-07-22 22:15:00+00:00,65972.8,66000.0,65891.7,65990.2,119.8651
2026-07-22 22:30:00+00:00,65990.2,65990.2,65897.3,65926.4,101.4356
2026-07-22 22:45:00+00:00,65926.4,66019.5,65910.6,66013.7,94.7068
2026-07-22 23:00:00+00:00,66013.7,66048.5,65825.5,65856.7,170.3079
2026-07-22 23:15:00+00:00,65856.7,65967.2,65808.5,65938.1,182.0801
2026-07-22 23:30:00+00:00,65938.1,65961.3,65918.8,65952.3,93.4764
2026-07-22 23:45:00+00:00,65952.3,66115.2,65943.7,66081.8,162.0402
2026-07-23 00:00:00+00:00,66081.8,66223.1,66036.3,66154.1,312.8708
2026-07-23 00:15:00+00:00,66154.1,66284.1,66121.1,66218.0,281.7396
2026-07-23 00:30:00+00:00,66218.0,66240.0,66110.0,66112.6,229.427
2026-07-23 00:45:00+00:00,66112.6,66170.1,66019.9,66024.0,233.6217
2026-07-23 01:00:00+00:00,66024.0,66179.9,65986.6,66013.3,350.3166
2026-07-23 01:15:00+00:00,66013.3,66013.4,65863.3,65895.2,493.1516
2026-07-23 01:30:00+00:00,65895.2,65914.8,65715.9,65755.1,364.2072
2026-07-23 01:45:00+00:00,65755.1,65834.6,65743.2,65793.7,135.7536
2026-07-23 02:00:00+00:00,65793.7,65808.8,65703.0,65703.0,238.4143
2026-07-23 02:15:00+00:00,65703.0,65736.3,65616.2,65707.7,239.2526
2026-07-23 02:30:00+00:00,65707.7,65794.7,65690.0,65750.8,186.8369
2026-07-23 02:45:00+00:00,65750.8,65806.8,65722.1,65777.3,162.1101
2026-07-23 03:00:00+00:00,65777.3,65788.2,65559.8,65603.7,333.1946
2026-07-23 03:15:00+00:00,65603.7,65658.3,65547.9,65611.3,266.7349
2026-07-23 03:30:00+00:00,65611.3,65676.4,65593.1,65657.1,127.3814
2026-07-23 03:45:00+00:00,65657.1,65657.9,65612.8,65626.6,84.5046
2026-07-23 04:00:00+00:00,65626.6,65647.5,65560.1,65642.9,212.1889
2026-07-23 04:15:00+00:00,65642.9,65709.9,65608.0,65666.6,155.6342
2026-07-23 04:30:00+00:00,65666.6,65670.0,65585.0,65600.5,93.5218
2026-07-23 04:45:00+00:00,65600.5,65644.9,65564.9,65585.2,105.2142
2026-07-23 05:00:00+00:00,65585.2,65618.1,65540.3,65612.0,148.2219
2026-07-23 05:15:00+00:00,65612.0,65695.3,65573.1,65695.3,131.5406
2026-07-23 05:30:00+00:00,65695.3,65764.8,65674.3,65707.8,115.8197
2026-07-23 05:45:00+00:00,65707.8,65734.2,65619.8,65663.7,101.4022
2026-07-23 06:00:00+00:00,65663.7,65693.3,65599.7,65639.2,105.1542
2026-07-23 06:15:00+00:00,65639.2,65719.2,65593.7,65719.1,137.9289
2026-07-23 06:30:00+00:00,65719.1,65753.6,65680.0,65739.9,103.3272
2026-07-23 06:45:00+00:00,65739.9,65793.4,65737.8,65763.1,91.024
2026-07-23 07:00:00+00:00,65763.1,65763.1,65313.5,65423.4,4123.433
2026-07-23 07:15:00+00:00,65423.4,65452.9,65367.3,65408.4,389.3856
2026-07-23 07:30:00+00:00,65408.4,65431.0,65353.2,65364.6,195.5211
2026-07-23 07:45:00+00:00,65364.6,65428.3,65336.4,65405.3,175.0766
2026-07-23 08:00:00+00:00,65405.3,65534.7,65383.5,65503.4,151.3923
2026-07-23 08:15:00+00:00,65503.4,65574.6,65476.4,65564.0,163.0712
2026-07-23 08:30:00+00:00,65564.0,65636.8,65558.4,65604.9,169.8991
2026-07-23 08:45:00+00:00,65604.9,65631.8,65562.6,65605.7,110.8601
2026-07-23 09:00:00+00:00,65605.7,65709.9,65573.7,65643.4,216.2819
2026-07-23 09:15:00+00:00,65643.4,65728.9,65643.3,65684.4,153.1767
2026-07-23 09:30:00+00:00,65684.4,65704.8,65651.8,65699.8,94.7644
2026-07-23 09:45:00+00:00,65699.8,65703.3,65592.0,65607.7,125.7816
2026-07-23 10:00:00+00:00,65607.7,65689.8,65555.1,65689.8,203.7004
2026-07-23 10:15:00+00:00,65689.8,65736.1,65648.2,65735.9,112.4553
2026-07-23 10:30:00+00:00,65735.9,65756.1,65710.0,65748.7,105.1888
2026-07-23 10:45:00+00:00,65748.7,65756.3,65686.3,65704.0,95.7614
2026-07-23 11:00:00+00:00,65704.0,65709.3,65629.0,65682.8,100.5809
2026-07-23 11:15:00+00:00,65682.8,65687.7,65590.8,65594.1,98.4174
2026-07-23 11:30:00+00:00,65594.1,65611.1,65516.1,65528.0,139.5075
2026-07-23 11:45:00+00:00,65528.0,65599.2,65510.8,65525.3,163.9493
2026-07-23 12:00:00+00:00,65525.3,65557.6,65438.8,65480.3,245.2994
2026-07-23 12:15:00+00:00,65480.3,65488.0,65360.9,65392.8,385.1686
2026-07-23 12:30:00+00:00,65392.8,65398.2,65063.0,65083.2,1031.5416
2026-07-23 12:45:00+00:00,65083.2,65234.3,64940.1,65137.9,781.1363
2026-07-23 13:00:00+00:00,65137.9,65199.8,64973.5,65011.3,564.038
2026-07-23 13:15:00+00:00,65011.3,65076.5,64927.9,64995.4,389.362
2026-07-23 13:30:00+00:00,64995.4,65174.6,64937.9,65066.1,1128.8613
2026-07-23 13:45:00+00:00,65066.1,65124.1,64839.0,64858.6,1671.6923
2026-07-23 14:00:00+00:00,64858.6,65057.9,64800.9,65031.9,605.7346
2026-07-23 14:15:00+00:00,65031.9,65196.9,64991.4,65127.1,562.0171
2026-07-23 14:30:00+00:00,65127.1,65186.9,65005.7,65005.9,398.8644
2026-07-23 14:45:00+00:00,65005.9,65005.9,64823.2,64884.5,356.9424
2026-07-23 15:00:00+00:00,64884.5,64900.5,64696.0,64745.7,609.9959
2026-07-23 15:15:00+00:00,64745.7,64931.9,64738.6,64843.7,544.5936
2026-07-23 15:30:00+00:00,64843.7,64959.8,64797.4,64878.5,312.4654
2026-07-23 15:45:00+00:00,64878.5,65003.5,64837.2,64940.2,233.8031
2026-07-23 16:00:00+00:00,64940.2,64940.3,64776.9,64854.3,223.7827
2026-07-23 16:15:00+00:00,64854.3,64862.8,64725.6,64797.0,226.3424
2026-07-23 16:30:00+00:00,64797.0,64797.0,64687.8,64721.2,268.1472
2026-07-23 16:45:00+00:00,64721.2,64810.9,64705.8,64731.3,225.0748
2026-07-23 17:00:00+00:00,64731.3,64795.0,64705.7,64753.9,222.8958
2026-07-23 17:15:00+00:00,64753.9,64852.8,64720.7,64827.7,260.639
2026-07-23 17:30:00+00:00,64827.7,64877.5,64772.8,64813.3,167.2417
2026-07-23 17:45:00+00:00,64813.3,64859.4,64637.0,64654.2,339.7985
2026-07-23 18:00:00+00:00,64654.2,64754.4,64654.2,64713.3,187.705
2026-07-23 18:15:00+00:00,64713.3,64801.6,64679.8,64790.2,199.3098
2026-07-23 18:30:00+00:00,64790.2,64854.9,64751.9,64790.9,163.7431
2026-07-23 18:45:00+00:00,64790.9,64919.9,64790.8,64842.3,159.2471
2026-07-23 19:00:00+00:00,64842.3,64908.0,64733.6,64786.8,135.8644
2026-07-23 19:15:00+00:00,64786.8,64877.0,64763.0,64871.4,124.334
2026-07-23 19:30:00+00:00,64871.4,64906.0,64709.2,64731.4,240.0229
2026-07-23 19:45:00+00:00,64731.4,64852.3,64669.9,64820.6,375.2546
2026-07-23 20:00:00+00:00,64820.6,65037.6,64810.8,65027.5,360.4777
2026-07-23 20:15:00+00:00,65027.5,65169.3,65024.9,65141.1,263.721
2026-07-23 20:30:00+00:00,65141.1,65147.9,65078.3,65099.1,117.7649
2026-07-23 20:45:00+00:00,65099.1,65143.7,65079.8,65117.5,71.7144
2026-07-23 21:00:00+00:00,65117.5,65183.0,64979.6,65021.7,192.7728
2026-07-23 21:15:00+00:00,65021.7,65114.7,64980.7,65087.7,104.4283
2026-07-23 21:30:00+00:00,65087.7,65087.8,65032.4,65069.9,120.1719
2026-07-23 21:45:00+00:00,65069.9,65137.3,65069.9,65137.3,227.5067
2026-07-23 22:00:00+00:00,65137.3,65188.5,65049.8,65064.7,199.4501
2026-07-23 22:15:00+00:00,65064.7,65168.6,64978.2,65111.0,250.3046
2026-07-23 22:30:00+00:00,65111.0,65193.2,65111.0,65172.2,116.6314
2026-07-23 22:45:00+00:00,65172.2,65172.3,65102.7,65158.2,83.308
2026-07-23 23:00:00+00:00,65158.2,65181.4,65119.9,65158.5,127.1096
2026-07-23 23:15:00+00:00,65158.5,65189.2,65113.0,65147.7,72.8798
2026-07-23 23:30:00+00:00,65147.7,65178.0,65113.0,65140.4,78.7068
2026-07-23 23:45:00+00:00,65140.4,65153.6,65018.7,65069.4,145.7191
2026-07-24 00:00:00+00:00,65069.4,65084.0,64865.0,64904.0,324.1979
2026-07-24 00:15:00+00:00,64904.0,64963.9,64850.9,64853.6,361.5272
2026-07-24 00:30:00+00:00,64853.6,64891.2,64732.9,64824.6,354.8152
2026-07-24 00:45:00+00:00,64824.6,64954.6,64824.6,64952.8,148.3847
2026-07-24 01:00:00+00:00,64952.8,65099.8,64912.3,65011.5,273.5334
2026-07-24 01:15:00+00:00,65011.5,65095.0,64963.6,65002.5,234.5002
2026-07-24 01:30:00+00:00,65002.5,65146.1,64999.8,65070.7,246.9688
2026-07-24 01:45:00+00:00,65070.7,65106.7,65031.0,65053.0,154.3213
2026-07-24 02:00:00+00:00,65053.0,65164.5,65034.9,65140.7,135.4689
2026-07-24 02:15:00+00:00,65140.7,65144.2,65051.8,65124.4,124.8643
2026-07-24 02:30:00+00:00,65124.4,65124.4,64890.4,65029.4,245.2129
2026-07-24 02:45:00+00:00,65029.4,65091.8,64907.3,65091.7,249.1201
2026-07-24 03:00:00+00:00,65091.7,65293.1,65044.9,65293.1,367.613
2026-07-24 03:15:00+00:00,65293.1,65374.7,65272.1,65296.6,422.9958
2026-07-24 03:30:00+00:00,65296.6,65393.7,65249.7,65382.8,230.4301
2026-07-24 03:45:00+00:00,65382.8,65436.5,65360.1,65425.3,157.6246
2026-07-24 04:00:00+00:00,65425.3,65440.0,65354.5,65361.7,186.3283
2026-07-24 04:15:00+00:00,65361.7,65413.3,65300.4,65383.0,141.9524
2026-07-24 04:30:00+00:00,65383.0,65385.9,65267.9,65309.2,131.8239
2026-07-24 04:45:00+00:00,65309.2,65329.8,65235.3,65281.9,133.2594
2026-07-24 05:00:00+00:00,65281.9,65365.8,65212.9,65318.7,154.4215
2026-07-24 05:15:00+00:00,65318.7,65344.6,65291.8,65305.0,89.4864
2026-07-24 05:30:00+00:00,65305.0,65305.1,65230.0,65272.9,84.9157
2026-07-24 05:45:00+00:00,65272.9,65305.2,65255.7,65282.3,66.0232
2026-07-24 06:00:00+00:00,65282.3,65354.6,65245.6,65352.6,87.6285
2026-07-24 06:15:00+00:00,65352.6,65473.3,65326.2,65424.9,310.2551
2026-07-24 06:30:00+00:00,65424.9,65489.8,65360.1,65428.7,151.5398
2026-07-24 06:45:00+00:00,65428.7,65450.0,65394.3,65441.5,82.3855
2026-07-24 07:00:00+00:00,65441.5,65741.5,65440.4,65739.9,535.7673
2026-07-24 07:15:00+00:00,65739.9,65779.0,65592.6,65613.6,555.243
2026-07-24 07:30:00+00:00,65613.6,65671.9,65337.9,65348.2,463.9899
2026-07-24 07:45:00+00:00,65348.2,65478.2,65339.9,65469.9,240.853
2026-07-24 08:00:00+00:00,65469.9,65477.1,65390.3,65409.9,201.3296
2026-07-24 08:15:00+00:00,65409.9,65449.9,65280.7,65363.1,140.5836
2026-07-24 08:30:00+00:00,65363.1,65425.4,65361.4,65412.6,77.6395
2026-07-24 08:45:00+00:00,65412.6,65419.9,65274.4,65274.5,78.6884
2026-07-24 09:00:00+00:00,65274.5,65290.7,65015.0,65015.0,316.9567
2026-07-24 09:15:00+00:00,65015.0,65046.9,64919.6,64941.7,335.1963
2026-07-24 09:30:00+00:00,64941.7,65074.9,64932.7,65050.0,236.4673
2026-07-24 09:45:00+00:00,65050.0,65110.9,65046.8,65088.0,102.1497
2026-07-24 10:00:00+00:00,65088.0,65132.0,64969.8,64973.4,164.7115
2026-07-24 10:15:00+00:00,64973.4,65005.5,64940.2,64985.2,146.485
2026-07-24 10:30:00+00:00,64985.2,65031.3,64969.9,64989.9,135.0845
2026-07-24 10:45:00+00:00,64989.9,65010.1,64877.8,64927.5,165.0421
2026-07-24 11:00:00+00:00,64927.5,64996.3,64886.1,64968.6,164.107
2026-07-24 11:15:00+00:00,64968.6,65033.5,64968.5,64997.7,117.462
2026-07-24 11:30:00+00:00,64997.7,65026.3,64908.0,64910.9,227.1249
2026-07-24 11:45:00+00:00,64910.9,65073.4,64821.7,65045.7,305.2391
2026-07-24 12:00:00+00:00,65045.7,65073.0,64954.1,65040.8,211.8158
2026-07-24 12:15:00+00:00,65040.8,65110.0,64989.5,64993.1,230.9929
2026-07-24 12:30:00+00:00,64993.1,65029.0,64893.1,64893.2,146.9252
2026-07-24 12:45:00+00:00,64893.2,64927.1,64720.5,64746.5,375.0445
2026-07-24 13:00:00+00:00,64746.5,64774.4,64329.9,64343.0,1789.7947
2026-07-24 13:15:00+00:00,64343.0,64515.4,64320.9,64354.9,583.4891
2026-07-24 13:30:00+00:00,64354.9,64392.2,64188.1,64382.8,919.462
2026-07-24 13:45:00+00:00,64382.8,64417.3,63882.6,64131.2,1318.295
2026-07-24 14:00:00+00:00,64131.2,64169.9,63943.9,63949.9,887.3646
2026-07-24 14:15:00+00:00,63949.9,63970.8,63682.0,63835.4,1704.234
2026-07-24 14:30:00+00:00,63835.4,63859.6,63762.1,63804.2,641.3417
2026-07-24 14:45:00+00:00,63804.2,64036.2,63712.1,64031.3,563.9554
2026-07-24 15:00:00+00:00,64031.3,64117.7,63824.3,64110.2,650.2156
2026-07-24 15:15:00+00:00,64110.2,64165.8,63935.9,64101.8,845.1144
2026-07-24 15:30:00+00:00,64101.8,64306.0,64030.4,64139.8,1628.84
2026-07-24 15:45:00+00:00,64139.8,64184.3,64010.8,64068.5,556.2719
2026-07-24 16:00:00+00:00,64068.5,64176.3,63983.8,64111.2,309.2293
2026-07-24 16:15:00+00:00,64111.2,64142.5,64052.7,64062.0,212.7526
2026-07-24 16:30:00+00:00,64062.0,64062.0,63912.6,63912.7,319.5244
2026-07-24 16:45:00+00:00,63912.7,63986.4,63854.3,63930.2,176.1853
2026-07-24 17:00:00+00:00,63930.2,63987.5,63882.5,63939.7,275.3757
2026-07-24 17:15:00+00:00,63939.7,64121.8,63922.5,64073.2,228.852
2026-07-24 17:30:00+00:00,64073.2,64170.6,64062.3,64149.8,137.9684
2026-07-24 17:45:00+00:00,64149.8,64177.9,64109.8,64154.7,138.315
2026-07-24 18:00:00+00:00,64154.7,64185.4,64135.1,64183.5,117.8404
2026-07-24 18:15:00+00:00,64183.5,64193.0,64104.1,64120.3,114.2399
2026-07-24 18:30:00+00:00,64120.3,64159.8,64106.1,64149.7,115.9316
2026-07-24 18:45:00+00:00,64149.7,64262.2,64139.9,64242.6,142.1758
2026-07-24 19:00:00+00:00,64242.6,64266.8,64113.4,64120.1,198.9573
2026-07-24 19:15:00+00:00,64120.1,64191.4,64118.0,64174.8,187.0379
2026-07-24 19:30:00+00:00,64174.8,64250.0,64169.7,64225.4,141.1026
2026-07-24 19:45:00+00:00,64225.4,64240.1,64147.7,64199.3,168.5599
2026-07-24 20:00:00+00:00,64199.3,64260.0,64164.9,64183.4,102.0174
2026-07-24 20:15:00+00:00,64183.4,64237.0,64163.9,64210.6,62.5242
2026-07-24 20:30:00+00:00,64210.6,64210.7,64104.8,64153.1,114.4017
2026-07-24 20:45:00+00:00,64153.1,64167.5,64109.8,64139.5,72.7334
2026-07-24 21:00:00+00:00,64139.5,64194.8,64104.9,64124.8,92.1489
2026-07-24 21:15:00+00:00,64124.8,64158.6,64120.5,64139.9,72.7093
2026-07-24 21:30:00+00:00,64139.9,64178.6,64102.1,64137.9,206.0756
2026-07-24 21:45:00+00:00,64137.9,64153.1,64098.5,64112.1,110.2715
2026-07-24 22:00:00+00:00,64112.1,64143.5,64098.6,64121.6,46.5349
2026-07-24 22:15:00+00:00,64121.6,64144.3,64116.5,64136.1,46.166
2026-07-24 22:30:00+00:00,64136.1,64187.5,64136.1,64154.1,56.4316
2026-07-24 22:45:00+00:00,64154.1,64164.2,64132.6,64132.6,31.8515
2026-07-24 23:00:00+00:00,64132.6,64150.0,64117.8,64126.3,39.4616
2026-07-24 23:15:00+00:00,64126.3,64144.8,64107.4,64144.8,27.5809
2026-07-24 23:30:00+00:00,64144.8,64146.8,64102.7,64146.7,56.1989
2026-07-24 23:45:00+00:00,64146.7,64146.7,64102.2,64116.4,34.4102
2026-07-25 00:00:00+00:00,64116.4,64154.9,64104.2,64113.1,62.3566
2026-07-25 00:15:00+00:00,64113.1,64137.2,64105.6,64129.6,27.4075
2026-07-25 00:30:00+00:00,64129.6,64137.3,64069.0,64079.0,74.7577
2026-07-25 00:45:00+00:00,64079.0,64079.0,64008.8,64049.5,72.35
2026-07-25 01:00:00+00:00,64049.5,64134.9,63979.6,63990.8,94.2929
2026-07-25 01:15:00+00:00,63990.8,64054.5,63980.1,64024.1,76.8949
2026-07-25 01:30:00+00:00,64024.1,64099.9,64006.6,64099.8,79.3316
2026-07-25 01:45:00+00:00,64099.8,64121.3,64033.8,64039.0,43.2152
2026-07-25 02:00:00+00:00,64039.0,64072.2,64034.2,64049.8,44.5765
2026-07-25 02:15:00+00:00,64049.8,64049.9,63999.8,64029.8,75.8853
2026-07-25 02:30:00+00:00,64029.8,64033.4,63993.7,64025.8,41.1742
2026-07-25 02:45:00+00:00,64025.8,64037.5,63988.4,64010.4,50.894
2026-07-25 03:00:00+00:00,64010.4,64049.8,63988.2,64016.6,52.2197
2026-07-25 03:15:00+00:00,64016.6,64073.5,64016.5,64045.7,40.5551
2026-07-25 03:30:00+00:00,64045.7,64070.8,64034.0,64067.4,40.5596
2026-07-25 03:45:00+00:00,64067.4,64070.9,64020.1,64052.8,31.5178
2026-07-25 04:00:00+00:00,64052.8,64104.2,64052.8,64104.2,26.5997
2026-07-25 04:15:00+00:00,64104.2,64112.0,64073.1,64078.7,29.5765
2026-07-25 04:30:00+00:00,64078.7,64159.7,64054.7,64159.6,51.662
2026-07-25 04:45:00+00:00,64159.6,64180.8,64113.7,64146.9,60.9505
2026-07-25 05:00:00+00:00,64146.9,64166.5,64118.6,64121.1,38.9131
2026-07-25 05:15:00+00:00,64121.1,64124.9,64111.3,64117.5,27.4989
2026-07-25 05:30:00+00:00,64117.5,64117.6,63990.5,64009.9,82.0637
2026-07-25 05:45:00+00:00,64009.9,64009.9,63943.9,63989.9,83.8387
2026-07-25 06:00:00+00:00,63989.9,64021.5,63985.8,64021.5,37.7703
2026-07-25 06:15:00+00:00,64021.5,64031.8,63959.7,63975.5,69.6325
2026-07-25 06:30:00+00:00,63975.5,63996.0,63933.1,63957.6,70.6959
2026-07-25 06:45:00+00:00,63957.6,63982.9,63933.1,63982.9,38.0932
2026-07-25 07:00:00+00:00,63982.9,63998.1,63976.0,63983.7,35.7529
2026-07-25 07:15:00+00:00,63983.7,64004.9,63966.6,63988.8,36.0816
2026-07-25 07:30:00+00:00,63988.8,64005.4,63968.4,63998.1,36.7815
2026-07-25 07:45:00+00:00,63998.1,64005.3,63972.9,63972.9,41.737
2026-07-25 08:00:00+00:00,63972.9,63972.9,63897.3,63935.9,88.9378
2026-07-25 08:15:00+00:00,63935.9,63965.5,63935.9,63965.4,30.8293
2026-07-25 08:30:00+00:00,63965.4,63973.0,63916.9,63927.5,51.5434
2026-07-25 08:45:00+00:00,63927.5,63927.6,63764.0,63844.2,304.993
2026-07-25 09:00:00+00:00,63844.2,63887.6,63794.0,63839.9,130.9353
2026-07-25 09:15:00+00:00,63839.9,63911.5,63839.9,63910.0,431.8933
2026-07-25 09:30:00+00:00,63910.0,63928.1,63892.6,63910.1,47.0952
2026-07-25 09:45:00+00:00,63910.1,64000.0,63910.1,63973.6,81.8636
2026-07-25 10:00:00+00:00,63973.6,64009.8,63973.6,64009.8,43.7523
2026-07-25 10:15:00+00:00,64009.8,64013.9,63992.8,63998.3,32.17
2026-07-25 10:30:00+00:00,63998.3,64000.0,63959.3,63996.4,48.1081
2026-07-25 10:45:00+00:00,63996.4,64039.7,63983.2,64039.5,44.2401
2026-07-25 11:00:00+00:00,64039.5,64065.1,64015.3,64041.4,73.3455
2026-07-25 11:15:00+00:00,64041.4,64059.7,64030.6,64049.7,46.3569
2026-07-25 11:30:00+00:00,64049.7,64078.4,64014.6,64025.5,51.9421
2026-07-25 11:45:00+00:00,64025.5,64046.6,64023.9,64031.1,32.7033
2026-07-25 12:00:00+00:00,64031.1,64052.2,64009.9,64034.6,50.7458
2026-07-25 12:15:00+00:00,64034.6,64041.0,64009.1,64016.1,32.9463
2026-07-25 12:30:00+00:00,64016.1,64069.9,64006.0,64069.7,64.2444
2026-07-25 12:45:00+00:00,64069.7,64088.2,64064.1,64088.0,37.3197
2026-07-25 13:00:00+00:00,64088.0,64105.1,64079.0,64094.2,67.3535
2026-07-25 13:15:00+00:00,64094.2,64108.5,64072.0,64098.9,41.4903
2026-07-25 13:30:00+00:00,64098.9,64168.8,64085.9,64166.8,65.4798
2026-07-25 13:45:00+00:00,64166.8,64235.1,64108.8,64136.8,224.2234
2026-07-25 14:00:00+00:00,64136.8,64149.9,64085.6,64145.4,122.3175
2026-07-25 14:15:00+00:00,64145.4,64156.0,64100.0,64134.0,68.5818
2026-07-25 14:30:00+00:00,64134.0,64171.6,64133.8,64163.4,54.9961
2026-07-25 14:45:00+00:00,64163.4,64187.3,64139.9,64177.7,42.6227
2026-07-25 15:00:00+00:00,64177.7,64230.1,64151.5,64219.9,98.123
2026-07-25 15:15:00+00:00,64219.9,64243.6,64162.2,64173.1,123.8356
2026-07-25 15:30:00+00:00,64173.1,64206.1,64150.1,64188.0,62.8104
2026-07-25 15:45:00+00:00,64188.0,64191.5,64135.4,64150.0,58.3442
2026-07-25 16:00:00+00:00,64150.0,64186.2,64124.7,64186.1,68.6473
2026-07-25 16:15:00+00:00,64186.1,64186.1,64092.1,64113.6,62.2039
2026-07-25 16:30:00+00:00,64113.6,64179.1,64111.1,64177.7,36.5879
2026-07-25 16:45:00+00:00,64177.7,64218.8,64157.0,64180.8,52.4326
2026-07-25 17:00:00+00:00,64180.8,64208.0,64162.0,64179.0,41.7846
2026-07-25 17:15:00+00:00,64179.0,64254.9,64179.0,64240.8,66.1653
2026-07-25 17:30:00+00:00,64240.8,64289.4,64221.2,64256.4,68.1627
2026-07-25 17:45:00+00:00,64256.4,64330.2,64218.0,64236.6,101.1721
2026-07-25 18:00:00+00:00,64236.6,64392.4,64236.6,64325.5,223.9738
2026-07-25 18:15:00+00:00,64325.5,64389.9,64313.5,64389.8,61.1482
2026-07-25 18:30:00+00:00,64389.8,64414.8,64350.3,64366.3,101.4218
2026-07-25 18:45:00+00:00,64366.3,64414.7,64361.8,64391.1,69.7808
2026-07-25 19:00:00+00:00,64391.1,64410.0,64370.4,64397.9,87.815
2026-07-25 19:15:00+00:00,64397.9,64397.9,64361.9,64378.0,47.9707
2026-07-25 19:30:00+00:00,64378.0,64385.5,64366.1,64369.9,40.0198
2026-07-25 19:45:00+00:00,64369.9,64404.9,64351.6,64359.6,296.6229
2026-07-25 20:00:00+00:00,64359.6,64367.6,64310.5,64342.7,160.5718
2026-07-25 20:15:00+00:00,64342.7,64360.8,64307.7,64344.1,50.8245
2026-07-25 20:30:00+00:00,64344.1,64344.3,64288.3,64295.0,42.9037
2026-07-25 20:45:00+00:00,64295.0,64327.4,64282.9,64303.8,38.9698
2026-07-25 21:00:00+00:00,64303.8,64306.9,64235.9,64253.8,148.4577
2026-07-25 21:15:00+00:00,64253.8,64268.2,64232.8,64268.2,46.8395
2026-07-25 21:30:00+00:00,64268.2,64341.7,64268.1,64310.4,73.0589
2026-07-25 21:45:00+00:00,64310.4,64401.4,64301.1,64318.4,364.0334
2026-07-25 22:00:00+00:00,64318.4,64375.0,64318.3,64374.9,83.538
2026-07-25 22:15:00+00:00,64374.9,64392.5,64348.1,64362.3,41.4635
2026-07-25 22:30:00+00:00,64362.3,64374.5,64327.9,64371.4,82.4689
2026-07-25 22:45:00+00:00,64371.4,64393.0,64338.6,64377.5,40.4728
2026-07-25 23:00:00+00:00,64377.5,64393.0,64366.1,64378.0,47.0542
2026-07-25 23:15:00+00:00,64378.0,64387.5,64358.3,64367.9,22.1522
2026-07-25 23:30:00+00:00,64367.9,64393.4,64357.2,64357.2,32.4088
2026-07-25 23:45:00+00:00,64357.2,64367.4,64331.9,64338.0,34.5018
2026-07-26 00:00:00+00:00,64338.0,64413.6,64317.9,64405.4,52.419
2026-07-26 00:15:00+00:00,64405.4,64465.6,64389.9,64444.4,283.5544
2026-07-26 00:30:00+00:00,64444.4,64457.8,64379.2,64388.1,67.3338
2026-07-26 00:45:00+00:00,64388.1,64482.5,64370.1,64482.5,71.7323
2026-07-26 01:00:00+00:00,64482.5,64513.3,64432.2,64472.6,94.5301
2026-07-26 01:15:00+00:00,64472.6,64475.2,64434.1,64444.7,62.8795
2026-07-26 01:30:00+00:00,64444.7,64473.0,64432.8,64449.8,43.818
2026-07-26 01:45:00+00:00,64449.8,64460.4,64422.7,64434.3,55.8502
2026-07-26 02:00:00+00:00,64434.3,64450.4,64393.9,64450.3,49.9916
2026-07-26 02:15:00+00:00,64450.3,64452.9,64412.4,64451.9,40.8561
2026-07-26 02:30:00+00:00,64451.9,64459.0,64397.9,64409.9,38.0424
2026-07-26 02:45:00+00:00,64409.9,64499.9,64406.5,64490.5,77.7184
2026-07-26 03:00:00+00:00,64490.5,64553.7,64453.1,64549.9,101.9216
2026-07-26 03:15:00+00:00,64549.9,64550.0,64503.7,64523.7,75.4216
2026-07-26 03:30:00+00:00,64523.7,64549.6,64507.8,64510.4,50.2341
2026-07-26 03:45:00+00:00,64510.4,64526.1,64499.8,64518.7,37.8317
2026-07-26 04:00:00+00:00,64518.7,64523.6,64473.8,64474.7,84.7493
2026-07-26 04:15:00+00:00,64474.7,64525.0,64458.3,64524.9,50.6814
2026-07-26 04:30:00+00:00,64524.9,64547.8,64508.8,64547.8,50.9817
2026-07-26 04:45:00+00:00,64547.8,64565.9,64485.0,64493.1,102.0158
2026-07-26 05:00:00+00:00,64493.1,64493.2,64460.8,64490.2,30.4279
2026-07-26 05:15:00+00:00,64490.2,64490.4,64456.6,64456.7,28.9734
2026-07-26 05:30:00+00:00,64456.7,64456.7,64362.4,64446.4,132.0045
2026-07-26 05:45:00+00:00,64446.4,64446.5,64384.9,64385.9,38.807
2026-07-26 06:00:00+00:00,64385.9,64406.7,64314.3,64323.5,112.6279
2026-07-26 06:15:00+00:00,64323.5,64332.7,64258.4,64270.1,71.5582
2026-07-26 06:30:00+00:00,64270.1,64358.0,64265.4,64347.4,65.0737
2026-07-26 06:45:00+00:00,64347.4,64428.5,64343.5,64408.9,56.6779
2026-07-26 07:00:00+00:00,64408.9,64439.0,64364.0,64395.9,74.2688
2026-07-26 07:15:00+00:00,64395.9,64409.9,64331.4,64340.5,52.027
2026-07-26 07:30:00+00:00,64340.5,64349.9,64313.5,64320.8,46.384
2026-07-26 07:45:00+00:00,64320.8,64350.0,64320.7,64341.2,27.6838
2026-07-26 08:00:00+00:00,64341.2,64365.2,64320.1,64365.1,32.609
2026-07-26 08:15:00+00:00,64365.1,64387.9,64349.8,64371.0,27.2422
2026-07-26 08:30:00+00:00,64371.0,64416.5,64366.9,64416.4,26.0335
2026-07-26 08:45:00+00:00,64416.4,64467.2,64416.4,64450.0,44.1867
2026-07-26 09:00:00+00:00,64450.0,64488.0,64449.9,64467.9,51.3782
2026-07-26 09:15:00+00:00,64467.9,64523.7,64466.0,64507.7,149.1941
2026-07-26 09:30:00+00:00,64507.7,64520.7,64476.8,64519.0,40.4912
2026-07-26 09:45:00+00:00,64519.0,64525.8,64506.8,64512.0,59.0983
2026-07-26 10:00:00+00:00,64512.0,64512.1,64478.7,64483.7,43.4518
2026-07-26 10:15:00+00:00,64483.7,64518.7,64472.1,64493.6,53.7569
2026-07-26 10:30:00+00:00,64493.6,64528.8,64493.5,64528.7,28.9474
2026-07-26 10:45:00+00:00,64528.7,64556.0,64483.7,64490.7,115.5039
2026-07-26 11:00:00+00:00,64490.7,64507.1,64476.5,64481.7,44.5672
2026-07-26 11:15:00+00:00,64481.7,64499.6,64476.7,64476.7,25.7905
2026-07-26 11:30:00+00:00,64476.7,64476.7,64469.7,64469.9,45.6676
2026-07-26 11:45:00+00:00,64469.9,64488.7,64469.8,64481.3,21.6582
2026-07-26 12:00:00+00:00,64481.3,64638.8,64481.3,64577.3,241.8131
2026-07-26 12:15:00+00:00,64577.3,64594.1,64481.7,64554.0,129.6205
2026-07-26 12:30:00+00:00,64554.0,64554.1,64469.8,64470.0,39.234
2026-07-26 12:45:00+00:00,64470.0,64470.0,64406.0,64434.1,71.4695
2026-07-26 13:00:00+00:00,64434.1,64444.4,64370.7,64391.8,103.8142
2026-07-26 13:15:00+00:00,64391.8,64491.9,64391.8,64439.9,98.9864
2026-07-26 13:30:00+00:00,64439.9,64534.3,64429.6,64534.2,76.1131
2026-07-26 13:45:00+00:00,64534.2,64548.1,64486.4,64491.8,40.8186
2026-07-26 14:00:00+00:00,64491.8,64745.9,64491.8,64678.4,729.3663
2026-07-26 14:15:00+00:00,64678.4,64678.4,64590.2,64605.0,116.2223
2026-07-26 14:30:00+00:00,64605.0,64702.0,64588.3,64658.2,112.5215
2026-07-26 14:45:00+00:00,64658.2,64732.5,64653.2,64687.1,171.1216
2026-07-26 15:00:00+00:00,64687.1,64743.2,64639.9,64640.0,161.1093
2026-07-26 15:15:00+00:00,64640.0,64756.9,64640.0,64727.8,206.4023
2026-07-26 15:30:00+00:00,64727.8,64804.6,64699.9,64775.4,206.2858
2026-07-26 15:45:00+00:00,64775.4,64775.4,64706.6,64733.5,135.2561
2026-07-26 16:00:00+00:00,64733.5,64770.0,64667.3,64687.7,142.9659
2026-07-26 16:15:00+00:00,64687.7,64786.4,64685.2,64770.6,165.2205
2026-07-26 16:30:00+00:00,64770.6,64913.4,64769.8,64796.4,379.0492
2026-07-26 16:45:00+00:00,64796.4,64809.9,64699.9,64699.9,116.1493
2026-07-26 17:00:00+00:00,64699.9,64744.1,64639.8,64743.9,149.917
2026-07-26 17:15:00+00:00,64743.9,64769.0,64682.6,64685.8,86.1499
2026-07-26 17:30:00+00:00,64685.8,64726.6,64640.4,64657.2,60.6954
2026-07-26 17:45:00+00:00,64657.2,64685.5,64642.8,64663.3,53.507
2026-07-26 18:00:00+00:00,64663.3,64678.8,64645.5,64654.2,57.6319
2026-07-26 18:15:00+00:00,64654.2,64676.6,64633.9,64659.8,42.6679
2026-07-26 18:30:00+00:00,64659.8,64698.0,64649.1,64676.4,68.3505
2026-07-26 18:45:00+00:00,64676.4,64746.9,64676.4,64706.8,62.7971
2026-07-26 19:00:00+00:00,64706.8,64716.2,64638.7,64646.7,47.3162
2026-07-26 19:15:00+00:00,64646.7,64709.9,64646.7,64692.6,57.2992
2026-07-26 19:30:00+00:00,64692.6,64729.4,64688.1,64696.2,47.0484
2026-07-26 19:45:00+00:00,64696.2,64696.3,64663.8,64665.5,19.7173
2026-07-26 20:00:00+00:00,64665.5,64676.2,64655.8,64669.1,34.2786
2026-07-26 20:15:00+00:00,64669.1,64669.2,64606.3,64623.7,42.3598
2026-07-26 20:30:00+00:00,64623.7,64647.4,64623.0,64637.2,28.4004
2026-07-26 20:45:00+00:00,64637.2,64637.3,64616.1,64621.2,15.3765
2026-07-26 21:00:00+00:00,64621.2,64690.0,64621.1,64665.6,50.3808
2026-07-26 21:15:00+00:00,64665.6,64839.3,64665.5,64788.8,145.1327
2026-07-26 21:30:00+00:00,64788.8,64821.1,64762.1,64762.1,153.1274
2026-07-26 21:45:00+00:00,64762.1,64896.4,64762.1,64821.6,144.8479
2026-07-26 22:00:00+00:00,64821.6,65222.5,64821.6,65181.7,2594.4876
2026-07-26 22:15:00+00:00,65181.7,65233.9,65137.7,65188.8,333.3046
2026-07-26 22:30:00+00:00,65188.8,65480.0,65168.5,65445.4,2746.4605
2026-07-26 22:45:00+00:00,65445.4,65468.4,65351.8,65384.5,270.7891
2026-07-26 23:00:00+00:00,65384.5,65553.4,65356.6,65382.2,703.9983
2026-07-26 23:15:00+00:00,65382.2,65468.4,65280.8,65305.9,274.4075
2026-07-26 23:30:00+00:00,65305.9,65385.3,65245.5,65379.3,156.6165
2026-07-26 23:45:00+00:00,65379.3,65439.9,65319.1,65375.1,200.8439
2026-07-27 00:00:00+00:00,65375.1,65398.2,65152.9,65197.1,391.9497
2026-07-27 00:15:00+00:00,65197.1,65232.9,65069.0,65163.0,511.1823
2026-07-27 00:30:00+00:00,65163.0,65196.8,65080.1,65130.0,251.0454
2026-07-27 00:45:00+00:00,65130.0,65162.5,65033.1,65105.9,212.9372
2026-07-27 01:00:00+00:00,65105.9,65178.9,65015.4,65027.6,257.7219
2026-07-27 01:15:00+00:00,65027.6,65056.7,64955.5,64993.1,300.9898
2026-07-27 01:30:00+00:00,64993.1,65093.8,64871.9,65066.4,351.7787
2026-07-27 01:45:00+00:00,65066.4,65195.4,65049.6,65179.7,298.887
2026-07-27 02:00:00+00:00,65179.7,65194.7,65130.5,65171.7,179.1438
2026-07-27 02:15:00+00:00,65171.7,65219.5,65120.0,65156.4,217.6609
2026-07-27 02:30:00+00:00,65156.4,65254.3,65087.8,65213.1,135.4161
2026-07-27 02:45:00+00:00,65213.1,65239.1,65098.9,65145.6,156.6941
2026-07-27 03:00:00+00:00,65145.6,65270.7,65143.3,65256.5,181.2855
2026-07-27 03:15:00+00:00,65256.5,65315.5,65232.1,65290.6,210.8997
2026-07-27 03:30:00+00:00,65290.6,65335.5,65227.4,65326.0,108.3964
2026-07-27 03:45:00+00:00,65326.0,65343.9,65244.8,65261.3,128.9508
2026-07-27 04:00:00+00:00,65261.3,65348.3,65216.7,65292.4,162.0418
2026-07-27 04:15:00+00:00,65292.4,65482.0,65261.1,65294.5,331.7038
2026-07-27 04:30:00+00:00,65294.5,65413.9,65215.9,65365.8,225.1288
2026-07-27 04:45:00+00:00,65365.8,65365.9,65251.6,65257.1,96.8891
2026-07-27 05:00:00+00:00,65257.1,65367.6,65250.9,65340.3,122.5516
2026-07-27 05:15:00+00:00,65340.3,65415.3,65313.5,65385.4,143.0899
2026-07-27 05:30:00+00:00,65385.4,65399.8,65333.5,65360.4,156.1628
2026-07-27 05:45:00+00:00,65360.4,65467.9,65321.1,65434.2,159.8025
2026-07-27 06:00:00+00:00,65434.2,65722.3,65423.4,65570.8,4993.9347
2026-07-27 06:15:00+00:00,65570.8,65616.2,65428.3,65464.7,217.1
2026-07-27 06:30:00+00:00,65464.7,65555.0,65439.0,65502.1,167.6541
2026-07-27 06:45:00+00:00,65502.1,65508.0,65379.2,65387.9,143.5429
2026-07-27 07:00:00+00:00,65387.9,65418.2,65318.5,65399.0,269.6655
2026-07-27 07:15:00+00:00,65399.0,65421.1,65367.9,65380.9,164.6527
2026-07-27 07:30:00+00:00,65380.9,65380.9,65190.0,65262.8,323.6125
2026-07-27 07:45:00+00:00,65262.8,65303.3,65191.3,65195.9,146.2266
2026-07-27 08:00:00+00:00,65195.9,65227.7,65137.9,65166.5,206.52
2026-07-27 08:15:00+00:00,65166.5,65234.0,65106.7,65209.0,168.7427
2026-07-27 08:30:00+00:00,65209.0,65211.1,65130.9,65132.1,119.552
2026-07-27 08:45:00+00:00,65132.1,65180.0,65089.5,65137.5,164.8002
2026-07-27 09:00:00+00:00,65137.5,65137.5,65066.2,65092.1,158.5668
2026-07-27 09:15:00+00:00,65092.1,65209.3,65092.0,65198.2,94.2679
2026-07-27 09:30:00+00:00,65198.2,65315.7,65176.8,65276.0,177.9305
2026-07-27 09:45:00+00:00,65276.0,65281.4,65234.4,65234.4,55.0072
2026-07-27 10:00:00+00:00,65234.4,65253.0,65202.0,65228.3,73.6839
2026-07-27 10:15:00+00:00,65228.3,65369.3,65218.5,65322.8,130.7399
2026-07-27 10:30:00+00:00,65322.8,65390.0,65314.9,65381.2,123.3624
2026-07-27 10:45:00+00:00,65381.2,65407.7,65299.9,65314.6,122.3331
2026-07-27 11:00:00+00:00,65314.6,65314.6,65226.9,65229.8,133.0119
2026-07-27 11:15:00+00:00,65229.8,65241.7,65099.9,65099.9,136.9303
2026-07-27 11:30:00+00:00,65099.9,65185.5,65092.1,65130.1,150.119
2026-07-27 11:45:00+00:00,65130.1,65130.1,65061.0,65073.1,100.5918
2026-07-27 12:00:00+00:00,65073.1,65234.8,65040.5,65061.4,385.0503
2026-07-27 12:15:00+00:00,65061.4,65121.7,64976.5,64984.5,254.6647
2026-07-27 12:30:00+00:00,64984.5,65031.9,64811.2,65023.2,786.4247
2026-07-27 12:45:00+00:00,65023.2,65110.9,64992.3,65064.9,334.139
2026-07-27 13:00:00+00:00,65064.9,65098.9,64938.5,64944.3,214.2145
2026-07-27 13:15:00+00:00,64944.3,65031.8,64885.3,64922.3,260.5042
2026-07-27 13:30:00+00:00,64922.3,65664.7,64919.5,65637.6,2518.1678
2026-07-27 13:45:00+00:00,65637.6,65689.3,65142.8,65189.3,2150.3175
2026-07-27 14:00:00+00:00,65189.3,65406.8,65103.0,65330.7,1406.6277
2026-07-27 14:15:00+00:00,65330.7,65367.8,64845.2,64845.3,1423.6789
2026-07-27 14:30:00+00:00,64845.3,64856.8,64424.4,64445.0,3802.9834
2026-07-27 14:45:00+00:00,64445.0,64680.6,64440.2,64663.3,1026.9158
2026-07-27 15:00:00+00:00,64663.3,64748.6,64545.3,64698.6,820.9161
2026-07-27 15:15:00+00:00,64698.6,64750.0,64520.6,64624.1,651.4424
2026-07-27 15:30:00+00:00,64624.1,64669.6,64381.9,64546.3,915.8948
2026-07-27 15:45:00+00:00,64546.3,64609.8,64499.9,64517.1,353.4524
2026-07-27 16:00:00+00:00,64517.1,64657.9,64500.2,64586.3,363.2272
2026-07-27 16:15:00+00:00,64586.3,64767.1,64479.8,64701.6,1065.5878
2026-07-27 16:30:00+00:00,64701.6,64941.7,64701.6,64894.2,626.8715
2026-07-27 16:45:00+00:00,64894.2,64919.7,64779.9,64871.0,328.5167
2026-07-27 17:00:00+00:00,64871.0,64920.7,64761.5,64864.7,258.4961
2026-07-27 17:15:00+00:00,64864.7,65035.7,64848.6,64975.5,349.2497
2026-07-27 17:30:00+00:00,64975.5,65069.1,64963.5,64972.6,239.2556
2026-07-27 17:45:00+00:00,64972.6,65005.2,64926.0,64994.1,290.8356
2026-07-27 18:00:00+00:00,64994.1,65034.7,64933.6,64933.6,139.7708
2026-07-27 18:15:00+00:00,64933.6,64933.6,64812.0,64895.1,205.5536
2026-07-27 18:30:00+00:00,64895.1,64912.9,64727.2,64815.2,232.1164
2026-07-27 18:45:00+00:00,64815.2,64854.7,64737.6,64854.5,192.6762
2026-07-27 19:00:00+00:00,64854.5,65000.0,64782.0,64949.8,207.6677
2026-07-27 19:15:00+00:00,64949.8,65007.1,64901.3,64971.5,170.2261
2026-07-27 19:30:00+00:00,64971.5,65056.6,64942.5,64953.0,174.8172
2026-07-27 19:45:00+00:00,64953.0,64962.9,64889.3,64959.1,145.2269
2026-07-27 20:00:00+00:00,64959.1,65030.7,64912.9,64930.8,138.1416
2026-07-27 20:15:00+00:00,64930.8,64992.7,64880.3,64992.7,81.5476
2026-07-27 20:30:00+00:00,64992.7,65003.3,64921.3,64921.6,93.0996
2026-07-27 20:45:00+00:00,64921.6,64942.3,64877.1,64940.3,106.2635
2026-07-27 21:00:00+00:00,64940.3,64940.4,64868.1,64880.0,178.6883
2026-07-27 21:15:00+00:00,64880.0,64880.1,64790.1,64800.6,66.3708
2026-07-27 21:30:00+00:00,64800.6,64860.5,64762.1,64798.7,117.3691
2026-07-27 21:45:00+00:00,64798.7,64843.8,64765.0,64790.2,134.0928
2026-07-27 22:00:00+00:00,64790.2,64790.2,64638.1,64700.2,330.3133
2026-07-27 22:15:00+00:00,64700.2,64727.1,64530.4,64574.4,291.3551
2026-07-27 22:30:00+00:00,64574.4,64577.0,64116.6,64183.4,10789.363
2026-07-27 22:45:00+00:00,64183.4,64191.8,63755.3,63755.4,1920.7385
2026-07-27 23:00:00+00:00,63755.4,63819.3,63568.5,63765.4,2575.6402
2026-07-27 23:15:00+00:00,63765.4,63903.4,63688.0,63845.9,574.6524
2026-07-27 23:30:00+00:00,63845.9,63890.0,63592.6,63654.9,618.9223
2026-07-27 23:45:00+00:00,63654.9,63757.0,63625.7,63720.8,320.2426
2026-07-28 00:00:00+00:00,63720.8,63760.3,63455.9,63654.0,867.9386
2026-07-28 00:15:00+00:00,63654.0,63794.3,63550.3,63674.9,651.4038
2026-07-28 00:30:00+00:00,63674.9,63681.6,63532.6,63579.9,388.3223
2026-07-28 00:45:00+00:00,63579.9,63593.5,63439.3,63452.9,575.319
2026-07-28 01:00:00+00:00,63452.9,63499.9,63020.9,63172.5,1752.2487
2026-07-28 01:15:00+00:00,63172.5,63320.9,63108.9,63279.8,580.5044
2026-07-28 01:30:00+00:00,63279.8,63365.8,63142.9,63164.8,326.0148
2026-07-28 01:45:00+00:00,63164.8,63279.8,63140.8,63195.7,238.8626
2026-07-28 02:00:00+00:00,63195.7,63254.9,63120.8,63234.1,238.9676
2026-07-28 02:15:00+00:00,63234.1,63269.6,63168.3,63200.1,160.2466
2026-07-28 02:30:00+00:00,63200.1,63210.0,63091.7,63099.8,214.7511
2026-07-28 02:45:00+00:00,63099.8,63171.0,63069.8,63148.0,162.5863
2026-07-28 03:00:00+00:00,63148.0,63261.4,63131.9,63238.1,166.0025
2026-07-28 03:15:00+00:00,63238.1,63310.0,63212.0,63261.2,186.6892
2026-07-28 03:30:00+00:00,63261.2,63342.7,63201.9,63319.5,240.3329
2026-07-28 03:45:00+00:00,63319.5,63333.0,63249.9,63310.0,184.1771
2026-07-28 04:00:00+00:00,63310.0,63323.0,63250.7,63311.6,256.7
2026-07-28 04:15:00+00:00,63311.6,63333.2,63258.5,63260.0,129.9406
2026-07-28 04:30:00+00:00,63260.0,63264.7,63183.8,63258.5,137.5035
2026-07-28 04:45:00+00:00,63258.5,63329.1,63254.7,63323.4,88.7338
2026-07-28 05:00:00+00:00,63323.4,63464.8,63295.3,63418.0,272.8416
2026-07-28 05:15:00+00:00,63418.0,63587.5,63417.9,63514.2,328.4712
2026-07-28 05:30:00+00:00,63514.2,63521.9,63401.0,63521.9,169.7546
2026-07-28 05:45:00+00:00,63521.9,63538.4,63417.4,63417.4,105.2699
2026-07-28 06:00:00+00:00,63417.4,63433.8,63365.3,63390.3,125.5853
2026-07-28 06:15:00+00:00,63390.3,63500.0,63390.2,63494.2,184.3847
2026-07-28 06:30:00+00:00,63494.2,63553.9,63473.3,63542.9,145.4071
2026-07-28 06:45:00+00:00,63542.9,63639.8,63510.4,63609.3,399.8966
2026-07-28 07:00:00+00:00,63609.3,63630.5,63516.4,63554.3,151.3229
2026-07-28 07:15:00+00:00,63554.3,63565.6,63486.6,63542.7,130.7393
2026-07-28 07:30:00+00:00,63542.7,63548.3,63448.2,63453.4,122.8239
2026-07-28 07:45:00+00:00,63453.4,63497.5,63421.0,63476.6,84.2856
2026-07-28 08:00:00+00:00,63476.6,63513.8,63404.5,63404.6,104.1224
2026-07-28 08:15:00+00:00,63404.6,63465.3,63401.9,63450.3,149.5963
2026-07-28 08:30:00+00:00,63450.3,63490.0,63380.9,63471.5,102.8352
2026-07-28 08:45:00+00:00,63471.5,63484.7,63370.1,63401.5,88.1439
2026-07-28 09:00:00+00:00,63401.5,63437.7,63360.4,63399.6,102.3679
2026-07-28 09:15:00+00:00,63399.6,63470.0,63382.7,63466.6,122.657
2026-07-28 09:30:00+00:00,63466.6,63556.8,63449.3,63487.6,119.3301
2026-07-28 09:45:00+00:00,63487.6,63528.3,63337.5,63367.7,150.912
2026-07-28 10:00:00+00:00,63367.7,63384.7,63292.5,63319.8,251.3406
2026-07-28 10:15:00+00:00,63319.8,63407.7,63264.6,63354.8,165.7514
2026-07-28 10:30:00+00:00,63354.8,63501.8,63334.9,63500.3,477.1213
2026-07-28 10:45:00+00:00,63500.3,63532.1,63437.9,63439.5,80.8502
2026-07-28 11:00:00+00:00,63439.5,63480.9,63333.7,63335.5,162.9373
2026-07-28 11:15:00+00:00,63335.5,63568.8,63322.5,63427.3,512.6843
2026-07-28 11:30:00+00:00,63427.3,63558.1,63336.6,63383.6,660.0006
2026-07-28 11:45:00+00:00,63383.6,63487.7,63367.8,63430.6,1138.4437
2026-07-28 12:00:00+00:00,63430.6,63510.2,63400.9,63415.3,229.9521
2026-07-28 12:15:00+00:00,63415.3,63486.9,63396.8,63401.5,141.4966
2026-07-28 12:30:00+00:00,63401.5,63455.9,63357.9,63449.9,195.7373
2026-07-28 12:45:00+00:00,63449.9,63545.9,63404.9,63519.9,276.4476
2026-07-28 13:00:00+00:00,63519.9,63568.5,63449.9,63479.5,173.0034
2026-07-28 13:15:00+00:00,63479.5,63479.6,63269.1,63282.4,231.5696
2026-07-28 13:30:00+00:00,63282.4,63366.3,62846.9,62966.0,5015.8815
2026-07-28 13:45:00+00:00,62966.0,63100.9,62680.0,63078.8,1765.9308
2026-07-28 14:00:00+00:00,63078.8,63281.6,63078.7,63128.2,917.6229
2026-07-28 14:15:00+00:00,63128.2,63219.8,62937.0,63158.1,1241.4674
2026-07-28 14:30:00+00:00,63158.1,63397.9,63125.3,63328.0,1203.0087
2026-07-28 14:45:00+00:00,63328.0,63520.6,63290.1,63384.0,616.6825
2026-07-28 15:00:00+00:00,63384.0,63471.7,63234.6,63432.3,2769.6566
2026-07-28 15:15:00+00:00,63432.3,63949.9,63340.5,63722.2,2435.8585
2026-07-28 15:30:00+00:00,63722.2,63919.8,63667.1,63841.1,758.5659
2026-07-28 15:45:00+00:00,63841.1,64006.4,63766.9,63899.3,1049.9731
2026-07-28 16:00:00+00:00,63899.3,63912.1,63779.8,63791.7,718.0563
2026-07-28 16:15:00+00:00,63791.7,63929.7,63767.8,63809.6,506.1614
2026-07-28 16:30:00+00:00,63809.6,63919.8,63746.3,63889.6,456.106
2026-07-28 16:45:00+00:00,63889.6,64084.0,63840.2,64019.8,555.0468
2026-07-28 17:00:00+00:00,64019.8,64019.9,63769.2,63782.7,278.1605
2026-07-28 17:15:00+00:00,63782.7,63813.1,63674.8,63709.9,424.8515
2026-07-28 17:30:00+00:00,63709.9,63709.9,63477.2,63538.2,589.9955
2026-07-28 17:45:00+00:00,63538.2,63666.0,63537.5,63665.8,234.7438
2026-07-28 18:00:00+00:00,63665.8,63823.7,63654.4,63670.5,402.5367
2026-07-28 18:15:00+00:00,63670.5,63720.1,63651.6,63679.4,194.4102
2026-07-28 18:30:00+00:00,63679.4,63753.2,63646.6,63730.8,140.9107
2026-07-28 18:45:00+00:00,63730.8,63779.8,63664.0,63710.7,124.2913
2026-07-28 19:00:00+00:00,63710.7,63837.5,63710.7,63739.1,190.4032
2026-07-28 19:15:00+00:00,63739.1,63775.2,63693.7,63728.5,138.7803
2026-07-28 19:30:00+00:00,63728.5,63857.6,63663.1,63676.6,260.5024
2026-07-28 19:45:00+00:00,63676.6,63881.9,63650.1,63881.9,269.3634
2026-07-28 20:00:00+00:00,63881.9,63972.5,63850.3,63960.6,316.5903
2026-07-28 20:15:00+00:00,63960.6,63993.1,63874.5,63879.8,151.8084
2026-07-28 20:30:00+00:00,63879.8,63918.5,63853.2,63905.9,257.6498
2026-07-28 20:45:00+00:00,63905.9,63924.4,63864.1,63890.6,199.4827
2026-07-28 21:00:00+00:00,63890.6,63970.9,63888.2,63895.0,113.6772
2026-07-28 21:15:00+00:00,63895.0,63908.6,63863.7,63894.1,53.0637
2026-07-28 21:30:00+00:00,63894.1,64042.0,63878.4,64009.9,190.2432
2026-07-28 21:45:00+00:00,64009.9,64047.4,63943.6,63950.0,191.2363
2026-07-28 22:00:00+00:00,63950.0,63994.5,63886.2,63968.8,195.4555
2026-07-28 22:15:00+00:00,63968.8,63999.8,63893.2,63893.3,125.0002
2026-07-28 22:30:00+00:00,63893.3,63893.3,63833.7,63852.7,122.477
2026-07-28 22:45:00+00:00,63852.7,63852.7,63739.8,63754.5,170.2575
2026-07-28 23:00:00+00:00,63754.5,63764.0,63575.0,63599.6,253.204
2026-07-28 23:15:00+00:00,63599.6,63636.1,63525.9,63607.5,153.7841
2026-07-28 23:30:00+00:00,63607.5,63826.3,63607.4,63814.3,295.3299
2026-07-28 23:45:00+00:00,63814.3,63934.2,63791.9,63903.5,261.1699
2026-07-29 00:00:00+00:00,63903.5,64168.6,63901.3,63987.2,990.0118
2026-07-29 00:15:00+00:00,63987.2,64065.8,63922.9,63986.4,398.9516
2026-07-29 00:30:00+00:00,63986.4,64077.8,63845.8,64058.3,290.6486
2026-07-29 00:45:00+00:00,64058.3,64167.9,63905.5,63927.4,274.3384
2026-07-29 01:00:00+00:00,63927.4,63978.6,63772.7,63794.9,324.9036
2026-07-29 01:15:00+00:00,63794.9,63923.8,63749.3,63890.5,382.8437
2026-07-29 01:30:00+00:00,63890.5,63916.5,63764.1,63785.9,373.0148
2026-07-29 01:45:00+00:00,63785.9,63811.5,63664.6,63682.3,392.1396
2026-07-29 02:00:00+00:00,63682.3,63849.1,63629.7,63812.0,444.9041
2026-07-29 02:15:00+00:00,63812.0,64001.9,63662.6,64001.8,464.7781
2026-07-29 02:30:00+00:00,64001.8,64109.7,63925.3,64003.3,397.7192
2026-07-29 02:45:00+00:00,64003.3,64022.2,63891.4,63954.8,221.9186
2026-07-29 03:00:00+00:00,63954.8,63984.6,63823.0,63913.1,344.4806
2026-07-29 03:15:00+00:00,63913.1,63946.9,63759.1,63773.3,240.387
2026-07-29 03:30:00+00:00,63773.3,63853.6,63684.5,63749.0,388.0335
2026-07-29 03:45:00+00:00,63749.0,63779.8,63686.8,63726.8,268.2801
2026-07-29 04:00:00+00:00,63726.8,63748.7,63569.5,63719.4,365.6995
2026-07-29 04:15:00+00:00,63719.4,63813.2,63606.0,63785.0,311.7292
2026-07-29 04:30:00+00:00,63785.0,63935.0,63753.1,63841.0,229.4431
2026-07-29 04:45:00+00:00,63841.0,63949.9,63820.9,63944.1,198.4333
2026-07-29 05:00:00+00:00,63944.1,63998.9,63906.4,63975.0,203.8058
2026-07-29 05:15:00+00:00,63975.0,63975.1,63866.2,63928.1,178.4123
2026-07-29 05:30:00+00:00,63928.1,64024.7,63894.1,63994.1,149.9013
2026-07-29 05:45:00+00:00,63994.1,64071.0,63984.6,64045.1,123.5215
2026-07-29 06:00:00+00:00,64045.1,64125.9,64004.4,64098.6,248.5262
2026-07-29 06:15:00+00:00,64098.6,64384.9,64070.1,64379.5,531.5092
2026-07-29 06:30:00+00:00,64379.5,64474.6,64362.3,64439.2,626.4902
2026-07-29 06:45:00+00:00,64439.2,64439.2,64367.6,64407.6,189.6216
2026-07-29 07:00:00+00:00,64407.6,64465.1,64375.9,64435.7,123.6512
2026-07-29 07:15:00+00:00,64435.7,64483.7,64405.3,64481.7,153.9557
2026-07-29 07:30:00+00:00,64481.7,64490.4,64411.7,64468.5,99.8781
2026-07-29 07:45:00+00:00,64468.5,64543.9,64431.1,64538.7,217.7845
2026-07-29 08:00:00+00:00,64538.7,64556.5,64327.8,64342.1,204.9683
2026-07-29 08:15:00+00:00,64342.1,64375.2,64258.1,64275.5,173.8452
2026-07-29 08:30:00+00:00,64275.5,64402.4,64250.8,64402.3,119.7556
2026-07-29 08:45:00+00:00,64402.3,64496.8,64366.5,64391.0,101.0413
2026-07-29 09:00:00+00:00,64391.0,64439.9,64353.1,64429.9,86.319
2026-07-29 09:15:00+00:00,64429.9,64450.0,64397.0,64433.4,100.2751
2026-07-29 09:30:00+00:00,64433.4,64668.9,64433.4,64572.4,593.3521
2026-07-29 09:45:00+00:00,64572.4,64710.3,64482.7,64660.7,283.7446
2026-07-29 10:00:00+00:00,64660.7,64680.0,64590.9,64634.5,203.581
2026-07-29 10:15:00+00:00,64634.5,64673.2,64580.4,64593.7,101.7929
2026-07-29 10:30:00+00:00,64593.7,64649.9,64534.6,64635.9,83.4664
2026-07-29 10:45:00+00:00,64635.9,64635.9,64381.2,64443.9,227.3416
2026-07-29 11:00:00+00:00,64443.9,64514.4,64408.7,64490.0,164.7893
2026-07-29 11:15:00+00:00,64490.0,64565.2,64445.3,64461.2,149.9866
2026-07-29 11:30:00+00:00,64461.2,64468.9,64390.3,64391.0,99.2899
2026-07-29 11:45:00+00:00,64391.0,64479.9,64387.9,64479.9,99.5996
2026-07-29 12:00:00+00:00,64479.9,64480.0,64399.9,64422.9,120.3128
2026-07-29 12:15:00+00:00,64422.9,64422.9,64243.9,64304.7,395.7306
2026-07-29 12:30:00+00:00,64304.7,64355.4,64250.1,64305.1,221.3627
2026-07-29 12:45:00+00:00,64305.1,64313.6,64187.0,64248.1,240.211
2026-07-29 13:00:00+00:00,64248.1,64305.5,64181.8,64298.5,297.7837
2026-07-29 13:15:00+00:00,64298.5,64305.4,64115.2,64177.6,394.3407
2026-07-29 13:30:00+00:00,64177.6,64467.7,64114.6,64444.3,1461.3419
2026-07-29 13:45:00+00:00,64444.3,64639.9,64281.5,64634.5,1006.7374
2026-07-29 14:00:00+00:00,64634.5,64688.0,64203.5,64236.2,985.1811
2026-07-29 14:15:00+00:00,64236.2,64375.1,64091.4,64174.4,962.5315
2026-07-29 14:30:00+00:00,64174.4,64282.6,64018.9,64071.8,776.8247
2026-07-29 14:45:00+00:00,64071.8,64232.4,64026.0,64079.5,741.8391
2026-07-29 15:00:00+00:00,64079.5,64170.5,64034.0,64106.5,567.8587
2026-07-29 15:15:00+00:00,64106.5,64136.9,63941.6,64071.0,602.7645
2026-07-29 15:30:00+00:00,64071.0,64162.2,63947.1,63958.1,573.7252
2026-07-29 15:45:00+00:00,63958.1,64025.3,63857.4,63940.2,482.4551
2026-07-29 16:00:00+00:00,63940.2,63985.7,63873.0,63927.7,417.6523
2026-07-29 16:15:00+00:00,63927.7,64120.2,63891.3,63998.6,583.7218
2026-07-29 16:30:00+00:00,63998.6,64054.0,63600.5,63669.0,723.226
2026-07-29 16:45:00+00:00,63669.0,63810.9,63629.8,63786.5,502.2078
2026-07-29 17:00:00+00:00,63786.5,63854.6,63680.1,63849.9,464.5399
2026-07-29 17:15:00+00:00,63849.9,63850.0,63723.3,63738.1,278.3335
2026-07-29 17:30:00+00:00,63738.1,63957.7,63710.4,63942.1,356.9645
2026-07-29 17:45:00+00:00,63942.1,64268.1,63905.6,64247.4,589.9278
2026-07-29 18:00:00+00:00,64247.4,64677.2,64228.0,64313.7,59543.4902
2026-07-29 18:15:00+00:00,64313.7,64370.0,63958.1,64071.9,1052.8158
2026-07-29 18:30:00+00:00,64071.9,64432.4,63742.8,64381.1,3145.8907
2026-07-29 18:45:00+00:00,64381.1,64619.9,64325.4,64484.1,1184.0048
2026-07-29 19:00:00+00:00,64484.1,64573.6,64150.9,64258.9,1240.5773
2026-07-29 19:15:00+00:00,64258.9,64393.8,63931.7,64014.1,2017.9926
2026-07-29 19:30:00+00:00,64014.1,64093.0,63820.0,63853.4,919.3685
2026-07-29 19:45:00+00:00,63853.4,63881.9,63483.9,63563.8,1982.2798
2026-07-29 20:00:00+00:00,63563.8,63623.7,63339.2,63585.3,2409.7815
2026-07-29 20:15:00+00:00,63585.3,63695.8,63371.6,63499.9,806.7101
2026-07-29 20:30:00+00:00,63499.9,63707.5,63470.4,63562.0,495.3152
2026-07-29 20:45:00+00:00,63562.0,63583.8,63444.8,63487.7,335.9789
2026-07-29 21:00:00+00:00,63487.7,63500.0,63236.5,63461.4,892.1794
2026-07-29 21:15:00+00:00,63461.4,63549.5,63339.6,63539.4,243.934
2026-07-29 21:30:00+00:00,63539.4,63610.9,63509.4,63533.9,334.5732
2026-07-29 21:45:00+00:00,63533.9,63831.2,63500.5,63830.9,767.262
2026-07-29 22:00:00+00:00,63830.9,64087.5,63830.9,63991.3,869.2168
2026-07-29 22:15:00+00:00,63991.3,64106.6,63948.0,64016.4,455.8438
2026-07-29 22:30:00+00:00,64016.4,64033.1,63892.9,63983.2,238.4186
2026-07-29 22:45:00+00:00,63983.2,63999.9,63881.3,63916.8,199.1799
2026-07-29 23:00:00+00:00,63916.8,63965.0,63870.5,63896.0,144.9923
2026-07-29 23:15:00+00:00,63896.0,64044.3,63891.8,63980.7,166.3887
2026-07-29 23:30:00+00:00,63980.7,64009.4,63901.6,63982.2,140.2048
2026-07-29 23:45:00+00:00,63982.2,64033.7,63921.3,63958.8,203.7614
2026-07-30 00:00:00+00:00,63958.8,64073.3,63955.7,64007.5,244.8941
2026-07-30 00:15:00+00:00,64007.5,64096.7,63932.9,63979.7,217.7542
2026-07-30 00:30:00+00:00,63979.7,63986.7,63669.5,63669.5,435.4121
2026-07-30 00:45:00+00:00,63669.5,63730.6,63576.4,63673.5,379.3159
2026-07-30 01:00:00+00:00,63673.5,63857.9,63663.2,63677.6,347.9189
2026-07-30 01:15:00+00:00,63677.6,63819.9,63662.7,63810.7,205.9129
2026-07-30 01:30:00+00:00,63810.7,64049.8,63810.6,64034.0,393.9862
2026-07-30 01:45:00+00:00,64034.0,64352.8,64015.5,64245.1,618.043
2026-07-30 02:00:00+00:00,64245.1,64371.6,64212.3,64302.4,345.0469
2026-07-30 02:15:00+00:00,64302.4,64392.9,64272.1,64327.2,258.4308
2026-07-30 02:30:00+00:00,64327.2,64332.1,64189.4,64296.0,172.3399
2026-07-30 02:45:00+00:00,64296.0,64296.0,64139.2,64163.5,159.3476
2026-07-30 03:00:00+00:00,64163.5,64246.4,64108.9,64173.7,167.4391
2026-07-30 03:15:00+00:00,64173.7,64282.2,64167.3,64243.5,212.9858
2026-07-30 03:30:00+00:00,64243.5,64243.5,64113.5,64134.6,1557.7797
2026-07-30 03:45:00+00:00,64134.6,64198.4,64128.9,64134.0,121.3579
2026-07-30 04:00:00+00:00,64134.0,64152.2,64075.1,64100.2,90.413
2026-07-30 04:15:00+00:00,64100.2,64110.5,64065.0,64075.5,103.6515
2026-07-30 04:30:00+00:00,64075.5,64135.6,64028.4,64069.9,133.319
2026-07-30 04:45:00+00:00,64069.9,64121.9,63979.9,63998.5,132.6617
2026-07-30 05:00:00+00:00,63998.5,64016.1,63907.3,63956.7,252.1932
2026-07-30 05:15:00+00:00,63956.7,63989.1,63880.9,63984.7,224.3719
2026-07-30 05:30:00+00:00,63984.7,64156.4,63972.0,64093.4,285.3261
2026-07-30 05:45:00+00:00,64093.4,64132.4,63970.0,64013.5,160.7565
2026-07-30 06:00:00+00:00,64013.5,64054.1,63954.9,63970.6,202.5176
2026-07-30 06:15:00+00:00,63970.6,64054.8,63939.7,64054.7,130.8759
2026-07-30 06:30:00+00:00,64054.7,64054.8,63946.9,63983.0,98.0666
2026-07-30 06:45:00+00:00,63983.0,63997.6,63929.9,63974.4,111.385
2026-07-30 07:00:00+00:00,63974.4,64121.8,63966.3,64032.6,304.9007
2026-07-30 07:15:00+00:00,64032.6,64119.9,63961.3,64037.5,245.9595
2026-07-30 07:30:00+00:00,64037.5,64042.6,63913.6,64014.5,168.622
2026-07-30 07:45:00+00:00,64014.5,64014.7,63952.9,63981.7,141.4603
2026-07-30 08:00:00+00:00,63981.7,64043.0,63949.9,63978.2,216.3589
2026-07-30 08:15:00+00:00,63978.2,64326.2,63953.0,64239.9,424.8371
2026-07-30 08:30:00+00:00,64239.9,64323.9,64204.9,64323.0,256.6332
2026-07-30 08:45:00+00:00,64323.0,64331.8,64260.8,64280.3,136.6113
2026-07-30 09:00:00+00:00,64280.3,64394.8,64256.9,64385.3,195.7139
2026-07-30 09:15:00+00:00,64385.3,64508.5,64362.2,64469.5,285.4013
2026-07-30 09:30:00+00:00,64469.5,64617.9,64469.5,64571.6,552.3849
2026-07-30 09:45:00+00:00,64571.6,64616.8,64549.8,64549.9,126.3705
2026-07-30 10:00:00+00:00,64549.9,64609.4,64543.6,64548.8,170.3305
2026-07-30 10:15:00+00:00,64548.8,64612.4,64545.1,64600.6,73.5411
2026-07-30 10:30:00+00:00,64600.6,64604.4,64538.6,64591.3,118.524
2026-07-30 10:45:00+00:00,64591.3,64595.9,64545.3,64548.8,99.4348
2026-07-30 11:00:00+00:00,64548.8,64604.9,64515.0,64581.2,144.2426
2026-07-30 11:15:00+00:00,64581.2,64646.2,64545.1,64553.6,148.1195
2026-07-30 11:30:00+00:00,64553.6,64693.0,64523.9,64638.1,242.7077
2026-07-30 11:45:00+00:00,64638.1,64869.9,64623.4,64766.7,934.7494
2026-07-30 12:00:00+00:00,64766.7,65014.6,64765.4,64960.6,488.4315
2026-07-30 12:15:00+00:00,64960.6,64999.9,64834.6,64854.8,384.6417
2026-07-30 12:30:00+00:00,64854.8,64922.6,64810.6,64810.6,309.8219
2026-07-30 12:45:00+00:00,64810.6,64917.3,64810.6,64892.5,142.7055
2026-07-30 13:00:00+00:00,64892.5,64935.0,64799.1,64817.6,336.5863
2026-07-30 13:15:00+00:00,64817.6,64856.7,64785.3,64809.6,140.584
2026-07-30 13:30:00+00:00,64809.6,64996.8,64662.8,64991.0,898.8733
2026-07-30 13:45:00+00:00,64991.0,65158.0,64960.1,64995.8,1177.0503
2026-07-30 14:00:00+00:00,64995.8,65015.3,64687.5,64700.9,723.3444
2026-07-30 14:15:00+00:00,64700.9,64828.6,64588.3,64750.9,783.0344
2026-07-30 14:30:00+00:00,64750.9,64836.2,64700.1,64773.4,311.9586
2026-07-30 14:45:00+00:00,64773.4,64818.3,64603.2,64649.0,431.9713
2026-07-30 15:00:00+00:00,64649.0,64798.4,64571.4,64692.3,416.5641
2026-07-30 15:15:00+00:00,64692.3,64861.2,64653.9,64654.7,352.5847
2026-07-30 15:30:00+00:00,64654.7,64749.5,64600.5,64730.8,246.6289
2026-07-30 15:45:00+00:00,64730.8,64769.8,64660.1,64694.3,194.1162
2026-07-30 16:00:00+00:00,64694.3,64932.8,64694.2,64899.5,278.88
2026-07-30 16:15:00+00:00,64899.5,64919.5,64809.5,64851.9,231.6636
2026-07-30 16:30:00+00:00,64851.9,64869.9,64732.5,64741.1,179.6168
2026-07-30 16:45:00+00:00,64741.1,64817.9,64741.0,64785.2,92.9312
2026-07-30 17:00:00+00:00,64785.2,64840.0,64738.1,64770.6,140.2099
2026-07-30 17:15:00+00:00,64770.6,64931.8,64758.0,64911.6,197.8609
2026-07-30 17:30:00+00:00,64911.6,64957.2,64790.2,64919.6,303.7775
2026-07-30 17:45:00+00:00,64919.6,64920.0,64822.1,64842.3,102.1754
2026-07-30 18:00:00+00:00,64842.3,64870.9,64788.2,64790.8,90.5736
2026-07-30 18:15:00+00:00,64790.8,64790.8,64718.3,64765.8,152.8976
2026-07-30 18:30:00+00:00,64765.8,64790.9,64679.9,64704.7,136.7292
2026-07-30 18:45:00+00:00,64704.7,64704.7,64657.3,64668.8,63.2002
2026-07-30 19:00:00+00:00,64668.8,64835.4,64668.7,64803.5,146.2776
2026-07-30 19:15:00+00:00,64803.5,64874.8,64775.0,64856.3,137.3746
2026-07-30 19:30:00+00:00,64856.3,64856.3,64797.8,64809.4,106.1786
2026-07-30 19:45:00+00:00,64809.4,64834.9,64749.9,64776.6,151.0487
2026-07-30 20:00:00+00:00,64776.6,64908.9,64755.4,64766.4,562.685
2026-07-30 20:15:00+00:00,64766.4,64849.9,64737.6,64764.3,106.9597
2026-07-30 20:30:00+00:00,64764.3,64857.7,64723.4,64847.3,207.2631
2026-07-30 20:45:00+00:00,64847.3,64865.4,64749.8,64749.9,91.6919
2026-07-30 21:00:00+00:00,64749.9,64780.7,64709.1,64730.5,78.6398
2026-07-30 21:15:00+00:00,64730.5,64739.3,64721.0,64725.1,56.9891
2026-07-30 21:30:00+00:00,64725.1,64774.8,64719.8,64740.2,79.3765
2026-07-30 21:45:00+00:00,64740.2,64749.9,64678.1,64706.5,267.8781
2026-07-30 22:00:00+00:00,64706.5,64958.0,64636.3,64907.9,472.7615
2026-07-30 22:15:00+00:00,64907.9,64978.4,64875.9,64975.5,157.0334
2026-07-30 22:30:00+00:00,64975.5,64994.9,64844.7,64887.2,152.4116
2026-07-30 22:45:00+00:00,64887.2,64900.0,64814.7,64827.3,104.0791
2026-07-30 23:00:00+00:00,64827.3,64920.0,64805.8,64917.9,120.3206
2026-07-30 23:15:00+00:00,64917.9,64922.8,64869.9,64906.0,110.6216
2026-07-30 23:30:00+00:00,64906.0,65062.8,64749.8,64788.7,710.5749
2026-07-30 23:45:00+00:00,64788.7,64866.5,64707.2,64750.0,605.4072
2026-07-31 00:00:00+00:00,64750.0,64877.8,64734.4,64793.2,276.0241
2026-07-31 00:15:00+00:00,64793.2,64799.7,64699.9,64744.5,150.4797
2026-07-31 00:30:00+00:00,64744.5,64794.9,64709.2,64771.7,191.5338
2026-07-31 00:45:00+00:00,64771.7,64782.2,64663.6,64698.4,154.4594
2026-07-31 01:00:00+00:00,64698.4,65388.0,64698.4,65162.7,1827.1565
2026-07-31 01:15:00+00:00,65162.7,65208.6,65001.6,65160.1,575.4476
2026-07-31 01:30:00+00:00,65160.1,65160.1,64799.9,64803.3,440.6389
2026-07-31 01:45:00+00:00,64803.3,64876.9,64450.9,64535.1,1128.8279
2026-07-31 02:00:00+00:00,64535.1,64592.9,64435.0,64461.8,547.5359
2026-07-31 02:15:00+00:00,64461.8,64461.8,64311.9,64331.6,498.2186
2026-07-31 02:30:00+00:00,64331.6,64397.0,64177.7,64200.8,414.0548
2026-07-31 02:45:00+00:00,64200.8,64336.8,64189.0,64271.9,440.4159
2026-07-31 03:00:00+00:00,64271.9,64272.0,64143.7,64233.4,271.7965
2026-07-31 03:15:00+00:00,64233.4,64399.9,64188.9,64355.0,391.0658
2026-07-31 03:30:00+00:00,64355.0,64396.3,64264.5,64360.1,255.1622
2026-07-31 03:45:00+00:00,64360.1,64412.2,64313.9,64343.9,242.1267
2026-07-31 04:00:00+00:00,64343.9,64418.9,64317.4,64341.2,333.8217
2026-07-31 04:15:00+00:00,64341.2,64349.9,64209.8,64313.2,131.5367
2026-07-31 04:30:00+00:00,64313.2,64344.8,64261.1,64282.7,94.2708
2026-07-31 04:45:00+00:00,64282.7,64308.3,64267.9,64281.4,71.1489
2026-07-31 05:00:00+00:00,64281.4,64394.9,64281.4,64392.7,142.0547
2026-07-31 05:15:00+00:00,64392.7,64396.6,64300.6,64300.7,80.0443
2026-07-31 05:30:00+00:00,64300.7,64339.1,64260.4,64260.4,102.0402
2026-07-31 05:45:00+00:00,64260.4,64348.3,64242.4,64334.1,94.8886
2026-07-31 06:00:00+00:00,64334.1,64365.6,64291.8,64352.8,64.613
2026-07-31 06:15:00+00:00,64352.8,64432.3,64331.2,64432.2,107.5898
2026-07-31 06:30:00+00:00,64432.2,64473.7,64242.8,64249.7,206.3086
2026-07-31 06:45:00+00:00,64249.7,64253.9,64179.7,64208.3,194.9244
2026-07-31 07:00:00+00:00,64208.3,64216.9,63979.8,64038.3,641.3182
2026-07-31 07:15:00+00:00,64038.3,64070.3,63959.0,63969.3,196.9426
2026-07-31 07:30:00+00:00,63969.3,64002.5,63841.1,63887.7,381.6283
2026-07-31 07:45:00+00:00,63887.7,63986.1,63884.9,63908.9,155.4907
2026-07-31 08:00:00+00:00,63908.9,63942.6,63825.4,63915.6,319.3519
2026-07-31 08:15:00+00:00,63915.6,63949.9,63831.7,63930.0,183.8454
2026-07-31 08:30:00+00:00,63930.0,63930.0,63778.0,63818.5,274.6743
2026-07-31 08:45:00+00:00,63818.5,63877.4,63780.0,63801.7,126.6809
2026-07-31 09:00:00+00:00,63801.7,63819.9,63721.8,63774.5,195.8588
2026-07-31 09:15:00+00:00,63774.5,63782.3,63657.1,63669.8,305.3951
2026-07-31 09:30:00+00:00,63669.8,63704.1,63601.1,63665.2,260.1883
2026-07-31 09:45:00+00:00,63665.2,63723.0,63653.1,63689.0,113.6606
2026-07-31 10:00:00+00:00,63689.0,63711.0,63577.5,63701.6,270.6934
2026-07-31 10:15:00+00:00,63701.6,63792.5,63667.5,63789.8,181.8852
2026-07-31 10:30:00+00:00,63789.8,63875.5,63789.8,63870.2,225.6099
2026-07-31 10:45:00+00:00,63870.2,63923.4,63838.6,63886.1,148.6761
2026-07-31 11:00:00+00:00,63886.1,63982.2,63871.1,63881.6,209.8574
2026-07-31 11:15:00+00:00,63881.6,63944.3,63829.0,63868.8,187.687
2026-07-31 11:30:00+00:00,63868.8,63875.1,63814.1,63816.0,118.8462
2026-07-31 11:45:00+00:00,63816.0,63831.0,63756.6,63779.2,98.9441
2026-07-31 12:00:00+00:00,63779.2,63804.1,63673.9,63695.0,161.2275
2026-07-31 12:15:00+00:00,63695.0,63752.1,63671.5,63722.6,117.9124
2026-07-31 12:30:00+00:00,63722.6,63722.6,63595.2,63635.3,275.8689
2026-07-31 12:45:00+00:00,63635.3,63738.6,63628.5,63727.3,198.8665
2026-07-31 13:00:00+00:00,63727.3,63758.8,63690.7,63739.6,175.0103
2026-07-31 13:15:00+00:00,63739.6,63807.0,63730.9,63799.0,181.1972
2026-07-31 13:30:00+00:00,63799.0,63799.0,63430.2,63432.4,1485.2027
2026-07-31 13:45:00+00:00,63432.4,63505.5,63216.0,63247.9,1328.3765
2026-07-31 14:00:00+00:00,63247.9,63291.5,62422.4,62669.6,5243.4322
2026-07-31 14:15:00+00:00,62669.6,62732.1,62502.8,62623.8,2256.6445
2026-07-31 14:30:00+00:00,62623.8,62794.8,62576.6,62665.4,1018.212
2026-07-31 14:45:00+00:00,62665.4,62785.0,62568.1,62663.8,651.2742
2026-07-31 15:00:00+00:00,62663.8,62686.2,62525.0,62592.6,587.4313
2026-07-31 15:15:00+00:00,62592.6,62692.8,62458.5,62560.1,521.1326
2026-07-31 15:30:00+00:00,62560.1,62747.4,62535.6,62734.3,526.2943
2026-07-31 15:45:00+00:00,62734.3,62735.6,62608.4,62695.2,345.4447
2026-07-31 16:00:00+00:00,62695.2,62885.4,62683.7,62844.9,371.5513
2026-07-31 16:15:00+00:00,62844.9,62912.9,62768.9,62898.7,266.9494
2026-07-31 16:30:00+00:00,62898.7,62903.1,62785.0,62825.6,236.4296
2026-07-31 16:45:00+00:00,62825.6,62867.2,62789.8,62849.3,183.8024
2026-07-31 17:00:00+00:00,62849.3,62907.2,62780.7,62884.0,210.2759
2026-07-31 17:15:00+00:00,62884.0,62983.4,62850.0,62952.9,295.9173
2026-07-31 17:30:00+00:00,62952.9,63078.8,62932.5,63034.2,280.8185
2026-07-31 17:45:00+00:00,63034.2,63270.0,63034.2,63215.5,332.6233
2026-07-31 18:00:00+00:00,63215.5,63275.6,63106.1,63116.4,288.8871
2026-07-31 18:15:00+00:00,63116.4,63157.1,63019.9,63024.7,189.3583
2026-07-31 18:30:00+00:00,63024.7,63067.8,62934.9,63007.9,235.8204
2026-07-31 18:45:00+00:00,63007.9,63151.6,63005.5,63064.9,185.0503
2026-07-31 19:00:00+00:00,63064.9,63132.9,62999.9,63041.4,210.2897
2026-07-31 19:15:00+00:00,63041.4,63046.9,62990.1,62993.4,97.7181
2026-07-31 19:30:00+00:00,62993.4,63001.8,62906.1,62973.4,183.0861
2026-07-31 19:45:00+00:00,62973.4,63029.7,62926.7,62946.9,150.3059
2026-07-31 20:00:00+00:00,62946.9,62976.3,62912.9,62973.4,121.6756
2026-07-31 20:15:00+00:00,62973.4,63002.9,62949.2,62974.2,64.7577
2026-07-31 20:30:00+00:00,62974.2,62979.5,62921.9,62962.4,106.7162
2026-07-31 20:45:00+00:00,62962.4,62981.4,62901.1,62928.6,141.9093
2026-07-31 21:00:00+00:00,62928.6,62983.6,62814.1,62981.7,166.0794
2026-07-31 21:15:00+00:00,62981.7,63013.0,62968.1,62984.8,92.8964
2026-07-31 21:30:00+00:00,62984.8,63006.8,62963.0,63004.6,188.7207
2026-07-31 21:45:00+00:00,63004.6,63035.8,62895.9,62924.7,255.9445
2026-07-31 22:00:00+00:00,62924.7,62996.6,62834.9,62971.8,196.5359
2026-07-31 22:15:00+00:00,62971.8,62994.4,62959.0,62959.0,74.6954
2026-07-31 22:30:00+00:00,62959.0,62976.0,62887.3,62919.0,58.9287
2026-07-31 22:45:00+00:00,62919.0,62939.8,62886.0,62916.7,48.9985
2026-07-31 23:00:00+00:00,62916.7,62980.5,62916.5,62946.9,41.7582
2026-07-31 23:15:00+00:00,62946.9,62989.9,62941.0,62955.6,40.3586
2026-07-31 23:30:00+00:00,62955.6,62969.2,62919.4,62919.4,46.2334
2026-07-31 23:45:00+00:00,62919.4,62919.4,62825.0,62859.7,110.767
2026-08-01 00:00:00+00:00,62859.7,62945.3,62859.7,62927.2,106.5725
2026-08-01 00:15:00+00:00,62927.2,62974.2,62905.5,62942.0,76.8138
2026-08-01 00:30:00+00:00,62942.0,62972.6,62905.2,62971.3,75.6586
2026-08-01 00:45:00+00:00,62971.3,62994.9,62902.2,62909.4,71.2798
2026-08-01 01:00:00+00:00,62909.4,62943.8,62909.3,62943.8,46.1762
2026-08-01 01:15:00+00:00,62943.8,62964.6,62888.9,62923.9,90.7109
2026-08-01 01:30:00+00:00,62923.9,62953.6,62897.1,62945.0,39.178
2026-08-01 01:45:00+00:00,62945.0,62955.2,62916.7,62946.6,39.9303
2026-08-01 02:00:00+00:00,62946.6,63004.6,62946.6,62992.0,44.926
2026-08-01 02:15:00+00:00,62992.0,63058.0,62992.0,63037.3,95.1741
2026-08-01 02:30:00+00:00,63037.3,63068.7,63037.2,63043.3,37.202
2026-08-01 02:45:00+00:00,63043.3,63084.5,63023.3,63040.7,64.3049
2026-08-01 03:00:00+00:00,63040.7,63045.7,62958.2,62958.3,71.4675
2026-08-01 03:15:00+00:00,62958.3,63025.0,62937.5,62984.5,48.9776
2026-08-01 03:30:00+00:00,62984.5,63000.0,62944.6,62970.5,88.771
2026-08-01 03:45:00+00:00,62970.5,62988.1,62949.9,62973.7,45.3436
2026-08-01 04:00:00+00:00,62973.7,62989.0,62964.1,62988.9,36.7498
2026-08-01 04:15:00+00:00,62988.9,63020.5,62988.8,63015.4,26.5802
2026-08-01 04:30:00+00:00,63015.4,63040.0,63013.8,63039.9,24.1346
2026-08-01 04:45:00+00:00,63039.9,63079.1,63035.6,63073.8,37.561
2026-08-01 05:00:00+00:00,63073.8,63118.6,63030.5,63094.0,83.3096
2026-08-01 05:15:00+00:00,63094.0,63094.0,63040.6,63066.4,55.7881
2026-08-01 05:30:00+00:00,63066.4,63073.2,62979.7,62983.2,75.1247
2026-08-01 05:45:00+00:00,62983.2,63011.0,62969.4,62999.6,39.4746
2026-08-01 06:00:00+00:00,62999.6,63014.7,62965.3,63001.8,84.7083
2026-08-01 06:15:00+00:00,63001.8,63052.5,62978.9,63035.3,38.6814
2026-08-01 06:30:00+00:00,63035.3,63045.9,63029.1,63033.8,26.3225
2026-08-01 06:45:00+00:00,63033.8,63050.9,63030.1,63049.8,20.4032
2026-08-01 07:00:00+00:00,63049.8,63086.1,63049.7,63081.6,32.6297
2026-08-01 07:15:00+00:00,63081.6,63081.7,63036.6,63039.8,32.8167
2026-08-01 07:30:00+00:00,63039.8,63039.8,63001.3,63014.3,42.4618
2026-08-01 07:45:00+00:00,63014.3,63025.7,63012.1,63019.5,24.0552
2026-08-01 08:00:00+00:00,63019.5,63072.2,63019.5,63072.1,36.4534
2026-08-01 08:15:00+00:00,63072.1,63073.5,63061.8,63061.9,19.0726
2026-08-01 08:30:00+00:00,63061.9,63080.1,63061.8,63069.9,34.8963
2026-08-01 08:45:00+00:00,63069.9,63126.5,63059.0,63097.2,50.3107
2026-08-01 09:00:00+00:00,63097.2,63111.4,63081.9,63084.5,44.0057
2026-08-01 09:15:00+00:00,63084.5,63098.0,63069.1,63079.2,33.3123
2026-08-01 09:30:00+00:00,63079.2,63092.6,63072.8,63073.4,185.4727
2026-08-01 09:45:00+00:00,63073.4,63073.5,63014.0,63021.3,52.6234
2026-08-01 10:00:00+00:00,63021.3,63084.9,62956.4,62980.7,245.6453
2026-08-01 10:15:00+00:00,62980.7,63038.4,62965.4,63012.9,51.2354
2026-08-01 10:30:00+00:00,63012.9,63047.8,62989.2,63037.8,43.0773
2026-08-01 10:45:00+00:00,63037.8,63040.3,63008.1,63029.1,33.9908
2026-08-01 11:00:00+00:00,63029.1,63032.9,63013.3,63032.8,39.4917
2026-08-01 11:15:00+00:00,63032.8,63053.3,63009.9,63049.6,27.8984
2026-08-01 11:30:00+00:00,63049.6,63063.9,63038.2,63041.5,39.6851
2026-08-01 11:45:00+00:00,63041.5,63049.6,63041.4,63045.0,20.9296
2026-08-01 12:00:00+00:00,63045.0,63094.0,63045.0,63070.7,96.3962
2026-08-01 12:15:00+00:00,63070.7,63080.3,63067.0,63069.3,34.2602
2026-08-01 12:30:00+00:00,63069.3,63077.1,63053.4,63066.3,25.3733
2026-08-01 12:45:00+00:00,63066.3,63079.2,63066.2,63068.7,20.7669
2026-08-01 13:00:00+00:00,63068.7,63075.9,63064.3,63071.7,20.3767
2026-08-01 13:15:00+00:00,63071.7,63071.7,63055.5,63055.6,27.7931
2026-08-01 13:30:00+00:00,63055.6,63069.5,63039.2,63048.2,69.0373
2026-08-01 13:45:00+00:00,63048.2,63048.3,63018.8,63036.5,43.1583
2026-08-01 14:00:00+00:00,63036.5,63097.4,63036.5,63049.9,45.3072
2026-08-01 14:15:00+00:00,63049.9,63096.2,63049.8,63088.4,29.8045
2026-08-01 14:30:00+00:00,63088.4,63093.9,63056.1,63084.8,36.9675
2026-08-01 14:45:00+00:00,63084.8,63097.1,63047.8,63097.0,46.964
2026-08-01 15:00:00+00:00,63097.0,63097.1,63077.5,63077.7,46.7262
2026-08-01 15:15:00+00:00,63077.7,63077.8,63029.4,63032.3,59.6828
2026-08-01 15:30:00+00:00,63032.3,63036.5,63023.4,63024.0,28.5669
2026-08-01 15:45:00+00:00,63024.0,63024.1,62976.3,62976.3,50.421
2026-08-01 16:00:00+00:00,62976.3,62983.0,62900.8,62921.5,114.2519
2026-08-01 16:15:00+00:00,62921.5,62943.9,62903.2,62929.9,58.1433
2026-08-01 16:30:00+00:00,62929.9,63003.9,62918.3,62941.2,63.6555
2026-08-01 16:45:00+00:00,62941.2,62941.2,62838.7,62899.9,120.541
2026-08-01 17:00:00+00:00,62899.9,62968.0,62836.4,62867.6,77.2918
2026-08-01 17:15:00+00:00,62867.6,62867.6,62772.7,62812.9,210.254
2026-08-01 17:30:00+00:00,62812.9,62825.9,62708.6,62789.9,288.7935
2026-08-01 17:45:00+00:00,62789.9,62790.6,62633.1,62684.0,210.1213
2026-08-01 18:00:00+00:00,62684.0,62710.7,62588.8,62683.9,210.0009
2026-08-01 18:15:00+00:00,62683.9,62683.9,62479.2,62544.9,554.4034
2026-08-01 18:30:00+00:00,62544.9,62544.9,62233.8,62345.5,4376.8467
2026-08-01 18:45:00+00:00,62345.5,62557.0,62250.2,62552.4,915.2695
2026-08-01 19:00:00+00:00,62552.4,62596.3,62489.8,62515.1,309.0921
2026-08-01 19:15:00+00:00,62515.1,62588.9,62457.9,62514.7,149.4095
2026-08-01 19:30:00+00:00,62514.7,62558.0,62430.6,62444.1,158.6753
2026-08-01 19:45:00+00:00,62444.1,62517.4,62444.0,62502.0,99.7959
2026-08-01 20:00:00+00:00,62502.0,62544.8,62456.7,62526.5,148.4916
2026-08-01 20:15:00+00:00,62526.5,62619.3,62523.8,62588.7,195.7942
2026-08-01 20:30:00+00:00,62588.7,62597.8,62528.6,62569.2,102.1045
2026-08-01 20:45:00+00:00,62569.2,62642.7,62557.4,62631.7,84.3363
2026-08-01 21:00:00+00:00,62631.7,62776.9,62631.6,62718.0,230.4501
2026-08-01 21:15:00+00:00,62718.0,62766.0,62717.0,62765.9,103.8198
2026-08-01 21:30:00+00:00,62765.9,62843.5,62733.7,62766.0,256.3507
2026-08-01 21:45:00+00:00,62766.0,62802.9,62751.7,62789.3,117.4296
2026-08-01 22:00:00+00:00,62789.3,62844.5,62762.3,62827.4,114.6394
2026-08-01 22:15:00+00:00,62827.4,62840.4,62796.6,62828.5,57.4479
2026-08-01 22:30:00+00:00,62828.5,62830.1,62798.3,62817.7,57.1355
2026-08-01 22:45:00+00:00,62817.7,62827.1,62799.9,62800.0,37.1192
2026-08-01 23:00:00+00:00,62800.0,62829.9,62772.0,62780.7,48.1406
2026-08-01 23:15:00+00:00,62780.7,62780.8,62737.1,62745.2,72.6968
2026-08-01 23:30:00+00:00,62745.2,62813.2,62745.1,62799.1,80.9002
2026-08-01 23:45:00+00:00,62799.1,62813.7,62780.5,62792.1,46.7681
2026-08-02 00:00:00+00:00,62792.1,62948.5,62792.1,62895.9,224.3005
2026-08-02 00:15:00+00:00,62895.9,62911.1,62849.9,62851.7,46.1467
2026-08-02 00:30:00+00:00,62851.7,62887.9,62820.3,62820.6,60.2203
2026-08-02 00:45:00+00:00,62820.6,62837.4,62782.2,62807.4,39.1281
2026-08-02 01:00:00+00:00,62807.4,63000.0,62807.4,62984.2,124.1904
2026-08-02 01:15:00+00:00,62984.2,63065.9,62946.8,62957.8,139.6442
2026-08-02 01:30:00+00:00,62957.8,62998.7,62949.9,62993.2,42.3438
2026-08-02 01:45:00+00:00,62993.2,62993.2,62955.7,62960.7,78.9749
2026-08-02 02:00:00+00:00,62960.7,63526.5,62925.5,63438.3,1615.6461
2026-08-02 02:15:00+00:00,63438.3,63529.9,63372.3,63380.9,687.6206
2026-08-02 02:30:00+00:00,63380.9,63435.0,63302.6,63357.8,371.8708
2026-08-02 02:45:00+00:00,63357.8,63461.8,63315.8,63425.3,205.6234
2026-08-02 03:00:00+00:00,63425.3,63436.4,63349.2,63392.8,210.6999
2026-08-02 03:15:00+00:00,63392.8,63528.4,63351.2,63417.8,229.9573
2026-08-02 03:30:00+00:00,63417.8,63479.9,63417.8,63474.4,55.8734
2026-08-02 03:45:00+00:00,63474.4,63487.0,63398.2,63436.6,68.6264
2026-08-02 04:00:00+00:00,63436.6,63529.8,63436.6,63515.5,91.7374
2026-08-02 04:15:00+00:00,63515.5,63534.3,63488.7,63514.1,67.7471
2026-08-02 04:30:00+00:00,63514.1,63532.9,63499.8,63499.9,51.3204
2026-08-02 04:45:00+00:00,63499.9,63596.0,63499.8,63557.0,436.8168
2026-08-02 05:00:00+00:00,63557.0,63618.0,63436.6,63461.2,185.2995
2026-08-02 05:15:00+00:00,63461.2,63474.1,63432.1,63469.2,62.7013
2026-08-02 05:30:00+00:00,63469.2,63469.4,63391.5,63394.8,179.3686
2026-08-02 05:45:00+00:00,63394.8,63431.0,63394.7,63428.4,27.3192
2026-08-02 06:00:00+00:00,63428.4,63460.8,63415.3,63415.4,51.091
2026-08-02 06:15:00+00:00,63415.4,63471.9,63402.4,63471.8,37.2257
2026-08-02 06:30:00+00:00,63471.8,63478.7,63435.4,63473.0,52.2793
2026-08-02 06:45:00+00:00,63473.0,63473.0,63456.8,63459.9,33.0834
2026-08-02 07:00:00+00:00,63459.9,63467.0,63450.9,63460.1,26.7185
2026-08-02 07:15:00+00:00,63460.1,63468.8,63459.7,63459.8,37.1647
2026-08-02 07:30:00+00:00,63459.8,63514.1,63458.8,63508.6,36.8312
2026-08-02 07:45:00+00:00,63508.6,63508.7,63448.9,63467.9,80.7642
2026-08-02 08:00:00+00:00,63467.9,63507.7,63457.0,63462.4,67.1706
2026-08-02 08:15:00+00:00,63462.4,63462.5,63357.8,63361.1,79.468
2026-08-02 08:30:00+00:00,63361.1,63368.6,63183.6,63202.7,276.0032
2026-08-02 08:45:00+00:00,63202.7,63215.3,63140.8,63171.0,90.0496
2026-08-02 09:00:00+00:00,63171.0,63264.1,63065.0,63241.0,186.044
2026-08-02 09:15:00+00:00,63241.0,63288.2,63206.0,63206.1,85.7684
2026-08-02 09:30:00+00:00,63206.1,63301.6,63205.9,63239.0,204.0019
2026-08-02 09:45:00+00:00,63239.0,63253.7,63229.8,63249.5,38.0287
2026-08-02 10:00:00+00:00,63249.5,63249.5,63176.0,63179.8,71.1074
2026-08-02 10:15:00+00:00,63179.8,63247.0,63095.8,63119.7,173.095
2026-08-02 10:30:00+00:00,63119.7,63191.0,63119.7,63178.4,69.4045
2026-08-02 10:45:00+00:00,63178.4,63185.5,63167.7,63176.4,68.1208
2026-08-02 11:00:00+00:00,63176.4,63176.5,63109.8,63137.5,50.6906
2026-08-02 11:15:00+00:00,63137.5,63185.6,63092.5,63129.6,108.7066
2026-08-02 11:30:00+00:00,63129.6,63159.4,63064.1,63094.3,150.7865
2026-08-02 11:45:00+00:00,63094.3,63146.3,62960.8,63007.0,347.3692
2026-08-02 12:00:00+00:00,63007.0,63157.9,63006.9,63152.5,138.7914
2026-08-02 12:15:00+00:00,63152.5,63214.0,63123.7,63155.4,155.7961
2026-08-02 12:30:00+00:00,63155.4,63189.9,63083.4,63122.9,145.3283
2026-08-02 12:45:00+00:00,63122.9,63134.6,63086.9,63097.1,65.6332
2026-08-02 13:00:00+00:00,63097.1,63119.2,63063.4,63085.9,58.688
2026-08-02 13:15:00+00:00,63085.9,63089.4,63024.7,63055.9,82.3082
2026-08-02 13:30:00+00:00,63055.9,63082.7,62974.3,63070.0,115.0411
2026-08-02 13:45:00+00:00,63070.0,63113.6,63064.6,63094.9,73.2538
2026-08-02 14:00:00+00:00,63094.9,63095.0,63031.6,63064.8,127.1222
2026-08-02 14:15:00+00:00,63064.8,63134.1,63064.8,63104.6,103.8565
2026-08-02 14:30:00+00:00,63104.6,63161.7,63066.9,63129.1,106.4968
2026-08-02 14:45:00+00:00,63129.1,63134.8,63033.9,63042.5,78.1925
2026-08-02 15:00:00+00:00,63042.5,63100.9,63022.8,63096.0,53.0778
2026-08-02 15:15:00+00:00,63096.0,63108.6,63074.9,63099.9,60.0567
2026-08-02 15:30:00+00:00,63099.9,63158.0,63099.8,63119.7,70.7251
2026-08-02 15:45:00+00:00,63119.7,63128.8,63078.2,63081.4,69.1742
2026-08-02 16:00:00+00:00,63081.4,63115.8,63037.8,63080.2,83.4797
2026-08-02 16:15:00+00:00,63080.2,63108.1,63047.0,63086.9,66.1249
2026-08-02 16:30:00+00:00,63086.9,63256.5,63075.7,63198.6,208.162
2026-08-02 16:45:00+00:00,63198.6,63211.5,63158.6,63158.6,78.0104
2026-08-02 17:00:00+00:00,63158.6,63198.8,63129.8,63190.8,98.3937
2026-08-02 17:15:00+00:00,63190.8,63323.6,63166.2,63265.1,153.2182
2026-08-02 17:30:00+00:00,63265.1,63302.1,63265.1,63302.1,96.6026
2026-08-02 17:45:00+00:00,63302.1,63310.0,63279.3,63279.5,39.0887
2026-08-02 18:00:00+00:00,63279.5,63310.0,63268.4,63292.4,151.3476
2026-08-02 18:15:00+00:00,63292.4,63304.9,63266.2,63268.8,37.6129
2026-08-02 18:30:00+00:00,63268.8,63590.2,63268.7,63479.5,692.5844
2026-08-02 18:45:00+00:00,63479.5,63491.5,63350.4,63364.0,133.7136
2026-08-02 19:00:00+00:00,63364.0,63373.0,63322.6,63336.0,83.9517
2026-08-02 19:15:00+00:00,63336.0,63352.8,63305.9,63305.9,58.4412
2026-08-02 19:30:00+00:00,63305.9,63380.9,63305.9,63380.4,59.9882
2026-08-02 19:45:00+00:00,63380.4,63459.7,63380.4,63432.8,108.5937
2026-08-02 20:00:00+00:00,63432.8,63449.2,63391.3,63441.1,94.9426
2026-08-02 20:15:00+00:00,63441.1,63477.8,63382.7,63388.9,169.0719
2026-08-02 20:30:00+00:00,63388.9,63437.3,63388.9,63413.5,38.4309
2026-08-02 20:45:00+00:00,63413.5,63483.2,63393.8,63477.0,90.886
2026-08-02 21:00:00+00:00,63477.0,63554.1,63459.8,63504.2,107.8432
2026-08-02 21:15:00+00:00,63504.2,63534.0,63487.7,63522.5,44.098
2026-08-02 21:30:00+00:00,63522.5,63766.1,63485.0,63675.4,444.6905
2026-08-02 21:45:00+00:00,63675.4,63774.6,63532.2,63559.7,727.1388
2026-08-02 22:00:00+00:00,63559.7,63778.8,63559.7,63674.9,464.9576
2026-08-02 22:15:00+00:00,63674.9,63769.4,63553.8,63571.0,325.2658
2026-08-02 22:30:00+00:00,63571.0,63580.5,63344.7,63491.6,390.5288
2026-08-02 22:45:00+00:00,63491.6,63546.9,63394.7,63397.9,132.2674
2026-08-02 23:00:00+00:00,63397.9,63431.5,63306.8,63338.9,154.537
2026-08-02 23:15:00+00:00,63338.9,63529.2,63314.1,63514.7,261.8045
2026-08-02 23:30:00+00:00,63514.7,63577.0,63462.9,63502.4,206.2384
2026-08-02 23:45:00+00:00,63502.4,63549.9,63456.0,63549.8,150.5328
2026-08-03 00:00:00+00:00,63549.8,63575.6,63362.5,63401.8,274.1329
2026-08-03 00:15:00+00:00,63401.8,63423.9,63225.8,63239.2,247.9664
2026-08-03 00:30:00+00:00,63239.2,63399.9,63173.3,63308.6,341.4053
2026-08-03 00:45:00+00:00,63308.6,63332.9,63245.0,63298.8,138.7978
2026-08-03 01:00:00+00:00,63298.8,63332.7,63154.8,63199.9,229.0741
2026-08-03 01:15:00+00:00,63199.9,63240.6,63087.8,63152.7,296.9728
2026-08-03 01:30:00+00:00,63152.7,63228.0,63136.8,63199.8,182.5282
2026-08-03 01:45:00+00:00,63199.8,63210.2,63138.0,63185.9,126.5091
2026-08-03 02:00:00+00:00,63185.9,63209.2,63116.5,63179.8,144.2093
2026-08-03 02:15:00+00:00,63179.8,63263.7,63068.0,63102.0,342.3788
2026-08-03 02:30:00+00:00,63102.0,63198.9,63083.9,63156.8,154.7353
2026-08-03 02:45:00+00:00,63156.8,63175.4,63094.8,63118.1,82.1982
2026-08-03 03:00:00+00:00,63118.1,63152.5,63073.6,63089.9,129.1146
2026-08-03 03:15:00+00:00,63089.9,63120.7,63044.8,63058.1,127.5414
2026-08-03 03:30:00+00:00,63058.1,63069.3,63015.5,63042.2,93.344
2026-08-03 03:45:00+00:00,63042.2,63042.3,62749.2,62839.7,490.455
2026-08-03 04:00:00+00:00,62839.7,62916.5,62786.1,62844.8,264.2446
2026-08-03 04:15:00+00:00,62844.8,62954.2,62844.8,62946.9,110.5737
2026-08-03 04:30:00+00:00,62946.9,62976.6,62931.9,62954.8,93.724
2026-08-03 04:45:00+00:00,62954.8,62954.8,62747.5,62765.1,174.0952
2026-08-03 05:00:00+00:00,62765.1,62845.6,62718.1,62823.6,208.7121
2026-08-03 05:15:00+00:00,62823.6,62847.9,62766.2,62790.2,189.5288
2026-08-03 05:30:00+00:00,62790.2,62825.0,62742.7,62778.9,98.5426
2026-08-03 05:45:00+00:00,62778.9,62839.9,62774.8,62799.9,101.4232
2026-08-03 06:00:00+00:00,62799.9,62850.1,62792.4,62815.5,156.062
2026-08-03 06:15:00+00:00,62815.5,62824.5,62725.2,62764.9,126.8787
2026-08-03 06:30:00+00:00,62764.9,62814.3,62605.3,62605.4,329.908
2026-08-03 06:45:00+00:00,62605.4,62659.2,62578.5,62594.8,247.0573
2026-08-03 07:00:00+00:00,62594.8,62648.5,62561.7,62575.1,336.4873
2026-08-03 07:15:00+00:00,62575.1,62643.8,62519.9,62613.8,227.2798
2026-08-03 07:30:00+00:00,62613.8,62671.6,62566.1,62610.4,124.0865
2026-08-03 07:45:00+00:00,62610.4,62645.0,62541.2,62591.0,122.0684
2026-08-03 08:00:00+00:00,62591.0,62623.9,62489.0,62543.7,181.1918
2026-08-03 08:15:00+00:00,62543.7,62543.9,62292.8,62306.9,531.8549
2026-08-03 08:30:00+00:00,62306.9,62416.7,62268.1,62410.5,352.3812
2026-08-03 08:45:00+00:00,62410.5,62517.2,62403.9,62512.2,238.5822
2026-08-03 09:00:00+00:00,62512.2,62560.3,62487.8,62542.6,148.2922
2026-08-03 09:15:00+00:00,62542.6,62642.9,62542.5,62619.8,238.4463
2026-08-03 09:30:00+00:00,62619.8,62683.5,62596.4,62662.0,140.0796
2026-08-03 09:45:00+00:00,62662.0,62844.3,62661.9,62805.8,268.7211
2026-08-03 10:00:00+00:00,62805.8,62838.4,62736.8,62761.0,166.1373
2026-08-03 10:15:00+00:00,62761.0,62808.1,62702.2,62714.1,156.0361
2026-08-03 10:30:00+00:00,62714.1,62714.1,62637.6,62679.9,140.0443
2026-08-03 10:45:00+00:00,62679.9,62754.8,62587.8,62708.8,164.3495
2026-08-03 11:00:00+00:00,62708.8,62715.2,62555.3,62616.8,195.6497
2026-08-03 11:15:00+00:00,62616.8,62744.7,62606.5,62672.1,163.8917
2026-08-03 11:30:00+00:00,62672.1,62746.4,62636.8,62667.9,91.0861
2026-08-03 11:45:00+00:00,62667.9,62677.1,62506.8,62534.0,358.0233
2026-08-03 12:00:00+00:00,62534.0,62583.7,62401.8,62524.9,391.1411
2026-08-03 12:15:00+00:00,62524.9,62661.7,62514.0,62599.2,332.8556
2026-08-03 12:30:00+00:00,62599.2,62732.8,62582.0,62732.8,215.2352
2026-08-03 12:45:00+00:00,62732.8,62769.1,62657.0,62669.9,176.096
2026-08-03 13:00:00+00:00,62669.9,62758.1,62666.6,62746.6,348.0174
2026-08-03 13:15:00+00:00,62746.6,62978.1,62690.2,62737.3,569.3939
2026-08-03 13:30:00+00:00,62737.3,62915.9,62533.2,62901.5,1356.6501
2026-08-03 13:45:00+00:00,62901.5,63368.0,62777.1,63317.6,2067.2807
2026-08-03 14:00:00+00:00,63317.6,63422.4,63109.8,63298.9,1703.0654
2026-08-03 14:15:00+00:00,63298.9,63769.9,63137.6,63737.3,2304.8239
2026-08-03 14:30:00+00:00,63737.3,63883.9,63605.7,63756.3,2256.6473
2026-08-03 14:45:00+00:00,63756.3,63959.6,63626.7,63928.0,1097.851
2026-08-03 15:00:00+00:00,63928.0,63959.9,63725.1,63789.4,750.4143
2026-08-03 15:15:00+00:00,63789.4,63828.0,63642.5,63678.5,652.2895
2026-08-03 15:30:00+00:00,63678.5,63876.4,63672.0,63750.2,777.551
2026-08-03 15:45:00+00:00,63750.2,63814.0,63610.1,63659.4,408.8082
2026-08-03 16:00:00+00:00,63659.4,63862.7,63626.3,63770.5,698.9506
2026-08-03 16:15:00+00:00,63770.5,63907.3,63762.5,63868.4,361.2496
2026-08-03 16:30:00+00:00,63868.4,63868.4,63677.0,63736.6,201.2996
2026-08-03 16:45:00+00:00,63736.6,63849.9,63707.9,63737.9,162.4289
2026-08-03 17:00:00+00:00,63737.9,63829.8,63679.9,63820.6,210.8647
2026-08-03 17:15:00+00:00,63820.6,64044.1,63780.4,63792.0,739.1559
2026-08-03 17:30:00+00:00,63792.0,63906.0,63757.4,63862.3,260.2305
2026-08-03 17:45:00+00:00,63862.3,63927.4,63835.0,63874.1,286.7914
2026-08-03 18:00:00+00:00,63874.1,63970.6,63835.1,63935.0,277.9714
2026-08-03 18:15:00+00:00,63935.0,63954.9,63777.2,63817.8,185.8545
2026-08-03 18:30:00+00:00,63817.8,63896.5,63774.0,63821.3,140.5002
2026-08-03 18:45:00+00:00,63821.3,63887.6,63734.7,63835.4,184.4414
2026-08-03 19:00:00+00:00,63835.4,63899.9,63807.3,63892.0,163.758
2026-08-03 19:15:00+00:00,63892.0,63979.4,63888.7,63932.5,180.327
2026-08-03 19:30:00+00:00,63932.5,64055.2,63831.6,63919.3,321.5523
2026-08-03 19:45:00+00:00,63919.3,63940.7,63828.9,63836.7,132.0398
2026-08-03 20:00:00+00:00,63836.7,63922.6,63781.1,63864.0,156.6591
2026-08-03 20:15:00+00:00,63864.0,63992.9,63859.8,63917.3,167.0986
2026-08-03 20:30:00+00:00,63917.3,63917.4,63875.1,63886.8,36.4964
2026-08-03 20:45:00+00:00,63886.8,63887.9,63737.1,63755.9,264.06
2026-08-03 21:00:00+00:00,63755.9,63759.4,63687.9,63693.1,149.6552
2026-08-03 21:15:00+00:00,63693.1,63763.3,63655.1,63697.7,190.7434
2026-08-03 21:30:00+00:00,63697.7,63706.3,63638.0,63659.7,176.2154
2026-08-03 21:45:00+00:00,63659.7,63659.7,63519.9,63560.9,233.1634
2026-08-03 22:00:00+00:00,63560.9,63588.4,63352.3,63471.0,648.1864
2026-08-03 22:15:00+00:00,63471.0,63649.9,63471.0,63501.7,689.7563
2026-08-03 22:30:00+00:00,63501.7,63536.2,63463.4,63479.2,201.22
2026-08-03 22:45:00+00:00,63479.2,63612.8,63479.2,63587.5,83.4875
2026-08-03 23:00:00+00:00,63587.5,63587.5,63503.0,63513.5,111.2793
2026-08-03 23:15:00+00:00,63513.5,63596.4,63508.0,63548.9,122.7822
2026-08-03 23:30:00+00:00,63548.9,63548.9,63435.3,63477.9,110.5779
2026-08-03 23:45:00+00:00,63477.9,63497.3,63454.5,63497.1,67.9261
2026-08-04 00:00:00+00:00,63497.1,63558.8,63440.3,63440.3,192.7138
2026-08-04 00:15:00+00:00,63440.3,63474.4,63356.4,63422.9,210.579
2026-08-04 00:30:00+00:00,63422.9,63422.9,63309.9,63371.0,270.0929
2026-08-04 00:45:00+00:00,63371.0,63453.4,63294.2,63337.3,262.7629
2026-08-04 01:00:00+00:00,63337.3,63467.2,63337.3,63447.1,254.9426
2026-08-04 01:15:00+00:00,63447.1,63554.6,63393.6,63499.7,304.4392
2026-08-04 01:30:00+00:00,63499.7,63910.7,63499.7,63788.1,1286.7946
2026-08-04 01:45:00+00:00,63788.1,63855.0,63710.0,63815.9,358.6748
2026-08-04 02:00:00+00:00,63815.9,63842.4,63724.7,63736.0,239.6764
2026-08-04 02:15:00+00:00,63736.0,63778.9,63656.6,63665.0,160.0361
2026-08-04 02:30:00+00:00,63665.0,63958.0,63651.9,63870.7,520.11
2026-08-04 02:45:00+00:00,63870.7,63902.9,63780.8,63802.1,104.8097
2026-08-04 03:00:00+00:00,63802.1,63815.1,63656.9,63656.9,106.0651
2026-08-04 03:15:00+00:00,63656.9,63770.5,63624.0,63751.4,174.7511
2026-08-04 03:30:00+00:00,63751.4,63842.7,63751.4,63804.7,93.7856
2026-08-04 03:45:00+00:00,63804.7,63809.7,63770.9,63770.9,56.5727
2026-08-04 04:00:00+00:00,63770.9,63802.8,63731.9,63777.8,75.7437
2026-08-04 04:15:00+00:00,63777.8,63850.6,63770.7,63806.0,96.4887
2026-08-04 04:30:00+00:00,63806.0,64035.7,63806.0,64035.6,620.8619
2026-08-04 04:45:00+00:00,64035.6,64220.6,64004.3,64004.4,898.6511
2026-08-04 05:00:00+00:00,64004.4,64032.6,63811.9,63812.0,171.1529
2026-08-04 05:15:00+00:00,63812.0,63866.6,63777.8,63790.5,158.3883
2026-08-04 05:30:00+00:00,63790.5,63836.0,63777.1,63830.7,203.32
2026-08-04 05:45:00+00:00,63830.7,63830.8,63761.9,63783.6,90.7996
2026-08-04 06:00:00+00:00,63783.6,63820.6,63744.1,63771.9,109.6389
2026-08-04 06:15:00+00:00,63771.9,63830.0,63729.9,63734.8,100.9863
2026-08-04 06:30:00+00:00,63734.8,63749.2,63659.6,63675.0,161.0237
2026-08-04 06:45:00+00:00,63675.0,63680.0,63630.0,63653.3,85.5535
2026-08-04 07:00:00+00:00,63653.3,63653.4,63560.9,63569.7,95.1139
2026-08-04 07:15:00+00:00,63569.7,63620.0,63479.9,63617.8,229.8442
2026-08-04 07:30:00+00:00,63617.8,63736.6,63610.0,63641.7,228.7974
2026-08-04 07:45:00+00:00,63641.7,63733.4,63641.7,63666.3,135.3983
2026-08-04 08:00:00+00:00,63666.3,63730.0,63603.4,63626.8,87.7535
2026-08-04 08:15:00+00:00,63626.8,63645.5,63567.6,63602.8,77.8588
2026-08-04 08:30:00+00:00,63602.8,63602.8,63539.4,63599.9,93.9936
2026-08-04 08:45:00+00:00,63599.9,63602.5,63551.6,63559.6,69.7367
2026-08-04 09:00:00+00:00,63559.6,63567.9,63513.6,63535.8,89.6791
2026-08-04 09:15:00+00:00,63535.8,63576.9,63495.2,63552.9,77.7415
2026-08-04 09:30:00+00:00,63552.9,63572.9,63504.0,63545.1,81.4733
2026-08-04 09:45:00+00:00,63545.1,63588.1,63518.7,63576.3,69.7253
2026-08-04 10:00:00+00:00,63576.3,63589.9,63480.3,63486.7,99.5432
2026-08-04 10:15:00+00:00,63486.7,63551.2,63428.7,63445.1,146.3393
2026-08-04 10:30:00+00:00,63445.1,63650.5,63436.0,63644.9,176.5309
2026-08-04 10:45:00+00:00,63644.9,63818.6,63628.9,63743.2,597.1252
2026-08-04 11:00:00+00:00,63743.2,63785.3,63690.6,63714.8,414.5968
2026-08-04 11:15:00+00:00,63714.8,63843.0,63685.3,63756.1,149.6684
2026-08-04 11:30:00+00:00,63756.1,63865.5,63691.9,63850.4,201.8141
2026-08-04 11:45:00+00:00,63850.4,63925.8,63811.9,63900.0,407.3784
2026-08-04 12:00:00+00:00,63900.0,63900.0,63783.9,63784.0,144.4676
2026-08-04 12:15:00+00:00,63784.0,63816.3,63763.0,63813.1,125.1297
2026-08-04 12:30:00+00:00,63813.1,64032.8,63789.6,63932.8,463.3583
2026-08-04 12:45:00+00:00,63932.8,63978.2,63875.0,63875.1,155.1724
2026-08-04 13:00:00+00:00,63875.1,63988.9,63819.3,63915.9,253.8793
2026-08-04 13:15:00+00:00,63915.9,63990.9,63832.8,63860.5,388.9928
2026-08-04 13:30:00+00:00,63860.5,64078.7,63793.1,63999.9,1567.5836
2026-08-04 13:45:00+00:00,63999.9,63999.9,63625.5,63663.6,983.8487
2026-08-04 14:00:00+00:00,63663.6,63898.4,63582.8,63779.6,789.4673
2026-08-04 14:15:00+00:00,63779.6,63881.0,63590.4,63864.8,689.5556
2026-08-04 14:30:00+00:00,63864.8,64162.7,63829.1,64097.1,1373.5902
2026-08-04 14:45:00+00:00,64097.1,64177.0,64028.1,64099.8,497.694
2026-08-04 15:00:00+00:00,64099.8,64197.8,63967.0,64039.4,670.5891
2026-08-04 15:15:00+00:00,64039.4,64039.4,63900.2,63923.4,220.9122
2026-08-04 15:30:00+00:00,63923.4,64102.8,63782.6,64099.7,608.092
2026-08-04 15:45:00+00:00,64099.7,64200.0,64053.2,64088.3,670.3609
2026-08-04 16:00:00+00:00,64088.3,64104.0,63943.1,64006.5,325.7583
2026-08-04 16:15:00+00:00,64006.5,64087.6,63976.6,63997.1,262.5347
2026-08-04 16:30:00+00:00,63997.1,64031.9,63866.4,63913.9,221.1843
2026-08-04 16:45:00+00:00,63913.9,63987.4,63879.9,63928.8,196.6041
2026-08-04 17:00:00+00:00,63928.8,64159.4,63928.8,64042.9,323.0583
2026-08-04 17:15:00+00:00,64042.9,64146.2,63999.9,64130.8,212.1537
2026-08-04 17:30:00+00:00,64130.8,64146.8,64060.5,64060.5,214.9104
2026-08-04 17:45:00+00:00,64060.5,64073.0,63856.3,63936.1,330.7938
2026-08-04 18:00:00+00:00,63936.1,64194.9,63932.0,64191.0,234.3158
2026-08-04 18:15:00+00:00,64191.0,64369.9,64167.1,64331.7,763.9165
2026-08-04 18:30:00+00:00,64331.7,64370.1,64177.6,64265.0,357.6775
2026-08-04 18:45:00+00:00,64265.0,64299.3,64240.3,64270.7,281.0249
2026-08-04 19:00:00+00:00,64270.7,64340.5,64251.4,64316.3,275.506
2026-08-04 19:15:00+00:00,64316.3,64338.5,64229.0,64249.8,108.7515
2026-08-04 19:30:00+00:00,64249.8,64387.9,64217.0,64351.0,1204.5785
2026-08-04 19:45:00+00:00,64351.0,64359.9,64147.3,64197.1,494.6787
2026-08-04 20:00:00+00:00,64197.1,64211.4,64079.2,64144.0,552.83
2026-08-04 20:15:00+00:00,64144.0,64144.0,63956.0,64088.9,403.8781
2026-08-04 20:30:00+00:00,64088.9,64394.3,64088.9,64358.6,742.486
2026-08-04 20:45:00+00:00,64358.6,64358.6,64272.5,64316.2,122.8501
2026-08-04 21:00:00+00:00,64316.2,64316.2,64168.0,64196.9,142.1319
2026-08-04 21:15:00+00:00,64196.9,64258.8,64155.8,64227.6,88.4805
2026-08-04 21:30:00+00:00,64227.6,64248.8,64162.8,64220.2,98.0765
2026-08-04 21:45:00+00:00,64220.2,64230.2,64145.8,64166.6,109.1369
2026-08-04 22:00:00+00:00,64166.6,64202.0,64107.4,64201.9,137.976
2026-08-04 22:15:00+00:00,64201.9,64235.9,64143.2,64229.9,119.163
2026-08-04 22:30:00+00:00,64229.9,64267.0,64182.5,64185.5,55.0847
2026-08-04 22:45:00+00:00,64185.5,64238.0,64143.8,64237.9,68.5105
2026-08-04 23:00:00+00:00,64237.9,64454.5,64181.6,64396.0,333.4595
2026-08-04 23:15:00+00:00,64396.0,64512.6,64146.0,64146.1,855.2848
2026-08-04 23:30:00+00:00,64146.1,64233.0,64110.6,64181.7,230.1756
2026-08-04 23:45:00+00:00,64181.7,64195.6,64047.7,64075.5,142.5484
2026-08-05 00:00:00+00:00,64075.5,64075.6,63982.1,64000.1,296.888
2026-08-05 00:15:00+00:00,64000.1,64040.3,63975.1,64040.3,151.3622
2026-08-05 00:30:00+00:00,64040.3,64163.7,63990.4,64040.3,215.735
2026-08-05 00:45:00+00:00,64040.3,64040.3,63951.1,63970.7,175.4504
2026-08-05 01:00:00+00:00,63970.7,64006.3,63921.9,63984.4,210.5105
2026-08-05 01:15:00+00:00,63984.4,64094.9,63928.2,64087.2,233.3786
2026-08-05 01:30:00+00:00,64087.2,64273.7,64087.2,64152.1,237.341
2026-08-05 01:45:00+00:00,64152.1,64321.0,64151.0,64306.2,200.3443
2026-08-05 02:00:00+00:00,64306.2,64480.1,64301.2,64437.4,389.1821
2026-08-05 02:15:00+00:00,64437.4,64461.0,64295.1,64384.3,767.9251
2026-08-05 02:30:00+00:00,64384.3,64459.0,64383.0,64409.4,172.2541
2026-08-05 02:45:00+00:00,64409.4,64425.2,64332.5,64340.2,213.9055
2026-08-05 03:00:00+00:00,64340.2,64416.8,64317.2,64325.2,165.884
2026-08-05 03:15:00+00:00,64325.2,64329.4,64029.3,64029.3,1340.2779
2026-08-05 03:30:00+00:00,64029.3,64138.8,64011.3,64105.0,173.2123
2026-08-05 03:45:00+00:00,64105.0,64155.1,64104.9,64145.6,89.1459
2026-08-05 04:00:00+00:00,64145.6,64164.6,64090.3,64090.3,108.7302
2026-08-05 04:15:00+00:00,64090.3,64172.4,64052.3,64130.3,81.5377
2026-08-05 04:30:00+00:00,64130.3,64193.0,64126.0,64147.7,65.5684
2026-08-05 04:45:00+00:00,64147.7,64161.0,64080.3,64141.5,62.0114
2026-08-05 05:00:00+00:00,64141.5,64298.1,64131.4,64285.9,126.4395
2026-08-05 05:15:00+00:00,64285.9,64499.8,64266.5,64408.1,279.1353
2026-08-05 05:30:00+00:00,64408.1,64412.1,64309.6,64332.7,121.8859
2026-08-05 05:45:00+00:00,64332.7,64344.9,64281.4,64307.6,111.3467
2026-08-05 06:00:00+00:00,64307.6,64336.7,64276.3,64292.5,101.2703
2026-08-05 06:15:00+00:00,64292.5,64316.5,64251.9,64279.7,96.6314
2026-08-05 06:30:00+00:00,64279.7,64345.7,64263.6,64263.7,80.7428
2026-08-05 06:45:00+00:00,64263.7,64263.7,64204.7,64226.0,66.9823
2026-08-05 07:00:00+00:00,64226.0,64247.8,64131.3,64154.2,238.5363
2026-08-05 07:15:00+00:00,64154.2,64154.2,64019.9,64050.0,329.3146
2026-08-05 07:30:00+00:00,64050.0,64062.9,63963.4,63976.6,195.0494
2026-08-05 07:45:00+00:00,63976.6,64145.7,63976.6,64140.9,268.025
2026-08-05 08:00:00+00:00,64140.9,64230.4,64107.8,64172.8,220.4132
2026-08-05 08:15:00+00:00,64172.8,64250.3,64127.6,64248.1,127.457
2026-08-05 08:30:00+00:00,64248.1,64256.9,64099.9,64105.6,166.8148
2026-08-05 08:45:00+00:00,64105.6,64140.0,64066.0,64096.3,94.3782
2026-08-05 09:00:00+00:00,64096.3,64136.6,64068.4,64096.0,82.5724
2026-08-05 09:15:00+00:00,64096.0,64162.2,64086.9,64130.4,87.9056
2026-08-05 09:30:00+00:00,64130.4,64181.6,64130.4,64140.9,53.6431
2026-08-05 09:45:00+00:00,64140.9,64156.0,64119.9,64127.4,39.8293
2026-08-05 10:00:00+00:00,64127.4,64162.7,64083.7,64120.0,98.3197
2026-08-05 10:15:00+00:00,64120.0,64216.8,64038.1,64184.7,125.4021
2026-08-05 10:30:00+00:00,64184.7,64209.2,64149.9,64159.9,79.9247
2026-08-05 10:45:00+00:00,64159.9,64179.0,63982.1,64032.9,338.1007
2026-08-05 11:00:00+00:00,64032.9,64085.8,64027.8,64058.6,133.2807
2026-08-05 11:15:00+00:00,64058.6,64062.0,64013.0,64044.0,83.0556
2026-08-05 11:30:00+00:00,64044.0,64122.2,64025.0,64070.9,189.809
2026-08-05 11:45:00+00:00,64070.9,64076.2,64022.4,64044.6,97.0792
2026-08-05 12:00:00+00:00,64044.6,64200.0,64018.1,64172.2,271.9261
2026-08-05 12:15:00+00:00,64172.2,64573.4,64153.9,64496.0,1629.1128
2026-08-05 12:30:00+00:00,64496.0,64524.7,64385.3,64441.8,287.6593
2026-08-05 12:45:00+00:00,64441.8,64441.8,64295.3,64295.3,139.742
2026-08-05 13:00:00+00:00,64295.3,64315.5,64070.0,64112.3,354.6416
2026-08-05 13:15:00+00:00,64112.3,64183.0,64085.6,64116.7,359.9709
2026-08-05 13:30:00+00:00,64116.7,64265.6,63846.8,64151.0,2036.741
2026-08-05 13:45:00+00:00,64151.0,64386.9,64006.8,64386.8,1065.7733
2026-08-05 14:00:00+00:00,64386.8,64505.5,64277.7,64443.1,935.8141
2026-08-05 14:15:00+00:00,64443.1,64548.5,64289.8,64325.4,842.6554
2026-08-05 14:30:00+00:00,64325.4,64437.0,64265.2,64390.4,719.5542
2026-08-05 14:45:00+00:00,64390.4,64509.9,64289.9,64443.2,644.413
2026-08-05 15:00:00+00:00,64443.2,64719.3,64418.4,64593.4,1112.4246
2026-08-05 15:15:00+00:00,64593.4,64606.6,64422.0,64469.1,1202.428
2026-08-05 15:30:00+00:00,64469.1,64700.1,64469.0,64521.4,557.851
2026-08-05 15:45:00+00:00,64521.4,64527.5,64347.0,64353.4,361.4569
2026-08-05 16:00:00+00:00,64353.4,64586.8,64352.5,64586.8,408.4329
2026-08-05 16:15:00+00:00,64586.8,64739.6,64538.5,64719.8,583.8649
2026-08-05 16:30:00+00:00,64719.8,64731.7,64620.9,64653.9,384.6707
2026-08-05 16:45:00+00:00,64653.9,64655.5,64587.1,64631.7,216.0024
2026-08-05 17:00:00+00:00,64631.7,64667.2,64553.8,64553.8,207.6263
2026-08-05 17:15:00+00:00,64553.8,64589.5,64506.3,64574.8,210.9722
2026-08-05 17:30:00+00:00,64574.8,64720.0,64551.4,64664.4,325.7545
2026-08-05 17:45:00+00:00,64664.4,64778.7,64638.8,64733.6,227.3558
2026-08-05 18:00:00+00:00,64733.6,64774.5,64634.1,64767.7,218.3597
2026-08-05 18:15:00+00:00,64767.7,64785.0,64645.5,64692.6,389.7025
2026-08-05 18:30:00+00:00,64692.6,64769.9,64636.3,64769.8,251.2043
2026-08-05 18:45:00+00:00,64769.8,64810.1,64723.8,64762.7,267.9793
2026-08-05 19:00:00+00:00,64762.7,64887.8,64745.2,64850.3,305.241
2026-08-05 19:15:00+00:00,64850.3,64896.0,64830.2,64877.5,99.2139
2026-08-05 19:30:00+00:00,64877.5,64889.2,64835.3,64863.1,95.0138
2026-08-05 19:45:00+00:00,64863.1,64897.4,64796.4,64805.6,132.6088
2026-08-05 20:00:00+00:00,64805.6,64885.1,64772.2,64885.0,227.6852
2026-08-05 20:15:00+00:00,64885.0,65100.0,64838.0,64957.1,1914.3063
2026-08-05 20:30:00+00:00,64957.1,64968.4,64906.5,64952.1,191.5108
2026-08-05 20:45:00+00:00,64952.1,64967.9,64801.1,64804.1,85.8621
2026-08-05 21:00:00+00:00,64804.1,64804.3,64682.9,64755.7,211.8992
2026-08-05 21:15:00+00:00,64755.7,64760.0,64633.3,64646.6,142.6641
2026-08-05 21:30:00+00:00,64646.6,64727.6,64638.1,64695.5,204.2143
2026-08-05 21:45:00+00:00,64695.5,64743.1,64647.9,64709.9,152.2363
2026-08-05 22:00:00+00:00,64709.9,64747.5,64622.0,64658.3,150.0844
2026-08-05 22:15:00+00:00,64658.3,64707.8,64652.7,64707.8,68.7066
2026-08-05 22:30:00+00:00,64707.8,64758.0,64655.4,64666.2,71.2076
2026-08-05 22:45:00+00:00,64666.2,64691.3,64600.8,64607.0,81.7777
2026-08-05 23:00:00+00:00,64607.0,64665.2,64553.4,64654.1,127.4027
2026-08-05 23:15:00+00:00,64654.1,64721.2,64598.3,64668.0,80.6242
2026-08-05 23:30:00+00:00,64668.0,64684.0,64635.6,64640.2,70.8222
2026-08-05 23:45:00+00:00,64640.2,64646.3,64540.8,64633.8,242.332
2026-08-06 00:00:00+00:00,64633.8,64649.7,64569.6,64572.8,156.3895
2026-08-06 00:15:00+00:00,64572.8,64686.5,64533.9,64655.0,136.0631
2026-08-06 00:30:00+00:00,64655.0,64695.8,64619.4,64619.5,69.9438
2026-08-06 00:45:00+00:00,64619.5,64669.2,64592.3,64614.8,102.3339
2026-08-06 01:00:00+00:00,64614.8,64620.2,64552.9,64579.7,96.0369
2026-08-06 01:15:00+00:00,64579.7,64586.3,64486.2,64488.9,91.5857
2026-08-06 01:30:00+00:00,64488.9,64585.3,64461.1,64541.2,173.6869
2026-08-06 01:45:00+00:00,64541.2,64634.8,64535.1,64560.0,65.5543
2026-08-06 02:00:00+00:00,64560.0,64627.6,64505.4,64532.7,120.6438
2026-08-06 02:15:00+00:00,64532.7,64556.4,64393.9,64495.6,840.2132
2026-08-06 02:30:00+00:00,64495.6,64550.0,64446.5,64549.9,205.2655
2026-08-06 02:45:00+00:00,64549.9,64569.5,64508.3,64550.6,90.1747
2026-08-06 03:00:00+00:00,64550.6,64550.6,64485.4,64537.3,105.0786
2026-08-06 03:15:00+00:00,64537.3,64537.4,64477.0,64509.8,68.6764
2026-08-06 03:30:00+00:00,64509.8,64551.6,64471.4,64471.4,106.5255
2026-08-06 03:45:00+00:00,64471.4,64511.0,64463.3,64496.2,49.7678
2026-08-06 04:00:00+00:00,64496.2,64562.2,64461.8,64550.0,83.6366
2026-08-06 04:15:00+00:00,64550.0,64668.8,64549.9,64666.8,106.9157
2026-08-06 04:30:00+00:00,64666.8,64702.6,64623.7,64631.8,113.0451
2026-08-06 04:45:00+00:00,64631.8,64700.0,64600.3,64695.8,67.4608
2026-08-06 05:00:00+00:00,64695.8,64971.7,64695.6,64885.2,584.8794
2026-08-06 05:15:00+00:00,64885.2,64967.9,64853.2,64861.5,259.011
2026-08-06 05:30:00+00:00,64861.5,64889.1,64820.5,64877.4,144.828
2026-08-06 05:45:00+00:00,64877.4,64880.0,64831.1,64879.5,69.8274
2026-08-06 06:00:00+00:00,64879.5,64879.5,64745.3,64755.5,84.3211
2026-08-06 06:15:00+00:00,64755.5,64804.5,64712.6,64797.6,91.9841
2026-08-06 06:30:00+00:00,64797.6,64829.0,64783.9,64811.2,82.3457
2026-08-06 06:45:00+00:00,64811.2,64830.5,64779.9,64830.5,70.46
2026-08-06 07:00:00+00:00,64830.5,64918.1,64792.9,64911.7,104.4956
2026-08-06 07:15:00+00:00,64911.7,64943.7,64859.9,64867.6,178.9745
2026-08-06 07:30:00+00:00,64867.6,64878.9,64749.8,64787.4,66.1094
2026-08-06 07:45:00+00:00,64787.4,64818.4,64760.9,64789.2,74.2435
2026-08-06 08:00:00+00:00,64789.2,64830.1,64737.4,64745.4,117.0669
2026-08-06 08:15:00+00:00,64745.4,64874.6,64730.8,64874.6,107.6044
2026-08-06 08:30:00+00:00,64874.6,64896.9,64840.6,64853.5,60.0644
2026-08-06 08:45:00+00:00,64853.5,64971.0,64853.2,64913.8,119.7332
2026-08-06 09:00:00+00:00,64913.8,64917.5,64721.7,64746.7,134.5188
2026-08-06 09:15:00+00:00,64746.7,64817.2,64693.2,64699.9,322.2306
2026-08-06 09:30:00+00:00,64699.9,64700.1,64598.9,64631.5,274.842
2026-08-06 09:45:00+00:00,64631.5,64670.0,64600.0,64649.0,88.7874
2026-08-06 10:00:00+00:00,64649.0,64655.9,64558.0,64565.1,154.7066
2026-08-06 10:15:00+00:00,64565.1,64655.9,64552.5,64646.6,126.6906
2026-08-06 10:30:00+00:00,64646.6,64650.1,64591.4,64591.5,59.3929
2026-08-06 10:45:00+00:00,64591.5,64619.2,64571.9,64589.2,54.2178
2026-08-06 11:00:00+00:00,64589.2,64597.3,64472.9,64543.3,173.0579
2026-08-06 11:15:00+00:00,64543.3,64616.4,64543.3,64555.0,110.2005
2026-08-06 11:30:00+00:00,64555.0,64629.0,64552.0,64618.2,86.042
2026-08-06 11:45:00+00:00,64618.2,64621.5,64551.9,64589.9,69.4612
2026-08-06 12:00:00+00:00,64589.9,64614.1,64437.7,64454.9,185.5041
2026-08-06 12:15:00+00:00,64454.9,64522.7,64420.4,64519.6,141.0138
2026-08-06 12:30:00+00:00,64519.6,64568.5,64477.3,64500.0,119.1195
2026-08-06 12:45:00+00:00,64500.0,64508.9,64362.7,64392.3,157.6773
2026-08-06 13:00:00+00:00,64392.3,64416.2,64172.1,64229.4,705.202
2026-08-06 13:15:00+00:00,64229.4,64286.2,64140.8,64220.4,475.0266
2026-08-06 13:30:00+00:00,64220.4,64409.5,64143.0,64375.5,755.2052
2026-08-06 13:45:00+00:00,64375.5,64501.0,64351.8,64404.7,600.1125
2026-08-06 14:00:00+00:00,64404.7,64536.3,64354.1,64441.2,629.3151
2026-08-06 14:15:00+00:00,64441.2,64556.7,64391.4,64402.3,382.0532
2026-08-06 14:30:00+00:00,64402.3,64810.3,64332.9,64784.9,1037.496
2026-08-06 14:45:00+00:00,64784.9,64824.8,64651.2,64748.2,457.2478
2026-08-06 15:00:00+00:00,64748.2,64961.9,64738.9,64823.3,691.9046
2026-08-06 15:15:00+00:00,64823.3,64869.9,64680.9,64796.6,637.6467
2026-08-06 15:30:00+00:00,64796.6,64843.8,64674.1,64724.5,365.505
2026-08-06 15:45:00+00:00,64724.5,64843.8,64588.5,64604.0,470.2535
2026-08-06 16:00:00+00:00,64604.0,64687.2,64565.1,64611.4,451.869
2026-08-06 16:15:00+00:00,64611.4,64661.1,64556.5,64617.1,305.9777
2026-08-06 16:30:00+00:00,64617.1,64729.6,64581.1,64680.7,274.7872
2026-08-06 16:45:00+00:00,64680.7,64745.3,64629.8,64723.3,149.5012
2026-08-06 17:00:00+00:00,64723.3,64807.3,64686.9,64686.9,162.8008
2026-08-06 17:15:00+00:00,64686.9,64715.9,64640.1,64656.1,121.7203
2026-08-06 17:30:00+00:00,64656.1,64687.3,64515.7,64569.9,168.8534
2026-08-06 17:45:00+00:00,64569.9,64621.3,64547.3,64583.1,116.7811
2026-08-06 18:00:00+00:00,64583.1,64589.6,64441.0,64511.6,201.6039
2026-08-06 18:15:00+00:00,64511.6,64568.0,64470.6,64484.5,122.9492
2026-08-06 18:30:00+00:00,64484.5,64489.6,64374.3,64384.4,132.426
2026-08-06 18:45:00+00:00,64384.4,64420.9,64343.7,64388.8,163.1713
2026-08-06 19:00:00+00:00,64388.8,64432.3,64380.1,64402.9,83.3168
2026-08-06 19:15:00+00:00,64402.9,64426.7,64354.6,64366.1,111.8396
2026-08-06 19:30:00+00:00,64366.1,64422.1,64323.9,64395.3,112.0607
2026-08-06 19:45:00+00:00,64395.3,64445.5,64368.0,64412.9,105.7236
2026-08-06 20:00:00+00:00,64412.9,64506.2,64412.9,64490.2,99.6319
2026-08-06 20:15:00+00:00,64490.2,64494.0,64408.4,64450.1,80.6271
2026-08-06 20:30:00+00:00,64450.1,64460.0,64425.9,64429.3,75.7682
2026-08-06 20:45:00+00:00,64429.3,64449.8,64403.7,64403.7,43.9521
2026-08-06 21:00:00+00:00,64403.7,64468.8,64403.7,64455.3,92.894
2026-08-06 21:15:00+00:00,64455.3,64490.0,64417.6,64417.7,52.1443
2026-08-06 21:30:00+00:00,64417.7,64457.5,64371.9,64418.3,163.2159
2026-08-06 21:45:00+00:00,64418.3,64455.3,64402.8,64411.8,76.58
2026-08-06 22:00:00+00:00,64411.8,64419.2,64349.9,64403.2,101.688
2026-08-06 22:15:00+00:00,64403.2,64407.4,64294.2,64335.7,83.958
2026-08-06 22:30:00+00:00,64335.7,64360.0,64301.7,64310.4,70.5242
2026-08-06 22:45:00+00:00,64310.4,64342.7,64310.4,64317.7,41.8839
2026-08-06 23:00:00+00:00,64317.7,64333.1,64299.9,64307.3,50.459
2026-08-06 23:15:00+00:00,64307.3,64312.7,64192.1,64219.5,130.369
2026-08-06 23:30:00+00:00,64219.5,64229.7,64174.1,64193.5,73.821
2026-08-06 23:45:00+00:00,64193.5,64306.3,64163.3,64299.8,145.0309
2026-08-07 00:00:00+00:00,64299.8,64387.1,64254.3,64263.6,147.7304
2026-08-07 00:15:00+00:00,64263.6,64287.9,64195.2,64244.6,122.1915
2026-08-07 00:30:00+00:00,64244.6,64312.1,64203.2,64296.7,113.6621
2026-08-07 00:45:00+00:00,64296.7,64312.8,64229.9,64291.8,127.6615
2026-08-07 01:00:00+00:00,64291.8,64430.3,64291.8,64334.2,215.3255
2026-08-07 01:15:00+00:00,64334.2,64406.3,64277.5,64397.3,149.0066
2026-08-07 01:30:00+00:00,64397.3,64449.9,64264.0,64351.5,242.8102
2026-08-07 01:45:00+00:00,64351.5,64421.7,64347.5,64394.7,218.3804
2026-08-07 02:00:00+00:00,64394.7,64405.7,64220.0,64370.1,211.5211
2026-08-07 02:15:00+00:00,64370.1,64524.5,64272.8,64291.9,645.1651
2026-08-07 02:30:00+00:00,64291.9,64393.8,64244.6,64382.4,330.4324
2026-08-07 02:45:00+00:00,64382.4,64446.0,64362.3,64369.3,126.8568
2026-08-07 03:00:00+00:00,64369.3,64380.4,64286.2,64307.4,174.4929
2026-08-07 03:15:00+00:00,64307.4,64316.0,64227.7,64288.1,168.5745
2026-08-07 03:30:00+00:00,64288.1,64346.9,64278.4,64311.3,125.5732
2026-08-07 03:45:00+00:00,64311.3,64345.4,64244.0,64264.0,99.8159
2026-08-07 04:00:00+00:00,64264.0,64299.8,64214.7,64281.0,104.8125
2026-08-07 04:15:00+00:00,64281.0,64340.1,64256.6,64276.2,116.1909
2026-08-07 04:30:00+00:00,64276.2,64328.1,64225.9,64226.0,94.5508
2026-08-07 04:45:00+00:00,64226.0,64239.2,64128.2,64225.7,262.7657
2026-08-07 05:00:00+00:00,64225.7,64234.9,64161.2,64219.1,116.5768
2026-08-07 05:15:00+00:00,64219.1,64233.0,64139.7,64154.3,105.1568
2026-08-07 05:30:00+00:00,64154.3,64254.5,64154.3,64250.0,170.1453
2026-08-07 05:45:00+00:00,64250.0,64370.0,64226.6,64310.5,149.0041
2026-08-07 06:00:00+00:00,64310.5,64395.4,64288.2,64388.3,107.9686
2026-08-07 06:15:00+00:00,64388.3,64440.8,64353.8,64393.2,144.3241
2026-08-07 06:30:00+00:00,64393.2,64403.6,64308.5,64335.2,227.09
2026-08-07 06:45:00+00:00,64335.2,64347.9,64254.9,64280.0,233.1309
2026-08-07 07:00:00+00:00,64280.0,64347.6,64229.8,64310.3,92.1068
2026-08-07 07:15:00+00:00,64310.3,64404.5,64301.4,64376.9,711.9443
2026-08-07 07:30:00+00:00,64376.9,64393.2,64337.4,64342.8,112.013
2026-08-07 07:45:00+00:00,64342.8,64347.1,64273.9,64288.8,58.0704
2026-08-07 08:00:00+00:00,64288.8,64352.0,64268.9,64341.0,109.2115
2026-08-07 08:15:00+00:00,64341.0,64426.7,64340.9,64421.3,149.511
2026-08-07 08:30:00+00:00,64421.3,64646.5,64421.3,64606.1,317.3042
2026-08-07 08:45:00+00:00,64606.1,64606.1,64547.6,64576.2,177.4692
2026-08-07 09:00:00+00:00,64576.2,64745.8,64576.2,64700.0,425.7922
2026-08-07 09:15:00+00:00,64700.0,64857.0,64699.8,64805.9,312.0521
2026-08-07 09:30:00+00:00,64805.9,64939.0,64776.4,64877.8,437.5564
2026-08-07 09:45:00+00:00,64877.8,64885.2,64789.0,64808.9,123.8569
2026-08-07 10:00:00+00:00,64808.9,64847.1,64770.1,64820.2,187.2813
2026-08-07 10:15:00+00:00,64820.2,64864.5,64769.8,64861.9,103.2146
2026-08-07 10:30:00+00:00,64861.9,64888.6,64823.5,64834.8,72.7458
2026-08-07 10:45:00+00:00,64834.8,64884.6,64834.7,64867.2,45.4711
2026-08-07 11:00:00+00:00,64867.2,64950.0,64867.2,64934.1,155.9854
2026-08-07 11:15:00+00:00,64934.1,65186.1,64900.6,65054.8,702.2387
2026-08-07 11:30:00+00:00,65054.8,65075.0,64986.7,64999.7,268.2681
2026-08-07 11:45:00+00:00,64999.7,65019.9,64971.5,64996.1,67.1786
2026-08-07 12:00:00+00:00,64996.1,65262.9,64996.1,65188.0,637.9982
2026-08-07 12:15:00+00:00,65188.0,65209.3,65031.0,65088.2,426.928
2026-08-07 12:30:00+00:00,65088.2,65299.4,64954.3,65127.0,4251.4351
2026-08-07 12:45:00+00:00,65127.0,65358.0,65127.0,65258.9,629.5608
2026-08-07 13:00:00+00:00,65258.9,65296.6,65155.1,65186.0,306.7926
2026-08-07 13:15:00+00:00,65186.0,65245.6,65075.6,65127.7,310.4757
2026-08-07 13:30:00+00:00,65127.7,65292.0,65071.1,65271.3,1026.1048
2026-08-07 13:45:00+00:00,65271.3,65305.6,64952.6,64984.7,1345.9356
2026-08-07 14:00:00+00:00,64984.7,65019.8,64756.6,64805.8,1455.7552
2026-08-07 14:15:00+00:00,64805.8,65211.6,64769.7,65164.7,879.9983
2026-08-07 14:30:00+00:00,65164.7,65249.8,65056.7,65075.0,879.1106
2026-08-07 14:45:00+00:00,65075.0,65128.6,64914.6,64927.1,562.831
2026-08-07 15:00:00+00:00,64927.1,65015.1,64859.4,64935.4,465.6494
2026-08-07 15:15:00+00:00,64935.4,65042.4,64900.5,64996.7,270.4559
2026-08-07 15:30:00+00:00,64996.7,65112.0,64953.9,64989.9,352.7112
2026-08-07 15:45:00+00:00,64989.9,65002.0,64878.4,64885.3,169.159
2026-08-07 16:00:00+00:00,64885.3,65049.8,64883.6,65012.3,260.4939
2026-08-07 16:15:00+00:00,65012.3,65026.9,64861.7,64907.2,313.5718
2026-08-07 16:30:00+00:00,64907.2,64945.9,64836.4,64926.1,209.4912
2026-08-07 16:45:00+00:00,64926.1,64928.0,64779.8,64779.9,245.8226
2026-08-07 17:00:00+00:00,64779.9,64804.8,64663.8,64669.9,536.8774
2026-08-07 17:15:00+00:00,64669.9,64709.9,64549.4,64570.4,468.6847
2026-08-07 17:30:00+00:00,64570.4,64664.8,64489.9,64655.7,400.1741
2026-08-07 17:45:00+00:00,64655.7,64740.3,64631.7,64740.2,290.4039
2026-08-07 18:00:00+00:00,64740.2,64857.8,64734.4,64825.0,241.614
2026-08-07 18:15:00+00:00,64825.0,64843.8,64766.6,64783.7,164.8951
2026-08-07 18:30:00+00:00,64783.7,64817.7,64699.8,64699.9,244.3844
2026-08-07 18:45:00+00:00,64699.9,64727.8,64654.8,64711.9,111.3578
2026-08-07 19:00:00+00:00,64711.9,64849.9,64711.9,64815.6,241.6614
2026-08-07 19:15:00+00:00,64815.6,64961.7,64815.6,64916.6,234.5606
2026-08-07 19:30:00+00:00,64916.6,64999.9,64905.1,64944.2,288.7641
2026-08-07 19:45:00+00:00,64944.2,64980.2,64914.8,64932.8,160.1631
2026-08-07 20:00:00+00:00,64932.8,65016.8,64922.6,64958.6,238.6886
2026-08-07 20:15:00+00:00,64958.6,64974.2,64922.7,64947.1,52.7795
2026-08-07 20:30:00+00:00,64947.1,64947.1,64916.5,64929.8,39.5667
2026-08-07 20:45:00+00:00,64929.8,64952.0,64925.9,64942.2,29.0805
2026-08-07 21:00:00+00:00,64942.2,64995.8,64942.0,64976.4,47.3325
2026-08-07 21:15:00+00:00,64976.4,64991.4,64919.9,64966.9,52.4802
2026-08-07 21:30:00+00:00,64966.9,65078.3,64966.8,64999.8,166.5552
2026-08-07 21:45:00+00:00,64999.8,65014.2,64894.4,64895.2,74.18
2026-08-07 22:00:00+00:00,64895.2,64902.1,64863.3,64901.4,56.7054
2026-08-07 22:15:00+00:00,64901.4,64919.6,64878.5,64895.6,42.2932
2026-08-07 22:30:00+00:00,64895.6,64895.7,64815.1,64843.8,69.4728
2026-08-07 22:45:00+00:00,64843.8,64891.9,64843.8,64857.2,48.663
2026-08-07 23:00:00+00:00,64857.2,64859.8,64853.8,64859.7,20.4416
2026-08-07 23:15:00+00:00,64859.7,64859.7,64847.8,64852.0,16.296
2026-08-07 23:30:00+00:00,64852.0,64868.9,64851.9,64868.9,21.2829
2026-08-07 23:45:00+00:00,64868.9,64885.7,64868.9,64885.4,32.4972
2026-08-08 00:00:00+00:00,64885.4,64925.4,64868.1,64868.1,52.4341
2026-08-08 00:15:00+00:00,64868.1,64868.1,64786.5,64850.3,70.8725
2026-08-08 00:30:00+00:00,64850.3,64872.2,64835.9,64872.2,69.9117
2026-08-08 00:45:00+00:00,64872.2,64890.2,64872.1,64890.2,19.5103
2026-08-08 01:00:00+00:00,64890.2,64927.7,64871.5,64922.1,51.8108
2026-08-08 01:15:00+00:00,64922.1,64922.4,64877.0,64877.1,41.9414
2026-08-08 01:30:00+00:00,64877.1,64907.3,64875.3,64900.0,38.789
2026-08-08 01:45:00+00:00,64900.0,64900.0,64879.8,64880.5,53.7363
2026-08-08 02:00:00+00:00,64880.5,64880.5,64863.3,64871.7,20.9558
2026-08-08 02:15:00+00:00,64871.7,64899.9,64863.6,64899.8,31.7382
2026-08-08 02:30:00+00:00,64899.8,64931.7,64883.8,64891.9,42.9133
2026-08-08 02:45:00+00:00,64891.9,64894.1,64887.4,64889.3,19.743
2026-08-08 03:00:00+00:00,64889.3,64910.0,64883.8,64902.2,35.5023
2026-08-08 03:15:00+00:00,64902.2,65009.5,64902.1,64992.2,69.5858
2026-08-08 03:30:00+00:00,64992.2,65046.0,64970.0,64984.9,50.7204
2026-08-08 03:45:00+00:00,64984.9,65008.8,64965.7,65000.0,52.6936
2026-08-08 04:00:00+00:00,65000.0,65040.0,64934.8,64947.0,59.6711
2026-08-08 04:15:00+00:00,64947.0,64973.5,64940.8,64973.0,25.6923
2026-08-08 04:30:00+00:00,64973.0,65036.6,64968.5,65008.3,247.6482
2026-08-08 04:45:00+00:00,65008.3,65012.1,64968.5,64976.3,53.1032
2026-08-08 05:00:00+00:00,64976.3,64987.6,64964.9,64965.0,25.1243
2026-08-08 05:15:00+00:00,64965.0,64997.3,64965.0,64992.3,29.4468
2026-08-08 05:30:00+00:00,64992.3,64992.3,64980.8,64989.9,21.6705
2026-08-08 05:45:00+00:00,64989.9,64990.0,64942.8,64966.9,30.7833
2026-08-08 06:00:00+00:00,64966.9,64972.2,64947.1,64950.0,24.0112
2026-08-08 06:15:00+00:00,64950.0,64958.9,64941.7,64944.5,33.5975
2026-08-08 06:30:00+00:00,64944.5,64959.2,64931.7,64959.1,50.8922
2026-08-08 06:45:00+00:00,64959.1,64990.9,64959.1,64978.2,32.8009
2026-08-08 07:00:00+00:00,64978.2,64982.0,64967.8,64970.7,17.0294
2026-08-08 07:15:00+00:00,64970.7,64974.2,64958.1,64974.1,113.1745
2026-08-08 07:30:00+00:00,64974.1,64974.2,64919.4,64919.4,32.1743
2026-08-08 07:45:00+00:00,64919.4,64936.4,64919.3,64936.1,29.5167
2026-08-08 08:00:00+00:00,64936.1,64938.8,64919.9,64938.7,28.4376
2026-08-08 08:15:00+00:00,64938.7,64956.0,64938.7,64955.9,15.8822
2026-08-08 08:30:00+00:00,64955.9,64988.1,64955.8,64985.9,36.5571
2026-08-08 08:45:00+00:00,64985.9,64986.0,64962.5,64963.0,18.9479
2026-08-08 09:00:00+00:00,64963.0,64978.1,64963.0,64975.6,28.451
2026-08-08 09:15:00+00:00,64975.6,64991.9,64975.5,64990.4,33.5544
2026-08-08 09:30:00+00:00,64990.4,65026.8,64976.5,64978.7,52.2011
2026-08-08 09:45:00+00:00,64978.7,64984.0,64959.8,64959.9,19.6498
2026-08-08 10:00:00+00:00,64959.9,64977.6,64959.8,64968.2,22.9661
2026-08-08 10:15:00+00:00,64968.2,64996.3,64968.0,64996.2,25.0303
2026-08-08 10:30:00+00:00,64996.2,64996.2,64974.6,64977.1,24.7131
2026-08-08 10:45:00+00:00,64977.1,64985.8,64977.0,64980.6,23.854
2026-08-08 11:00:00+00:00,64980.6,64995.4,64974.2,64983.1,27.1482
2026-08-08 11:15:00+00:00,64983.1,64983.1,64944.7,64944.9,25.8898
2026-08-08 11:30:00+00:00,64944.9,64949.1,64944.7,64945.2,17.5303
2026-08-08 11:45:00+00:00,64945.2,64945.7,64929.8,64938.3,24.8628
2026-08-08 12:00:00+00:00,64938.3,64986.6,64890.6,64985.3,112.1119
2026-08-08 12:15:00+00:00,64985.3,65024.7,64949.0,64949.1,95.5766
2026-08-08 12:30:00+00:00,64949.1,64998.3,64949.1,64979.3,32.8076
2026-08-08 12:45:00+00:00,64979.3,64996.2,64973.5,64973.6,21.8993
2026-08-08 13:00:00+00:00,64973.6,64993.2,64972.4,64978.5,33.7857
2026-08-08 13:15:00+00:00,64978.5,64994.6,64978.5,64990.8,20.0531
2026-08-08 13:30:00+00:00,64990.8,64990.8,64973.5,64974.7,35.4983
2026-08-08 13:45:00+00:00,64974.7,64985.4,64967.2,64985.3,22.3297
2026-08-08 14:00:00+00:00,64985.3,65031.9,64985.2,65031.8,59.231
2026-08-08 14:15:00+00:00,65031.8,65115.9,65013.2,65102.3,129.2434
2026-08-08 14:30:00+00:00,65102.3,65162.4,65080.6,65080.7,395.2383
2026-08-08 14:45:00+00:00,65080.7,65151.0,65077.8,65099.9,54.0399
2026-08-08 15:00:00+00:00,65099.9,65123.6,65066.6,65073.6,41.6063
2026-08-08 15:15:00+00:00,65073.6,65079.3,65045.9,65059.7,47.5116
2026-08-08 15:30:00+00:00,65059.7,65062.1,65031.3,65031.4,37.8032
2026-08-08 15:45:00+00:00,65031.4,65069.7,65027.7,65049.2,33.1051
2026-08-08 16:00:00+00:00,65049.2,65088.0,65049.1,65052.6,108.4795
2026-08-08 16:15:00+00:00,65052.6,65059.6,65045.2,65045.4,21.1073
2026-08-08 16:30:00+00:00,65045.4,65045.5,65000.1,65032.5,40.2072
2026-08-08 16:45:00+00:00,65032.5,65056.1,65022.3,65055.9,55.5781
2026-08-08 17:00:00+00:00,65055.9,65109.5,65045.4,65087.7,63.6475
2026-08-08 17:15:00+00:00,65087.7,65095.4,65072.2,65080.9,30.3405
2026-08-08 17:30:00+00:00,65080.9,65124.4,65080.1,65095.1,49.3399
2026-08-08 17:45:00+00:00,65095.1,65099.9,65085.8,65086.1,20.1694
2026-08-08 18:00:00+00:00,65086.1,65094.1,65068.3,65069.0,31.6637
2026-08-08 18:15:00+00:00,65069.0,65069.0,64999.8,65012.1,41.212
2026-08-08 18:30:00+00:00,65012.1,65034.3,65010.6,65026.6,40.5833
2026-08-08 18:45:00+00:00,65026.6,65026.7,65015.1,65015.1,13.1923
2026-08-08 19:00:00+00:00,65015.1,65015.3,64990.9,64991.4,26.1332
2026-08-08 19:15:00+00:00,64991.4,64998.8,64990.9,64992.9,20.2932
2026-08-08 19:30:00+00:00,64992.9,65011.4,64986.0,65011.3,29.1011
2026-08-08 19:45:00+00:00,65011.3,65060.2,65008.1,65045.4,47.525
2026-08-08 20:00:00+00:00,65045.4,65052.5,65034.9,65049.8,24.9342
2026-08-08 20:15:00+00:00,65049.8,65054.8,65026.5,65035.7,24.9516
2026-08-08 20:30:00+00:00,65035.7,65058.9,65033.9,65049.8,30.043
2026-08-08 20:45:00+00:00,65049.8,65057.0,65029.2,65046.7,41.4523
2026-08-08 21:00:00+00:00,65046.7,65046.8,65013.9,65013.9,26.6027
2026-08-08 21:15:00+00:00,65013.9,65022.9,65005.8,65006.9,24.485
2026-08-08 21:30:00+00:00,65006.9,65033.5,65001.0,65033.4,39.9695
2026-08-08 21:45:00+00:00,65033.4,65033.4,64969.1,64989.7,58.6607
2026-08-08 22:00:00+00:00,64989.7,65012.7,64970.2,64970.3,59.8451
2026-08-08 22:15:00+00:00,64970.3,64974.8,64964.7,64965.5,23.455
2026-08-08 22:30:00+00:00,64965.5,64968.7,64943.7,64943.8,39.8471
2026-08-08 22:45:00+00:00,64943.8,64945.3,64915.1,64915.1,26.4391
2026-08-08 23:00:00+00:00,64915.1,64915.1,64907.8,64910.8,29.8428
2026-08-08 23:15:00+00:00,64910.8,64945.0,64910.6,64911.0,39.2641
2026-08-08 23:30:00+00:00,64911.0,64947.5,64910.9,64942.4,24.146
2026-08-08 23:45:00+00:00,64942.4,64943.7,64922.0,64928.4,24.7735
2026-08-09 00:00:00+00:00,64928.4,64936.9,64928.2,64934.7,16.033
2026-08-09 00:15:00+00:00,64934.7,64944.9,64933.0,64934.7,33.4863
2026-08-09 00:30:00+00:00,64934.7,64956.9,64934.6,64942.7,22.3436
2026-08-09 00:45:00+00:00,64942.7,64957.6,64929.4,64952.8,34.4095
2026-08-09 01:00:00+00:00,64952.8,64982.2,64945.0,64959.3,30.3123
2026-08-09 01:15:00+00:00,64959.3,64959.3,64831.3,64836.1,87.57
2026-08-09 01:30:00+00:00,64836.1,64865.7,64826.9,64860.8,54.9055
2026-08-09 01:45:00+00:00,64860.8,64866.3,64817.9,64838.3,55.451
2026-08-09 02:00:00+00:00,64838.3,64838.3,64782.0,64828.9,58.0958
2026-08-09 02:15:00+00:00,64828.9,64828.9,64810.6,64820.0,43.5142
2026-08-09 02:30:00+00:00,64820.0,64820.0,64751.8,64751.9,42.982
2026-08-09 02:45:00+00:00,64751.9,64804.0,64751.7,64797.8,88.3431
2026-08-09 03:00:00+00:00,64797.8,64797.8,64717.2,64717.2,74.6748
2026-08-09 03:15:00+00:00,64717.2,64767.0,64699.8,64754.3,82.1207
2026-08-09 03:30:00+00:00,64754.3,64777.6,64749.0,64777.5,53.8753
2026-08-09 03:45:00+00:00,64777.5,64777.7,64757.8,64758.8,26.7594
2026-08-09 04:00:00+00:00,64758.8,64794.9,64758.8,64794.9,27.8692
2026-08-09 04:15:00+00:00,64794.9,64806.1,64784.8,64806.1,48.1919
2026-08-09 04:30:00+00:00,64806.1,64806.1,64780.9,64781.0,24.0676
2026-08-09 04:45:00+00:00,64781.0,64781.0,64750.4,64759.6,135.9805
2026-08-09 05:00:00+00:00,64759.6,64764.2,64750.6,64759.0,114.4173
2026-08-09 05:15:00+00:00,64759.0,64765.8,64756.9,64756.9,109.0483
2026-08-09 05:30:00+00:00,64756.9,64760.4,64756.8,64758.9,17.7905
2026-08-09 05:45:00+00:00,64758.9,64777.8,64747.2,64777.7,26.3973
2026-08-09 06:00:00+00:00,64777.7,64786.4,64776.8,64786.4,36.2867
2026-08-09 06:15:00+00:00,64786.4,64821.3,64786.2,64815.4,42.5759
2026-08-09 06:30:00+00:00,64815.4,64834.4,64815.3,64833.0,25.0345
2026-08-09 06:45:00+00:00,64833.0,64834.9,64822.7,64822.8,30.183
2026-08-09 07:00:00+00:00,64822.8,64827.7,64820.4,64824.7,20.7147
2026-08-09 07:15:00+00:00,64824.7,64826.5,64809.0,64809.8,130.4603
2026-08-09 07:30:00+00:00,64809.8,64812.9,64806.1,64806.2,20.1152
2026-08-09 07:45:00+00:00,64806.2,64806.2,64791.7,64793.5,20.8381
2026-08-09 08:00:00+00:00,64793.5,64905.2,64793.5,64892.2,98.4182
2026-08-09 08:15:00+00:00,64892.2,64911.1,64858.9,64859.6,154.5751
2026-08-09 08:30:00+00:00,64859.6,64869.9,64759.1,64759.1,50.7467
2026-08-09 08:45:00+00:00,64759.1,64793.0,64759.0,64792.4,63.8583
2026-08-09 09:00:00+00:00,64792.4,64799.7,64790.1,64792.8,37.0909
2026-08-09 09:15:00+00:00,64792.8,64804.2,64774.4,64779.6,40.0117
2026-08-09 09:30:00+00:00,64779.6,64789.2,64774.8,64788.2,15.9672
2026-08-09 09:45:00+00:00,64788.2,64850.9,64783.2,64850.8,32.9459
2026-08-09 10:00:00+00:00,64850.8,64924.4,64850.7,64924.1,64.6877
2026-08-09 10:15:00+00:00,64924.1,64948.6,64911.8,64935.6,88.7621
2026-08-09 10:30:00+00:00,64935.6,64944.3,64910.3,64911.7,32.7341
2026-08-09 10:45:00+00:00,64911.7,64948.3,64911.6,64927.3,35.6983
2026-08-09 11:00:00+00:00,64927.3,64955.0,64927.3,64949.9,37.6965
2026-08-09 11:15:00+00:00,64949.9,64950.0,64941.8,64948.8,28.3822
2026-08-09 11:30:00+00:00,64948.8,64974.4,64945.4,64958.2,41.3544
2026-08-09 11:45:00+00:00,64958.2,64977.8,64921.5,64921.6,54.5441
2026-08-09 12:00:00+00:00,64921.6,64922.9,64884.2,64915.5,52.6825
2026-08-09 12:15:00+00:00,64915.5,64921.9,64910.9,64915.5,28.8008
2026-08-09 12:30:00+00:00,64915.5,64915.5,64908.7,64911.3,17.1543
2026-08-09 12:45:00+00:00,64911.3,64928.2,64905.6,64928.1,18.3261
2026-08-09 13:00:00+00:00,64928.1,65012.0,64928.1,64992.9,97.6477
2026-08-09 13:15:00+00:00,64992.9,65068.2,64992.9,65061.3,107.7759
2026-08-09 13:30:00+00:00,65061.3,65239.8,65061.3,65192.6,494.8204
2026-08-09 13:45:00+00:00,65192.6,65200.1,65161.0,65194.4,203.4115
2026-08-09 14:00:00+00:00,65194.4,65212.4,65163.9,65211.7,129.2777
2026-08-09 14:15:00+00:00,65211.7,65211.7,65130.8,65166.1,79.0298
2026-08-09 14:30:00+00:00,65166.1,65199.7,65118.3,65143.7,80.2927
2026-08-09 14:45:00+00:00,65143.7,65279.9,65143.6,65237.3,118.1833
2026-08-09 15:00:00+00:00,65237.3,65241.0,65176.9,65218.9,107.0517
2026-08-09 15:15:00+00:00,65218.9,65218.9,65199.6,65199.8,30.5164
2026-08-09 15:30:00+00:00,65199.8,65210.6,65196.3,65199.3,23.0256
2026-08-09 15:45:00+00:00,65199.3,65215.9,65196.7,65207.3,113.0233
2026-08-09 16:00:00+00:00,65207.3,65242.5,65190.3,65210.3,109.4287
2026-08-09 16:15:00+00:00,65210.3,65218.0,65147.5,65171.1,129.2727
2026-08-09 16:30:00+00:00,65171.1,65236.9,65171.0,65228.0,81.1878
2026-08-09 16:45:00+00:00,65228.0,65233.2,65195.5,65204.7,112.2595
2026-08-09 17:00:00+00:00,65204.7,65204.8,65190.8,65199.6,35.4974
2026-08-09 17:15:00+00:00,65199.6,65212.9,65192.1,65212.0,25.8499
2026-08-09 17:30:00+00:00,65212.0,65216.9,65191.8,65206.4,173.9868
2026-08-09 17:45:00+00:00,65206.4,65206.4,65165.7,65170.1,35.3743
2026-08-09 18:00:00+00:00,65170.1,65181.3,65170.0,65179.9,44.8052
2026-08-09 18:15:00+00:00,65179.9,65193.8,65161.1,65193.7,26.7687
2026-08-09 18:30:00+00:00,65193.7,65199.9,65193.6,65193.9,20.0574
2026-08-09 18:45:00+00:00,65193.9,65194.1,65166.5,65167.2,33.4352
2026-08-09 19:00:00+00:00,65167.2,65177.0,65158.4,65166.2,24.3765
2026-08-09 19:15:00+00:00,65166.2,65188.5,65166.1,65186.2,23.3078
2026-08-09 19:30:00+00:00,65186.2,65186.3,65171.6,65171.7,17.5466
2026-08-09 19:45:00+00:00,65171.7,65171.7,65147.9,65153.5,33.8144
2026-08-09 20:00:00+00:00,65153.5,65161.5,65043.3,65049.1,152.4356
2026-08-09 20:15:00+00:00,65049.1,65125.2,65049.1,65101.9,130.3312
2026-08-09 20:30:00+00:00,65101.9,65146.9,65101.9,65111.2,54.3132
2026-08-09 20:45:00+00:00,65111.2,65117.9,65096.2,65114.0,35.4118
2026-08-09 21:00:00+00:00,65114.0,65114.1,65096.3,65103.1,24.7649
2026-08-09 21:15:00+00:00,65103.1,65114.4,65091.3,65111.1,26.865
2026-08-09 21:30:00+00:00,65111.1,65229.4,65111.1,65196.8,266.6842
2026-08-09 21:45:00+00:00,65196.8,65203.0,65154.6,65165.4,43.8575
2026-08-09 22:00:00+00:00,65165.4,65454.4,65165.4,65387.2,773.6711
2026-08-09 22:15:00+00:00,65387.2,65419.5,65182.4,65210.6,341.6188
2026-08-09 22:30:00+00:00,65210.6,65224.8,64952.0,65006.2,544.1532
2026-08-09 22:45:00+00:00,65006.2,65079.7,64936.4,65046.0,203.9236
2026-08-09 23:00:00+00:00,65046.0,65080.2,64956.4,64989.8,173.9856
2026-08-09 23:15:00+00:00,64989.8,65027.4,64869.1,64892.1,178.5141
2026-08-09 23:30:00+00:00,64892.1,64911.3,64819.3,64866.8,347.0037
2026-08-09 23:45:00+00:00,64866.8,64903.5,64806.4,64867.9,188.5815
2026-08-10 00:00:00+00:00,64867.9,65299.6,64813.3,65120.1,928.87
2026-08-10 00:15:00+00:00,65120.1,65145.4,64950.3,64974.7,327.1394
2026-08-10 00:30:00+00:00,64974.7,65025.3,64794.4,64819.0,366.1373
2026-08-10 00:45:00+00:00,64819.0,65015.5,64816.2,64945.3,289.9758
2026-08-10 01:00:00+00:00,64945.3,65005.8,64868.3,64977.5,245.3296
2026-08-10 01:15:00+00:00,64977.5,65049.3,64971.8,64976.5,176.99
2026-08-10 01:30:00+00:00,64976.5,64986.8,64864.0,64948.0,177.9142
2026-08-10 01:45:00+00:00,64948.0,65372.6,64941.3,65172.7,787.9434
2026-08-10 02:00:00+00:00,65172.7,65185.0,65046.8,65074.7,274.6254
2026-08-10 02:15:00+00:00,65074.7,65075.9,64871.4,64931.3,279.0531
2026-08-10 02:30:00+00:00,64931.3,65193.4,64931.3,65172.0,261.467
2026-08-10 02:45:00+00:00,65172.0,65172.0,65055.6,65077.6,124.6211
2026-08-10 03:00:00+00:00,65077.6,65090.4,64930.8,64931.4,217.8394
2026-08-10 03:15:00+00:00,64931.4,65149.5,64875.2,64999.6,232.4397
2026-08-10 03:30:00+00:00,64999.6,65070.0,64966.6,65001.4,205.721
2026-08-10 03:45:00+00:00,65001.4,65032.1,64922.4,64946.5,143.8003
2026-08-10 04:00:00+00:00,64946.5,65049.5,64926.7,65046.0,155.6838
2026-08-10 04:15:00+00:00,65046.0,65076.6,64999.9,65000.0,101.662
2026-08-10 04:30:00+00:00,65000.0,65014.9,64892.6,64980.9,167.8066
2026-08-10 04:45:00+00:00,64980.9,65026.3,64948.8,64980.4,94.4822
2026-08-10 05:00:00+00:00,64980.4,65028.8,64952.1,64965.1,67.9943
2026-08-10 05:15:00+00:00,64965.1,65040.1,64965.0,65019.5,111.0961
2026-08-10 05:30:00+00:00,65019.5,65062.6,64995.3,65059.2,97.2558
2026-08-10 05:45:00+00:00,65059.2,65138.6,65024.0,65116.7,201.9291
2026-08-10 06:00:00+00:00,65116.7,65259.6,65103.9,65174.4,347.4934
2026-08-10 06:15:00+00:00,65174.4,65213.9,65119.5,65139.7,215.8665
2026-08-10 06:30:00+00:00,65139.7,65211.9,65139.7,65211.8,159.6629
2026-08-10 06:45:00+00:00,65211.8,65312.6,65201.3,65272.9,201.3064
2026-08-10 07:00:00+00:00,65272.9,65283.2,65229.4,65239.4,167.8621
2026-08-10 07:15:00+00:00,65239.4,65306.9,65213.0,65296.2,89.0266
2026-08-10 07:30:00+00:00,65296.2,65347.4,65279.6,65302.7,189.5557
2026-08-10 07:45:00+00:00,65302.7,65312.5,65172.9,65182.7,82.9106
2026-08-10 08:00:00+00:00,65182.7,65289.6,65182.5,65240.2,113.8627
2026-08-10 08:15:00+00:00,65240.2,65306.3,65202.1,65269.4,111.6598
2026-08-10 08:30:00+00:00,65269.4,65279.4,65159.9,65200.4,125.348
2026-08-10 08:45:00+00:00,65200.4,65239.7,65183.5,65220.1,71.2187
2026-08-10 09:00:00+00:00,65220.1,65220.1,65159.0,65193.6,114.123
2026-08-10 09:15:00+00:00,65193.6,65195.9,65133.5,65138.9,60.314
2026-08-10 09:30:00+00:00,65138.9,65138.9,65012.5,65022.0,208.0084
2026-08-10 09:45:00+00:00,65022.0,65022.1,64928.1,64941.1,428.1072
2026-08-10 10:00:00+00:00,64941.1,65053.3,64939.5,65017.4,200.1404
2026-08-10 10:15:00+00:00,65017.4,65044.5,64981.4,64998.8,101.7684
2026-08-10 10:30:00+00:00,64998.8,65024.0,64979.8,64982.7,83.2117
2026-08-10 10:45:00+00:00,64982.7,65029.2,64980.1,64988.8,65.9778
2026-08-10 11:00:00+00:00,64988.8,65008.9,64949.9,64990.8,125.9632
2026-08-10 11:15:00+00:00,64990.8,65066.8,64990.8,65051.7,84.9198
2026-08-10 11:30:00+00:00,65051.7,65077.6,65032.1,65032.2,63.6566
2026-08-10 11:45:00+00:00,65032.2,65108.5,65032.1,65097.6,95.989
2026-08-10 12:00:00+00:00,65097.6,65220.3,65071.3,65100.3,288.5486
2026-08-10 12:15:00+00:00,65100.3,65103.9,65011.7,65027.4,118.3336
2026-08-10 12:30:00+00:00,65027.4,65034.8,64882.8,64995.2,233.1993
2026-08-10 12:45:00+00:00,64995.2,64995.2,64812.7,64838.2,360.0469
2026-08-10 13:00:00+00:00,64838.2,64882.9,64814.8,64855.5,309.6023
2026-08-10 13:15:00+00:00,64855.5,64942.8,64847.8,64894.4,197.8445
2026-08-10 13:30:00+00:00,64894.4,64906.7,64576.8,64618.3,1664.4947
2026-08-10 13:45:00+00:00,64618.3,64660.4,64485.7,64533.9,865.0737
2026-08-10 14:00:00+00:00,64533.9,64729.5,64510.2,64722.1,634.8637
2026-08-10 14:15:00+00:00,64722.1,64803.7,64682.0,64752.5,355.9207
2026-08-10 14:30:00+00:00,64752.5,64856.9,64734.2,64794.9,259.0355
2026-08-10 14:45:00+00:00,64794.9,64830.1,64572.9,64594.5,424.5497
2026-08-10 15:00:00+00:00,64594.5,64690.6,64509.8,64530.2,634.5471
2026-08-10 15:15:00+00:00,64530.2,64618.8,64280.1,64373.8,1018.6262
2026-08-10 15:30:00+00:00,64373.8,64390.5,64214.8,64317.5,604.6363
2026-08-10 15:45:00+00:00,64317.5,64335.2,64172.7,64269.1,628.1154
2026-08-10 16:00:00+00:00,64269.1,64329.7,64156.9,64195.4,630.7263
2026-08-10 16:15:00+00:00,64195.4,64195.5,63954.9,64099.8,833.0211
2026-08-10 16:30:00+00:00,64099.8,64159.9,63923.5,63948.5,472.1737
2026-08-10 16:45:00+00:00,63948.5,63959.0,63808.6,63888.5,603.6485
2026-08-10 17:00:00+00:00,63888.5,63998.1,63809.7,63973.4,327.6543
2026-08-10 17:15:00+00:00,63973.4,63988.3,63901.3,63901.3,205.8414
2026-08-10 17:30:00+00:00,63901.3,64007.2,63879.9,63928.8,188.9818
2026-08-10 17:45:00+00:00,63928.8,63953.3,63863.5,63932.6,209.7708
2026-08-10 18:00:00+00:00,63932.6,64005.0,63874.9,63922.1,195.2379
2026-08-10 18:15:00+00:00,63922.1,63986.8,63873.4,63879.8,185.0098
2026-08-10 18:30:00+00:00,63879.8,63912.9,63787.9,63863.4,748.0844
2026-08-10 18:45:00+00:00,63863.4,63906.5,63814.2,63866.4,202.9461
2026-08-10 19:00:00+00:00,63866.4,63912.9,63860.1,63905.4,111.17
2026-08-10 19:15:00+00:00,63905.4,63997.4,63875.5,63997.2,126.4495
2026-08-10 19:30:00+00:00,63997.2,64072.9,63901.2,64000.0,360.4539
2026-08-10 19:45:00+00:00,64000.0,64022.7,63955.3,64017.0,169.1227
2026-08-10 20:00:00+00:00,64017.0,64060.3,63989.5,64022.7,178.5203
2026-08-10 20:15:00+00:00,64022.7,64090.1,64014.4,64089.9,143.8332
2026-08-10 20:30:00+00:00,64089.9,64183.9,64070.9,64143.1,298.1468
2026-08-10 20:45:00+00:00,64143.1,64148.3,64107.7,64129.7,93.5411
2026-08-10 21:00:00+00:00,64129.7,64129.7,64055.5,64081.2,153.4082
2026-08-10 21:15:00+00:00,64081.2,64089.1,64035.3,64089.1,76.4176
2026-08-10 21:30:00+00:00,64089.1,64089.5,64000.1,64005.0,107.5572
2026-08-10 21:45:00+00:00,64005.0,64016.8,63949.5,63949.6,150.5866
2026-08-10 22:00:00+00:00,63949.6,64017.2,63920.9,64010.6,151.825
2026-08-10 22:15:00+00:00,64010.6,64027.7,63975.6,63981.2,55.9872
2026-08-10 22:30:00+00:00,63981.2,63981.3,63908.6,63956.9,76.3124
2026-08-10 22:45:00+00:00,63956.9,63987.9,63953.8,63987.9,27.6453
2026-08-10 23:00:00+00:00,63987.9,63992.3,63943.4,63950.0,53.3856
2026-08-10 23:15:00+00:00,63950.0,63968.9,63916.9,63959.3,69.1312
2026-08-10 23:30:00+00:00,63959.3,63959.4,63883.5,63940.2,101.9794
2026-08-10 23:45:00+00:00,63940.2,63958.6,63912.3,63939.6,69.6025
2026-08-11 00:00:00+00:00,63939.6,63955.8,63869.0,63955.7,185.1792
2026-08-11 00:15:00+00:00,63955.7,63974.3,63890.7,63961.0,119.2119
2026-08-11 00:30:00+00:00,63961.0,63983.5,63918.9,63951.5,91.3604
2026-08-11 00:45:00+00:00,63951.5,64032.5,63951.5,64006.9,150.639
2026-08-11 01:00:00+00:00,64006.9,64048.5,63950.5,64028.3,108.2562
2026-08-11 01:15:00+00:00,64028.3,64046.5,63940.9,64039.7,176.1943
2026-08-11 01:30:00+00:00,64039.7,64039.7,63924.5,63957.4,85.6165
2026-08-11 01:45:00+00:00,63957.4,64044.4,63955.5,64027.2,67.0783
2026-08-11 02:00:00+00:00,64027.2,64054.5,64010.0,64010.0,71.1609
2026-08-11 02:15:00+00:00,64010.0,64042.2,64009.9,64020.4,79.0052
2026-08-11 02:30:00+00:00,64020.4,64026.2,64000.2,64014.4,29.922
2026-08-11 02:45:00+00:00,64014.4,64028.7,64002.7,64013.0,22.9779
2026-08-11 03:00:00+00:00,64013.0,64075.5,64013.0,64070.7,56.043
2026-08-11 03:15:00+00:00,64070.7,64148.4,64070.6,64106.8,95.3846
2026-08-11 03:30:00+00:00,64106.8,64134.5,64100.2,64104.3,47.5831
2026-08-11 03:45:00+00:00,64104.3,64111.1,64087.3,64111.0,48.5239
2026-08-11 04:00:00+00:00,64111.0,64124.7,64090.1,64090.2,45.4363
2026-08-11 04:15:00+00:00,64090.2,64106.8,64073.5,64081.1,55.5073
2026-08-11 04:30:00+00:00,64081.1,64082.4,64065.7,64068.7,37.4765
2026-08-11 04:45:00+00:00,64068.7,64074.0,63997.1,63997.1,103.3628
2026-08-11 05:00:00+00:00,63997.1,64023.8,63961.5,64015.0,48.3083
2026-08-11 05:15:00+00:00,64015.0,64022.3,63929.4,63944.2,94.9249
2026-08-11 05:30:00+00:00,63944.2,64013.2,63938.8,64006.5,85.5279
2026-08-11 05:45:00+00:00,64006.5,64017.0,63965.0,63965.1,47.7911
2026-08-11 06:00:00+00:00,63965.1,64022.1,63942.8,64001.3,68.2548
2026-08-11 06:15:00+00:00,64001.3,64001.3,63900.0,63900.1,53.6595
2026-08-11 06:30:00+00:00,63900.1,63940.6,63875.0,63903.7,113.509
2026-08-11 06:45:00+00:00,63903.7,63942.5,63821.7,63940.3,119.9183
2026-08-11 07:00:00+00:00,63940.3,63987.5,63936.0,63936.0,62.0921
2026-08-11 07:15:00+00:00,63936.0,63944.7,63877.7,63880.0,65.1473
2026-08-11 07:30:00+00:00,63880.0,64060.3,63880.0,64047.1,202.8895
2026-08-11 07:45:00+00:00,64047.1,64078.3,64010.0,64031.7,128.3309
2026-08-11 08:00:00+00:00,64031.7,64081.5,64016.7,64016.8,84.9856
2026-08-11 08:15:00+00:00,64016.8,64063.8,64010.7,64026.2,54.4524
2026-08-11 08:30:00+00:00,64026.2,64095.3,64026.1,64084.7,66.0483
2026-08-11 08:45:00+00:00,64084.7,64124.4,64063.0,64109.7,57.7613
2026-08-11 09:00:00+00:00,64109.7,64137.7,64105.6,64106.7,49.3073
2026-08-11 09:15:00+00:00,64106.7,64176.1,64106.1,64160.4,90.051
2026-08-11 09:30:00+00:00,64160.4,64228.4,64157.8,64217.7,147.4982
2026-08-11 09:45:00+00:00,64217.7,64280.7,64208.7,64280.7,185.2058
2026-08-11 10:00:00+00:00,64280.7,64289.7,64207.9,64218.6,213.7791
2026-08-11 10:15:00+00:00,64218.6,64281.9,64171.7,64276.7,105.6067
2026-08-11 10:30:00+00:00,64276.7,64284.6,64221.2,64253.3,107.0273
2026-08-11 10:45:00+00:00,64253.3,64253.5,64190.0,64205.0,96.0834
2026-08-11 11:00:00+00:00,64205.0,64365.8,64205.0,64332.6,280.4104
2026-08-11 11:15:00+00:00,64332.6,64334.6,64303.3,64310.7,84.8143
2026-08-11 11:30:00+00:00,64310.7,64321.3,64306.3,64313.3,48.7213
2026-08-11 11:45:00+00:00,64313.3,64379.9,64313.2,64358.2,96.1239
2026-08-11 12:00:00+00:00,64358.2,64468.9,64352.0,64444.7,237.4949
2026-08-11 12:15:00+00:00,64444.7,64444.8,64259.1,64289.9,202.2631
2026-08-11 12:30:00+00:00,64289.9,64360.0,64286.8,64301.8,159.9118
2026-08-11 12:45:00+00:00,64301.8,64318.5,64300.9,64302.9,56.0016
2026-08-11 13:00:00+00:00,64302.9,64345.9,64252.1,64296.3,143.1791
2026-08-11 13:15:00+00:00,64296.3,64305.7,64143.7,64178.6,164.6626
2026-08-11 13:30:00+00:00,64178.6,64217.1,64023.8,64152.0,725.4107
2026-08-11 13:45:00+00:00,64152.0,64195.6,64020.8,64174.6,771.0197
2026-08-11 14:00:00+00:00,64174.6,64206.6,64088.2,64196.0,381.1541
2026-08-11 14:15:00+00:00,64196.0,64240.5,63888.7,64000.2,767.9352
2026-08-11 14:30:00+00:00,64000.2,64041.3,63866.6,63937.2,444.2103
2026-08-11 14:45:00+00:00,63937.2,63984.7,63683.9,63747.0,911.5927
2026-08-11 15:00:00+00:00,63747.0,63841.8,63707.6,63752.8,532.4866
2026-08-11 15:15:00+00:00,63752.8,63845.8,63676.6,63836.7,424.319
2026-08-11 15:30:00+00:00,63836.7,63836.7,63419.8,63536.3,1356.8387
2026-08-11 15:45:00+00:00,63536.3,63608.8,63447.0,63585.6,424.378
2026-08-11 16:00:00+00:00,63585.6,63637.2,63515.6,63582.1,502.4797
2026-08-11 16:15:00+00:00,63582.1,63629.3,63550.1,63570.6,223.4907
2026-08-11 16:30:00+00:00,63570.6,63596.1,63466.3,63470.2,198.0572
2026-08-11 16:45:00+00:00,63470.2,63524.7,63436.2,63488.5,162.4056
2026-08-11 17:00:00+00:00,63488.5,63519.2,63444.2,63484.1,143.1678
2026-08-11 17:15:00+00:00,63484.1,63576.5,63466.1,63548.9,133.6096
2026-08-11 17:30:00+00:00,63548.9,63571.8,63496.1,63531.5,149.513
2026-08-11 17:45:00+00:00,63531.5,63611.5,63513.7,63580.3,200.9726
2026-08-11 18:00:00+00:00,63580.3,63609.0,63525.2,63571.8,136.0017
2026-08-11 18:15:00+00:00,63571.8,63586.7,63454.1,63454.1,171.594
2026-08-11 18:30:00+00:00,63454.1,63488.1,63222.7,63281.4,1252.3704
2026-08-11 18:45:00+00:00,63281.4,63363.4,63277.1,63352.3,185.5667
2026-08-11 19:00:00+00:00,63352.3,63357.6,63211.3,63224.4,214.0399
2026-08-11 19:15:00+00:00,63224.4,63366.8,63224.4,63334.4,253.7966
2026-08-11 19:30:00+00:00,63334.4,63435.9,63334.4,63430.3,192.8193
2026-08-11 19:45:00+00:00,63430.3,63513.9,63357.3,63508.4,185.8047
2026-08-11 20:00:00+00:00,63508.4,63691.8,63508.4,63649.7,695.6277
2026-08-11 20:15:00+00:00,63649.7,63651.3,63589.5,63651.3,159.1215
2026-08-11 20:30:00+00:00,63651.3,63731.5,63625.6,63652.0,309.8677
2026-08-11 20:45:00+00:00,63652.0,63725.1,63651.9,63720.2,166.198
2026-08-11 21:00:00+00:00,63720.2,63731.2,63707.2,63711.7,75.6642
2026-08-11 21:15:00+00:00,63711.7,63752.1,63628.2,63647.4,165.7033
2026-08-11 21:30:00+00:00,63647.4,63668.8,63590.0,63646.1,115.654
2026-08-11 21:45:00+00:00,63646.1,63666.6,63619.6,63641.3,111.3154
2026-08-11 22:00:00+00:00,63641.3,63745.8,63641.3,63706.3,297.1735
2026-08-11 22:15:00+00:00,63706.3,63739.6,63676.8,63695.6,91.8663
2026-08-11 22:30:00+00:00,63695.6,63706.4,63627.3,63629.6,69.2131
2026-08-11 22:45:00+00:00,63629.6,63654.4,63600.6,63641.3,56.0875
2026-08-11 23:00:00+00:00,63641.3,63641.3,63536.4,63552.8,105.747
2026-08-11 23:15:00+00:00,63552.8,63592.6,63526.5,63572.2,69.328
2026-08-11 23:30:00+00:00,63572.2,63618.5,63559.4,63615.4,56.267
2026-08-11 23:45:00+00:00,63615.4,63628.7,63571.5,63571.5,53.0509
2026-08-12 00:00:00+00:00,63571.5,63587.3,63515.6,63582.8,133.7801
2026-08-12 00:15:00+00:00,63582.8,63683.4,63551.4,63643.8,112.7208
2026-08-12 00:30:00+00:00,63643.8,63699.7,63643.8,63691.7,113.7347
2026-08-12 00:45:00+00:00,63691.7,63722.0,63691.0,63717.0,48.3307
2026-08-12 01:00:00+00:00,63717.0,63759.4,63687.2,63757.8,112.3338
2026-08-12 01:15:00+00:00,63757.8,63757.9,63708.6,63722.5,105.2757
2026-08-12 01:30:00+00:00,63722.5,63797.6,63664.8,63797.5,105.8398
2026-08-12 01:45:00+00:00,63797.5,63828.6,63770.9,63795.8,133.8155
2026-08-12 02:00:00+00:00,63795.8,63857.9,63788.6,63820.2,156.3431
2026-08-12 02:15:00+00:00,63820.2,63868.1,63751.7,63868.0,106.5424
2026-08-12 02:30:00+00:00,63868.0,63885.8,63731.0,63745.7,97.4315
2026-08-12 02:45:00+00:00,63745.7,63755.1,63701.5,63722.5,57.0272
2026-08-12 03:00:00+00:00,63722.5,63772.6,63680.1,63692.7,85.7547
2026-08-12 03:15:00+00:00,63692.7,63751.9,63678.5,63728.4,111.5592
2026-08-12 03:30:00+00:00,63728.4,63819.2,63705.4,63785.5,89.7181
2026-08-12 03:45:00+00:00,63785.5,63809.4,63745.8,63800.0,110.8645
2026-08-12 04:00:00+00:00,63800.0,63812.0,63736.4,63758.0,61.0204
2026-08-12 04:15:00+00:00,63758.0,63863.7,63755.4,63767.1,124.3256
2026-08-12 04:30:00+00:00,63767.1,63767.1,63706.5,63745.7,70.4201
2026-08-12 04:45:00+00:00,63745.7,63805.0,63730.2,63747.1,140.4693
2026-08-12 05:00:00+00:00,63747.1,63793.0,63698.2,63792.9,74.5444
2026-08-12 05:15:00+00:00,63792.9,63812.6,63785.1,63812.3,41.6398
2026-08-12 05:30:00+00:00,63812.3,63846.1,63794.7,63820.9,91.4535
2026-08-12 05:45:00+00:00,63820.9,63834.0,63787.6,63811.8,77.937
2026-08-12 06:00:00+00:00,63811.8,63811.8,63675.1,63676.4,90.4202
2026-08-12 06:15:00+00:00,63676.4,63729.4,63592.5,63617.8,206.5873
2026-08-12 06:30:00+00:00,63617.8,63657.3,63577.9,63629.9,134.2172
2026-08-12 06:45:00+00:00,63629.9,63688.1,63603.2,63688.1,82.6783
2026-08-12 07:00:00+00:00,63688.1,63778.3,63684.1,63736.2,81.8068
2026-08-12 07:15:00+00:00,63736.2,63736.2,63698.3,63704.7,44.4238
2026-08-12 07:30:00+00:00,63704.7,63752.4,63655.9,63664.5,74.852
2026-08-12 07:45:00+00:00,63664.5,63811.7,63605.7,63804.6,171.0321
2026-08-12 08:00:00+00:00,63804.6,63842.5,63756.8,63764.1,179.5849
2026-08-12 08:15:00+00:00,63764.1,63808.9,63764.1,63796.3,90.4058
2026-08-12 08:30:00+00:00,63796.3,63796.4,63745.3,63751.1,236.2831
2026-08-12 08:45:00+00:00,63751.1,63795.5,63751.0,63769.7,76.264
2026-08-12 09:00:00+00:00,63769.7,63835.1,63735.3,63827.3,70.6215
2026-08-12 09:15:00+00:00,63827.3,63984.1,63827.3,63955.9,462.016
2026-08-12 09:30:00+00:00,63955.9,64064.2,63955.9,64011.5,538.2096
2026-08-12 09:45:00+00:00,64011.5,64077.0,63995.0,64076.9,190.9062
2026-08-12 10:00:00+00:00,64076.9,64188.8,64069.4,64093.1,384.7759
2026-08-12 10:15:00+00:00,64093.1,64112.9,64030.1,64038.0,184.5602
2026-08-12 10:30:00+00:00,64038.0,64135.5,64037.8,64114.5,138.1022
2026-08-12 10:45:00+00:00,64114.5,64131.7,64051.1,64111.0,143.3283
2026-08-12 11:00:00+00:00,64111.0,64186.2,64078.9,64111.9,192.3159
2026-08-12 11:15:00+00:00,64111.9,64178.2,64097.7,64172.1,126.3227
2026-08-12 11:30:00+00:00,64172.1,64193.2,64127.8,64159.3,81.9246
2026-08-12 11:45:00+00:00,64159.3,64221.7,64159.1,64206.9,67.7688
2026-08-12 12:00:00+00:00,64206.9,64273.6,64184.2,64230.3,198.439
2026-08-12 12:15:00+00:00,64230.3,64398.0,64228.6,64385.9,668.1278
2026-08-12 12:30:00+00:00,64385.9,64444.3,64000.7,64069.4,2534.2554
2026-08-12 12:45:00+00:00,64069.4,64154.3,63939.7,64090.1,646.1688
2026-08-12 13:00:00+00:00,64090.1,64128.1,63909.1,63955.3,354.45
2026-08-12 13:15:00+00:00,63955.3,64012.8,63880.7,63930.6,374.9149
2026-08-12 13:30:00+00:00,63930.6,63987.3,63830.8,63956.7,1035.4602
2026-08-12 13:45:00+00:00,63956.7,64049.5,63805.4,63806.6,788.1715
2026-08-12 14:00:00+00:00,63806.6,63902.0,63566.5,63765.3,1577.4915
2026-08-12 14:15:00+00:00,63765.3,63802.7,63628.3,63628.3,544.9502
2026-08-12 14:30:00+00:00,63628.3,63672.1,63500.8,63580.1,1187.0361
2026-08-12 14:45:00+00:00,63580.1,63619.5,63334.6,63344.4,630.6646
2026-08-12 15:00:00+00:00,63344.4,63508.7,63290.6,63475.5,711.3468
2026-08-12 15:15:00+00:00,63475.5,63523.3,63408.4,63478.8,426.5185
2026-08-12 15:30:00+00:00,63478.8,63551.7,63371.9,63501.0,354.7423
2026-08-12 15:45:00+00:00,63501.0,63529.0,63400.8,63421.1,307.4908
2026-08-12 16:00:00+00:00,63421.1,63481.4,63339.5,63454.9,327.97
2026-08-12 16:15:00+00:00,63454.9,63547.0,63438.2,63541.0,272.3068
2026-08-12 16:30:00+00:00,63541.0,63557.5,63484.1,63496.1,130.8774
2026-08-12 16:45:00+00:00,63496.1,63501.1,63444.1,63462.3,164.7901
2026-08-12 17:00:00+00:00,63462.3,63520.0,63447.3,63512.3,94.122
2026-08-12 17:15:00+00:00,63512.3,63527.9,63399.5,63425.4,154.6197
2026-08-12 17:30:00+00:00,63425.4,63485.2,63388.6,63452.1,91.0289
2026-08-12 17:45:00+00:00,63452.1,63518.5,63427.8,63449.7,84.7046
2026-08-12 18:00:00+00:00,63449.7,63483.9,63399.8,63452.8,121.1412
2026-08-12 18:15:00+00:00,63452.8,63452.8,63357.5,63411.2,111.7399
2026-08-12 18:30:00+00:00,63411.2,63505.1,63395.4,63424.7,111.724
2026-08-12 18:45:00+00:00,63424.7,63424.7,63350.2,63360.0,152.4067
2026-08-12 19:00:00+00:00,63360.0,63413.5,63355.3,63360.8,132.3935
2026-08-12 19:15:00+00:00,63360.8,63440.9,63282.8,63361.6,396.837
2026-08-12 19:30:00+00:00,63361.6,63382.5,63314.1,63314.3,128.882
2026-08-12 19:45:00+00:00,63314.3,63409.1,63299.0,63399.0,191.7082
2026-08-12 20:00:00+00:00,63399.0,63493.8,63393.2,63440.0,250.5124
2026-08-12 20:15:00+00:00,63440.0,63493.1,63400.0,63482.6,130.302
2026-08-12 20:30:00+00:00,63482.6,63548.1,63482.5,63518.9,115.2509
2026-08-12 20:45:00+00:00,63518.9,63574.2,63500.7,63574.1,97.7106
2026-08-12 21:00:00+00:00,63574.1,63629.8,63529.2,63555.8,127.4142
2026-08-12 21:15:00+00:00,63555.8,63570.4,63435.9,63455.4,103.8629
2026-08-12 21:30:00+00:00,63455.4,63518.3,63392.8,63508.4,189.9397
2026-08-12 21:45:00+00:00,63508.4,63551.5,63422.6,63441.6,182.8472
2026-08-12 22:00:00+00:00,63441.6,63508.4,63392.4,63465.8,203.9526
2026-08-12 22:15:00+00:00,63465.8,63503.9,63456.8,63457.4,287.5832
2026-08-12 22:30:00+00:00,63457.4,63469.2,63338.0,63377.6,192.7339
2026-08-12 22:45:00+00:00,63377.6,63409.2,63368.3,63405.9,83.591
2026-08-12 23:00:00+00:00,63405.9,63414.3,63350.1,63388.6,101.1325
2026-08-12 23:15:00+00:00,63388.6,63419.8,63349.9,63400.1,93.996
2026-08-12 23:30:00+00:00,63400.1,63456.8,63375.7,63397.9,134.8874
2026-08-12 23:45:00+00:00,63397.9,63460.3,63382.7,63454.9,105.4471
2026-08-13 00:00:00+00:00,63454.9,63579.4,63437.4,63579.4,194.675
2026-08-13 00:15:00+00:00,63579.4,63684.4,63555.8,63595.9,366.2747
2026-08-13 00:30:00+00:00,63595.9,63599.8,63474.7,63486.3,148.7283
2026-08-13 00:45:00+00:00,63486.3,63580.7,63476.0,63530.3,109.4744
2026-08-13 01:00:00+00:00,63530.3,63608.4,63495.0,63606.8,113.5596
2026-08-13 01:15:00+00:00,63606.8,63608.8,63372.8,63390.5,256.0458
2026-08-13 01:30:00+00:00,63390.5,63514.3,63375.2,63390.0,197.1247
2026-08-13 01:45:00+00:00,63390.0,63492.8,63355.0,63429.1,164.1727
2026-08-13 02:00:00+00:00,63429.1,63458.5,63397.7,63434.8,137.004
2026-08-13 02:15:00+00:00,63434.8,63457.0,63398.3,63437.3,67.2618
2026-08-13 02:30:00+00:00,63437.3,63467.2,63344.2,63467.2,151.8359
2026-08-13 02:45:00+00:00,63467.2,63554.1,63444.0,63522.7,563.3633
2026-08-13 03:00:00+00:00,63522.7,63554.1,63481.7,63545.9,140.7379
2026-08-13 03:15:00+00:00,63545.9,63618.8,63540.3,63552.1,393.9566
2026-08-13 03:30:00+00:00,63552.1,63609.7,63541.8,63547.5,193.865
2026-08-13 03:45:00+00:00,63547.5,63664.4,63547.0,63623.5,228.2176
2026-08-13 04:00:00+00:00,63623.5,63651.9,63599.4,63647.3,68.0376
2026-08-13 04:15:00+00:00,63647.3,63647.3,63564.9,63567.7,36.5336
2026-08-13 04:30:00+00:00,63567.7,63689.3,63567.6,63674.1,103.2752
2026-08-13 04:45:00+00:00,63674.1,63760.1,63670.1,63672.5,243.5715
2026-08-13 05:00:00+00:00,63672.5,63861.8,63647.9,63857.9,461.926
2026-08-13 05:15:00+00:00,63857.9,63990.8,63857.9,63915.9,563.9997
2026-08-13 05:30:00+00:00,63915.9,63932.1,63869.9,63896.8,175.8183
2026-08-13 05:45:00+00:00,63896.8,63904.9,63844.3,63844.3,93.8573
2026-08-13 06:00:00+00:00,63844.3,63857.6,63787.4,63812.9,110.1945
2026-08-13 06:15:00+00:00,63812.9,63825.7,63783.5,63796.8,70.7341
2026-08-13 06:30:00+00:00,63796.8,63796.8,63729.7,63729.8,76.088
2026-08-13 06:45:00+00:00,63729.8,63914.5,63725.1,63914.4,180.6442
2026-08-13 07:00:00+00:00,63914.4,63916.7,63835.9,63842.5,98.6382
2026-08-13 07:15:00+00:00,63842.5,63887.7,63827.2,63866.1,50.1177
2026-08-13 07:30:00+00:00,63866.1,63870.6,63841.2,63841.3,27.0313
2026-08-13 07:45:00+00:00,63841.3,63841.4,63823.8,63833.0,29.842
2026-08-13 08:00:00+00:00,63833.0,63881.1,63805.4,63805.5,63.113
2026-08-13 08:15:00+00:00,63805.5,63808.4,63757.5,63758.9,86.343
2026-08-13 08:30:00+00:00,63758.9,63769.0,63747.3,63768.9,54.4561
2026-08-13 08:45:00+00:00,63768.9,63770.1,63710.6,63743.6,147.246
2026-08-13 09:00:00+00:00,63743.6,63743.7,63590.5,63590.6,138.6918
2026-08-13 09:15:00+00:00,63590.6,63693.0,63559.2,63631.9,162.1897
2026-08-13 09:30:00+00:00,63631.9,63682.3,63629.9,63680.0,57.3267
2026-08-13 09:45:00+00:00,63680.0,63767.5,63679.7,63756.8,67.1343
2026-08-13 10:00:00+00:00,63756.8,63800.1,63589.4,63591.6,966.3775
2026-08-13 10:15:00+00:00,63591.6,63654.7,63591.5,63597.6,82.7852
2026-08-13 10:30:00+00:00,63597.6,63610.6,63546.8,63610.6,215.9521
2026-08-13 10:45:00+00:00,63610.6,63630.3,63610.5,63628.9,31.5322
2026-08-13 11:00:00+00:00,63628.9,63637.5,63583.8,63600.0,55.3134
2026-08-13 11:15:00+00:00,63600.0,63605.5,63409.9,63410.2,301.4007
2026-08-13 11:30:00+00:00,63410.2,63449.5,63317.9,63437.4,324.1547
2026-08-13 11:45:00+00:00,63437.4,63477.3,63426.7,63458.5,113.9474
2026-08-13 12:00:00+00:00,63458.5,63536.2,63414.3,63536.0,154.7962
2026-08-13 12:15:00+00:00,63536.0,63562.1,63520.3,63545.7,64.9524
2026-08-13 12:30:00+00:00,63545.7,63663.2,63437.4,63559.9,537.3549
2026-08-13 12:45:00+00:00,63559.9,63695.2,63533.3,63668.9,227.0008
2026-08-13 13:00:00+00:00,63668.9,63784.3,63668.9,63710.1,326.366
2026-08-13 13:15:00+00:00,63710.1,63710.1,63543.9,63576.1,305.7837
2026-08-13 13:30:00+00:00,63576.1,63828.1,63533.8,63780.0,720.5765
2026-08-13 13:45:00+00:00,63780.0,63819.8,63657.8,63699.6,517.4018
2026-08-13 14:00:00+00:00,63699.6,63823.3,63655.0,63782.3,332.8089
2026-08-13 14:15:00+00:00,63782.3,63859.8,63736.8,63783.9,468.546
2026-08-13 14:30:00+00:00,63783.9,63978.1,63735.4,63932.8,596.8483
2026-08-13 14:45:00+00:00,63932.8,63942.4,63827.1,63835.4,195.0222
2026-08-13 15:00:00+00:00,63835.4,63919.3,63788.7,63801.0,218.0804
2026-08-13 15:15:00+00:00,63801.0,63867.8,63562.3,63605.7,355.95
2026-08-13 15:30:00+00:00,63605.7,63728.8,63580.1,63694.6,335.3806
2026-08-13 15:45:00+00:00,63694.6,63696.5,63384.8,63384.9,494.3618
2026-08-13 16:00:00+00:00,63384.9,63484.3,63356.3,63440.8,591.2292
2026-08-13 16:15:00+00:00,63440.8,63544.5,63288.6,63336.7,787.3473
2026-08-13 16:30:00+00:00,63336.7,63412.2,62794.4,62962.5,2899.8116
2026-08-13 16:45:00+00:00,62962.5,63210.5,62896.7,63138.7,1156.0118
2026-08-13 17:00:00+00:00,63138.7,63138.7,63047.8,63107.1,483.6211
2026-08-13 17:15:00+00:00,63107.1,63239.6,63071.9,63164.7,405.8001
2026-08-13 17:30:00+00:00,63164.7,63241.5,63080.0,63222.0,268.7831
2026-08-13 17:45:00+00:00,63222.0,63276.1,63121.2,63121.3,208.3333
2026-08-13 18:00:00+00:00,63121.3,63266.6,63095.3,63187.9,222.2583
2026-08-13 18:15:00+00:00,63187.9,63230.4,63093.8,63097.9,118.1822
2026-08-13 18:30:00+00:00,63097.9,63181.0,63087.7,63181.0,145.2321
2026-08-13 18:45:00+00:00,63181.0,63347.7,63162.4,63284.6,335.0444
2026-08-13 19:00:00+00:00,63284.6,63488.3,63284.5,63386.0,366.7231
2026-08-13 19:15:00+00:00,63386.0,63409.3,63359.1,63397.9,145.228
2026-08-13 19:30:00+00:00,63397.9,63423.9,63362.0,63393.2,141.1039
2026-08-13 19:45:00+00:00,63393.2,63448.1,63367.4,63386.8,117.8305
2026-08-13 20:00:00+00:00,63386.8,63441.0,63343.3,63392.9,168.7079
2026-08-13 20:15:00+00:00,63392.9,63436.3,63392.9,63428.2,68.896
2026-08-13 20:30:00+00:00,63428.2,63446.9,63379.6,63391.8,51.1031
2026-08-13 20:45:00+00:00,63391.8,63391.9,63350.1,63385.6,46.1679
2026-08-13 21:00:00+00:00,63385.6,63445.9,63360.9,63405.0,75.7972
2026-08-13 21:15:00+00:00,63405.0,63428.8,63385.7,63428.8,62.4484
2026-08-13 21:30:00+00:00,63428.8,63477.2,63415.1,63419.9,135.2376
2026-08-13 21:45:00+00:00,63419.9,63445.2,63410.0,63445.1,125.9166
2026-08-13 22:00:00+00:00,63445.1,63605.6,63445.1,63581.5,472.8072
2026-08-13 22:15:00+00:00,63581.5,63613.7,63537.7,63595.6,275.9253
2026-08-13 22:30:00+00:00,63595.6,63605.0,63523.3,63529.6,88.8139
2026-08-13 22:45:00+00:00,63529.6,63537.3,63497.8,63497.9,83.8158
2026-08-13 23:00:00+00:00,63497.9,63512.8,63425.9,63450.1,100.0416
2026-08-13 23:15:00+00:00,63450.1,63466.0,63421.4,63448.0,54.0501
2026-08-13 23:30:00+00:00,63448.0,63473.6,63415.2,63427.4,61.0981
2026-08-13 23:45:00+00:00,63427.4,63456.7,63366.5,63456.7,86.9499
2026-08-14 00:00:00+00:00,63456.7,63487.5,63402.1,63475.4,147.7275
2026-08-14 00:15:00+00:00,63475.4,63533.9,63389.8,63419.4,126.2761
2026-08-14 00:30:00+00:00,63419.4,63528.9,63377.9,63497.5,151.1327
2026-08-14 00:45:00+00:00,63497.5,63530.8,63452.0,63517.3,138.6065
2026-08-14 01:00:00+00:00,63517.3,63566.8,63455.0,63480.8,235.6475
2026-08-14 01:15:00+00:00,63480.8,63542.5,63428.9,63460.5,186.5194
2026-08-14 01:30:00+00:00,63460.5,63539.9,63440.0,63539.2,154.3651
2026-08-14 01:45:00+00:00,63539.2,63549.3,63493.0,63545.3,70.4944
2026-08-14 02:00:00+00:00,63545.3,63595.3,63500.1,63538.7,169.3195
2026-08-14 02:15:00+00:00,63538.7,63561.5,63446.8,63460.0,96.5826
2026-08-14 02:30:00+00:00,63460.0,63536.0,63460.0,63495.7,115.6915
2026-08-14 02:45:00+00:00,63495.7,63535.8,63436.7,63436.7,60.4384
2026-08-14 03:00:00+00:00,63436.7,63471.9,63389.6,63471.9,107.5472
2026-08-14 03:15:00+00:00,63471.9,63555.9,63437.5,63438.3,110.1405
2026-08-14 03:30:00+00:00,63438.3,63438.3,63327.7,63356.3,132.2794
2026-08-14 03:45:00+00:00,63356.3,63356.3,63276.8,63288.0,160.4123
2026-08-14 04:00:00+00:00,63288.0,63388.4,63247.4,63383.5,138.134
2026-08-14 04:15:00+00:00,63383.5,63449.5,63340.2,63395.0,142.1492
2026-08-14 04:30:00+00:00,63395.0,63404.7,63363.4,63370.7,63.1289
2026-08-14 04:45:00+00:00,63370.7,63378.9,63341.4,63349.9,52.8649
2026-08-14 05:00:00+00:00,63349.9,63377.2,63304.4,63308.2,101.7879
2026-08-14 05:15:00+00:00,63308.2,63336.9,63256.9,63297.1,98.2367
2026-08-14 05:30:00+00:00,63297.1,63350.5,63281.1,63325.0,59.5266
2026-08-14 05:45:00+00:00,63325.0,63375.6,63320.2,63357.8,44.9162
2026-08-14 06:00:00+00:00,63357.8,63357.8,63262.9,63265.9,74.8728
2026-08-14 06:15:00+00:00,63265.9,63276.7,63148.6,63151.5,297.3343
2026-08-14 06:30:00+00:00,63151.5,63219.9,63145.8,63151.3,170.0284
2026-08-14 06:45:00+00:00,63151.3,63181.2,62907.5,62944.7,1156.6977
2026-08-14 07:00:00+00:00,62944.7,63059.9,62921.7,63043.5,242.9745
2026-08-14 07:15:00+00:00,63043.5,63079.1,63043.2,63067.5,84.6105
2026-08-14 07:30:00+00:00,63067.5,63067.5,62927.1,62990.1,135.8757
2026-08-14 07:45:00+00:00,62990.1,62990.1,62886.9,62888.0,204.2004
2026-08-14 08:00:00+00:00,62888.0,62919.9,62859.9,62885.7,227.1765
2026-08-14 08:15:00+00:00,62885.7,62971.1,62704.1,62750.2,802.8828
2026-08-14 08:30:00+00:00,62750.2,62844.3,62660.0,62803.4,431.3143
2026-08-14 08:45:00+00:00,62803.4,62910.0,62785.1,62905.2,144.5535
2026-08-14 09:00:00+00:00,62905.2,62905.3,62822.4,62844.3,177.2864
2026-08-14 09:15:00+00:00,62844.3,62881.4,62762.4,62763.8,104.3873
2026-08-14 09:30:00+00:00,62763.8,62791.3,62705.9,62736.4,221.7952
2026-08-14 09:45:00+00:00,62736.4,62813.5,62736.4,62764.2,222.3119
2026-08-14 10:00:00+00:00,62764.2,62833.1,62712.4,62830.2,145.5341
2026-08-14 10:15:00+00:00,62830.2,62888.6,62817.0,62856.7,119.0028
2026-08-14 10:30:00+00:00,62856.7,62912.9,62824.2,62841.2,183.6639
2026-08-14 10:45:00+00:00,62841.2,62860.9,62773.1,62787.9,111.0254
2026-08-14 11:00:00+00:00,62787.9,62856.9,62779.7,62827.8,207.4577
2026-08-14 11:15:00+00:00,62827.8,62890.0,62808.0,62861.2,123.2152
2026-08-14 11:30:00+00:00,62861.2,62906.6,62810.4,62864.3,91.8532
2026-08-14 11:45:00+00:00,62864.3,62898.6,62823.0,62837.6,112.2142
2026-08-14 12:00:00+00:00,62837.6,62872.8,62730.0,62796.1,263.1287
2026-08-14 12:15:00+00:00,62796.1,62863.9,62770.3,62863.9,163.1864
2026-08-14 12:30:00+00:00,62863.9,62885.3,62733.7,62733.8,184.7367
2026-08-14 12:45:00+00:00,62733.8,62783.4,62695.2,62706.2,239.7319
2026-08-14 13:00:00+00:00,62706.2,62725.4,62555.5,62653.7,889.1657
2026-08-14 13:15:00+00:00,62653.7,62765.9,62608.6,62750.2,299.2445
2026-08-14 13:30:00+00:00,62750.2,62794.7,62578.7,62688.8,1152.4959
2026-08-14 13:45:00+00:00,62688.8,62730.5,62571.8,62637.2,484.5505
2026-08-14 14:00:00+00:00,62637.2,62710.1,62554.0,62580.2,864.6971
2026-08-14 14:15:00+00:00,62580.2,62678.6,62539.9,62648.4,529.9217
2026-08-14 14:30:00+00:00,62648.4,62771.5,62626.2,62717.1,342.7224
2026-08-14 14:45:00+00:00,62717.1,62751.2,62500.4,62581.4,720.0026
2026-08-14 15:00:00+00:00,62581.4,62689.2,62577.3,62674.2,259.161
2026-08-14 15:15:00+00:00,62674.2,62821.3,62650.4,62821.3,234.9
2026-08-14 15:30:00+00:00,62821.3,63000.3,62759.1,62972.4,799.9652
2026-08-14 15:45:00+00:00,62972.4,63056.8,62917.6,62956.4,424.8057
2026-08-14 16:00:00+00:00,62956.4,63072.6,62934.2,63010.3,327.3375
2026-08-14 16:15:00+00:00,63010.3,63131.9,63000.4,63089.5,307.7141
2026-08-14 16:30:00+00:00,63089.5,63194.3,63067.0,63177.5,274.475
2026-08-14 16:45:00+00:00,63177.5,63177.7,63072.9,63105.9,202.0631
2026-08-14 17:00:00+00:00,63105.9,63149.9,63082.2,63149.8,134.0095
2026-08-14 17:15:00+00:00,63149.8,63215.2,63130.6,63168.4,284.7378
2026-08-14 17:30:00+00:00,63168.4,63187.1,63043.8,63079.7,1095.6503
2026-08-14 17:45:00+00:00,63079.7,63094.7,62965.4,62988.2,304.4714
2026-08-14 18:00:00+00:00,62988.2,63042.1,62926.1,62974.2,207.564
2026-08-14 18:15:00+00:00,62974.2,63050.1,62974.2,63003.9,138.4464
2026-08-14 18:30:00+00:00,63003.9,63010.3,62912.9,62943.0,196.558
2026-08-14 18:45:00+00:00,62943.0,62947.9,62857.7,62899.8,110.1116
2026-08-14 19:00:00+00:00,62899.8,62901.1,62820.0,62827.4,169.2557
2026-08-14 19:15:00+00:00,62827.4,62905.7,62790.5,62898.3,205.0567
2026-08-14 19:30:00+00:00,62898.3,62954.3,62855.1,62954.3,132.6093
2026-08-14 19:45:00+00:00,62954.3,62967.0,62911.8,62940.5,111.5633
2026-08-14 20:00:00+00:00,62940.5,62995.1,62933.3,62941.3,93.4187
2026-08-14 20:15:00+00:00,62941.3,62959.2,62904.5,62920.1,123.4508
2026-08-14 20:30:00+00:00,62920.1,62927.8,62880.7,62888.6,47.5984
2026-08-14 20:45:00+00:00,62888.6,62907.6,62864.7,62878.4,46.7474
2026-08-14 21:00:00+00:00,62878.4,62912.3,62868.1,62877.2,74.8456
2026-08-14 21:15:00+00:00,62877.2,62898.8,62854.8,62867.0,51.299
2026-08-14 21:30:00+00:00,62867.0,62890.1,62846.5,62855.3,101.5877
2026-08-14 21:45:00+00:00,62855.3,62904.2,62850.1,62897.8,105.6036
2026-08-14 22:00:00+00:00,62897.8,62936.1,62804.0,62805.7,126.7138
2026-08-14 22:15:00+00:00,62805.7,62815.6,62770.3,62794.1,95.6339
2026-08-14 22:30:00+00:00,62794.1,62858.7,62794.1,62858.6,62.7008
2026-08-14 22:45:00+00:00,62858.6,62872.2,62840.0,62856.9,30.8513
2026-08-14 23:00:00+00:00,62856.9,62907.0,62855.3,62901.3,29.3701
2026-08-14 23:15:00+00:00,62901.3,62925.0,62837.9,62921.4,88.1945
2026-08-14 23:30:00+00:00,62921.4,63005.9,62875.9,62977.4,186.5282
2026-08-14 23:45:00+00:00,62977.4,63040.3,62977.4,63015.1,109.8174
2026-08-15 00:00:00+00:00,63015.1,63038.9,62976.5,62989.5,55.1512
2026-08-15 00:15:00+00:00,62989.5,63007.2,62972.9,62987.3,65.3525
2026-08-15 00:30:00+00:00,62987.3,63001.3,62973.0,62994.9,39.5642
2026-08-15 00:45:00+00:00,62994.9,63009.5,62965.4,62991.6,36.0744
2026-08-15 01:00:00+00:00,62991.6,63006.7,62966.6,62989.3,48.426
2026-08-15 01:15:00+00:00,62989.3,63015.1,62970.1,63014.2,71.4853
2026-08-15 01:30:00+00:00,63014.2,63015.1,62989.6,63006.0,56.4365
2026-08-15 01:45:00+00:00,63006.0,63011.0,62992.8,63011.0,17.0742
2026-08-15 02:00:00+00:00,63011.0,63033.3,63007.4,63030.5,35.7671
2026-08-15 02:15:00+00:00,63030.5,63094.4,63030.5,63073.5,81.4186
2026-08-15 02:30:00+00:00,63073.5,63110.1,63073.4,63088.9,43.3451
2026-08-15 02:45:00+00:00,63088.9,63113.9,63088.9,63113.6,28.9589
2026-08-15 03:00:00+00:00,63113.6,63133.5,63103.0,63132.0,48.8926
2026-08-15 03:15:00+00:00,63132.0,63167.2,63055.9,63065.3,138.4652
2026-08-15 03:30:00+00:00,63065.3,63066.9,63014.3,63039.4,54.7141
2026-08-15 03:45:00+00:00,63039.4,63050.0,63023.6,63030.0,33.2525
2026-08-15 04:00:00+00:00,63030.0,63075.1,63030.0,63075.0,39.6441
2026-08-15 04:15:00+00:00,63075.0,63105.5,63075.0,63102.4,36.1863
2026-08-15 04:30:00+00:00,63102.4,63127.2,63097.2,63127.2,25.1911
2026-08-15 04:45:00+00:00,63127.2,63127.3,63092.1,63092.2,20.6833
2026-08-15 05:00:00+00:00,63092.2,63125.4,63092.1,63125.3,22.9593
2026-08-15 05:15:00+00:00,63125.3,63127.6,63090.8,63090.9,24.3281
2026-08-15 05:30:00+00:00,63090.9,63097.0,63027.8,63049.8,57.853
2026-08-15 05:45:00+00:00,63049.8,63055.5,63013.0,63055.4,77.4558
2026-08-15 06:00:00+00:00,63055.4,63066.0,63010.0,63010.0,29.1175
2026-08-15 06:15:00+00:00,63010.0,63042.6,63003.6,63010.0,40.5955
2026-08-15 06:30:00+00:00,63010.0,63041.9,63010.0,63041.8,25.7357
2026-08-15 06:45:00+00:00,63041.8,63108.2,63041.7,63087.0,36.2563
2026-08-15 07:00:00+00:00,63087.0,63102.0,63041.5,63102.0,97.2198
2026-08-15 07:15:00+00:00,63102.0,63103.9,63041.8,63049.5,42.91
2026-08-15 07:30:00+00:00,63049.5,63073.5,63041.6,63049.8,44.0207
2026-08-15 07:45:00+00:00,63049.8,63058.6,63012.9,63049.7,104.4839
2026-08-15 08:00:00+00:00,63049.7,63058.4,63029.6,63029.7,23.8955
2026-08-15 08:15:00+00:00,63029.7,63041.0,63024.6,63026.1,22.9729
2026-08-15 08:30:00+00:00,63026.1,63027.0,62991.6,62991.8,30.2933
2026-08-15 08:45:00+00:00,62991.8,63034.3,62902.2,62908.6,96.3378
2026-08-15 09:00:00+00:00,62908.6,62937.0,62890.1,62933.7,116.4614
2026-08-15 09:15:00+00:00,62933.7,62957.8,62929.9,62952.0,26.3123
2026-08-15 09:30:00+00:00,62952.0,62999.8,62952.0,62991.8,30.216
2026-08-15 09:45:00+00:00,62991.8,63020.0,62991.6,62998.8,39.1984
2026-08-15 10:00:00+00:00,62998.8,63004.2,62971.8,62993.2,24.11
2026-08-15 10:15:00+00:00,62993.2,62995.8,62987.1,62991.8,66.3649
2026-08-15 10:30:00+00:00,62991.8,63017.7,62978.6,63006.3,52.1463
2026-08-15 10:45:00+00:00,63006.3,63025.0,62994.5,63015.4,36.7176
2026-08-15 11:00:00+00:00,63015.4,63015.4,62995.6,62995.7,26.1266
2026-08-15 11:15:00+00:00,62995.7,63020.2,62995.6,63009.5,23.1238
2026-08-15 11:30:00+00:00,63009.5,63021.9,63004.3,63021.9,19.7772
2026-08-15 11:45:00+00:00,63021.9,63031.4,62967.6,62992.9,41.5564
2026-08-15 12:00:00+00:00,62992.9,62993.0,62959.3,62959.4,29.1777
2026-08-15 12:15:00+00:00,62959.4,62965.8,62951.8,62964.5,19.2096
2026-08-15 12:30:00+00:00,62964.5,62964.7,62929.9,62933.9,39.6021
2026-08-15 12:45:00+00:00,62933.9,63030.2,62920.8,63028.6,39.082
2026-08-15 13:00:00+00:00,63028.6,63058.2,62992.1,63044.2,72.8852
2026-08-15 13:15:00+00:00,63044.2,63052.7,63004.0,63007.1,52.2984
2026-08-15 13:30:00+00:00,63007.1,63022.1,63000.0,63001.0,23.9021
2026-08-15 13:45:00+00:00,63001.0,63030.8,63000.9,63030.7,37.8826
2026-08-15 14:00:00+00:00,63030.7,63030.9,63003.9,63018.1,24.1194
2026-08-15 14:15:00+00:00,63018.1,63018.2,62961.9,63006.2,39.4407
2026-08-15 14:30:00+00:00,63006.2,63015.4,63002.0,63011.5,22.431
2026-08-15 14:45:00+00:00,63011.5,63026.1,63011.4,63011.5,31.495
2026-08-15 15:00:00+00:00,63011.5,63016.7,63009.6,63009.8,30.1473
2026-08-15 15:15:00+00:00,63009.8,63056.3,62997.8,63042.5,59.3726
2026-08-15 15:30:00+00:00,63042.5,63096.6,63042.5,63081.8,73.6161
2026-08-15 15:45:00+00:00,63081.8,63081.9,63067.7,63067.8,43.3078
2026-08-15 16:00:00+00:00,63067.8,63069.2,63042.6,63049.9,30.7896
2026-08-15 16:15:00+00:00,63049.9,63090.1,63032.6,63090.1,32.1754
2026-08-15 16:30:00+00:00,63090.1,63096.5,63059.2,63062.0,61.9343
2026-08-15 16:45:00+00:00,63062.0,63074.9,63057.9,63066.2,31.7409
2026-08-15 17:00:00+00:00,63066.2,63069.8,63066.0,63069.7,14.2409
2026-08-15 17:15:00+00:00,63069.7,63077.5,63032.0,63038.9,47.7681
2026-08-15 17:30:00+00:00,63038.9,63043.6,63038.2,63039.7,15.0363
2026-08-15 17:45:00+00:00,63039.7,63043.4,63032.0,63043.3,14.9578
2026-08-15 18:00:00+00:00,63043.3,63082.9,63039.1,63065.9,27.2659
2026-08-15 18:15:00+00:00,63065.9,63071.4,63015.5,63018.9,39.2208
2026-08-15 18:30:00+00:00,63018.9,63022.5,63015.2,63015.2,16.8376
2026-08-15 18:45:00+00:00,63015.2,63026.3,63011.8,63026.2,19.4022
2026-08-15 19:00:00+00:00,63026.2,63056.8,63026.1,63055.2,1785.9997
2026-08-15 19:15:00+00:00,63055.2,63092.3,63055.1,63067.8,55.0042
2026-08-15 19:30:00+00:00,63067.8,63091.9,63067.7,63079.2,22.241
2026-08-15 19:45:00+00:00,63079.2,63093.5,63079.1,63093.4,13.7045
2026-08-15 20:00:00+00:00,63093.4,63093.5,63043.8,63050.6,27.8132
2026-08-15 20:15:00+00:00,63050.6,63050.8,63040.2,63047.8,17.9247
2026-08-15 20:30:00+00:00,63047.8,63056.0,63043.1,63055.9,15.2908
2026-08-15 20:45:00+00:00,63055.9,63077.1,63055.8,63077.0,17.1844
2026-08-15 21:00:00+00:00,63077.0,63077.6,63068.9,63077.5,16.591
2026-08-15 21:15:00+00:00,63077.5,63117.1,63077.4,63117.0,31.8405
2026-08-15 21:30:00+00:00,63117.0,63138.1,63108.1,63138.0,26.4837
2026-08-15 21:45:00+00:00,63138.0,63138.0,63117.8,63123.8,114.546
2026-08-15 22:00:00+00:00,63123.8,63135.2,63116.0,63116.9,37.0473
2026-08-15 22:15:00+00:00,63116.9,63119.6,63096.6,63119.5,22.1851
2026-08-15 22:30:00+00:00,63119.5,63122.3,63119.5,63121.8,16.5989
2026-08-15 22:45:00+00:00,63121.8,63141.6,63099.2,63100.0,30.3074
2026-08-15 23:00:00+00:00,63100.0,63110.4,63076.9,63102.6,39.473
2026-08-15 23:15:00+00:00,63102.6,63102.6,63079.7,63079.8,17.8117
2026-08-15 23:30:00+00:00,63079.8,63079.8,63065.8,63076.4,14.496
2026-08-15 23:45:00+00:00,63076.4,63076.4,63050.2,63054.0,19.0782
2026-08-16 00:00:00+00:00,63054.0,63054.1,63035.1,63041.1,26.7391
2026-08-16 00:15:00+00:00,63041.1,63042.4,63041.0,63041.1,23.8294
2026-08-16 00:30:00+00:00,63041.1,63043.9,63033.1,63041.6,30.9839
2026-08-16 00:45:00+00:00,63041.6,63057.6,63036.1,63051.3,24.817
2026-08-16 01:00:00+00:00,63051.3,63051.3,63017.1,63020.8,20.6812
2026-08-16 01:15:00+00:00,63020.8,63045.2,63018.0,63025.1,22.2066
2026-08-16 01:30:00+00:00,63025.1,63041.3,62976.0,63041.2,60.0903
2026-08-16 01:45:00+00:00,63041.2,63052.1,63019.7,63051.2,29.5065
2026-08-16 02:00:00+00:00,63051.2,63051.2,62988.9,62995.5,24.21
2026-08-16 02:15:00+00:00,62995.5,63087.1,62995.4,63085.8,50.1207
2026-08-16 02:30:00+00:00,63085.8,63131.4,63081.7,63129.5,31.2259
2026-08-16 02:45:00+00:00,63129.5,63129.6,63085.3,63092.3,37.6249
2026-08-16 03:00:00+00:00,63092.3,63101.5,63088.5,63088.6,23.6784
2026-08-16 03:15:00+00:00,63088.6,63090.5,63080.5,63090.0,19.0731
2026-08-16 03:30:00+00:00,63090.0,63090.9,63089.6,63090.8,14.2688
2026-08-16 03:45:00+00:00,63090.8,63096.7,63090.7,63096.6,13.2413
2026-08-16 04:00:00+00:00,63096.6,63099.8,63096.4,63099.8,23.8061
2026-08-16 04:15:00+00:00,63099.8,63122.5,63099.6,63122.5,23.7689
2026-08-16 04:30:00+00:00,63122.5,63122.6,63090.6,63090.7,17.5441
2026-08-16 04:45:00+00:00,63090.7,63094.1,63056.3,63056.3,27.3777
2026-08-16 05:00:00+00:00,63056.3,63068.2,63041.7,63066.2,25.1737
2026-08-16 05:15:00+00:00,63066.2,63066.3,63035.8,63037.7,20.6765
2026-08-16 05:30:00+00:00,63037.7,63050.7,63026.5,63028.8,30.9454
2026-08-16 05:45:00+00:00,63028.8,63043.6,63007.3,63027.8,73.6765
2026-08-16 06:00:00+00:00,63027.8,63042.3,63012.2,63016.1,54.1823
2026-08-16 06:15:00+00:00,63016.1,63040.2,63016.1,63040.2,37.8402
2026-08-16 06:30:00+00:00,63040.2,63040.2,63029.0,63033.3,13.0935
2026-08-16 06:45:00+00:00,63033.3,63056.1,63033.3,63036.3,17.671
2026-08-16 07:00:00+00:00,63036.3,63036.4,63024.6,63024.7,16.1752
2026-08-16 07:15:00+00:00,63024.7,63035.2,63024.6,63034.9,16.9221
2026-08-16 07:30:00+00:00,63034.9,63035.0,63027.7,63027.8,18.286
2026-08-16 07:45:00+00:00,63027.8,63034.2,63027.7,63034.1,13.8459
2026-08-16 08:00:00+00:00,63034.1,63042.5,63030.1,63030.1,22.6081
2026-08-16 08:15:00+00:00,63030.1,63043.1,63030.0,63042.9,21.0487
2026-08-16 08:30:00+00:00,63042.9,63045.1,63037.3,63039.3,13.738
2026-08-16 08:45:00+00:00,63039.3,63039.4,63039.2,63039.3,12.6486
2026-08-16 09:00:00+00:00,63039.3,63039.4,63039.2,63039.3,16.0031
2026-08-16 09:15:00+00:00,63039.3,63039.4,63039.2,63039.3,15.1165
2026-08-16 09:30:00+00:00,63039.3,63039.4,62964.7,62964.9,48.2123
2026-08-16 09:45:00+00:00,62964.9,62986.7,62935.9,62957.3,73.3313
2026-08-16 10:00:00+00:00,62957.3,62966.1,62929.7,62955.8,46.861
2026-08-16 10:15:00+00:00,62955.8,62982.0,62955.7,62981.8,22.0251
2026-08-16 10:30:00+00:00,62981.8,62982.6,62973.6,62979.6,15.5641
2026-08-16 10:45:00+00:00,62979.6,62979.7,62979.5,62979.6,12.9368
2026-08-16 11:00:00+00:00,62979.6,62979.7,62974.4,62974.5,16.4395
2026-08-16 11:15:00+00:00,62974.5,62977.3,62946.6,62958.3,33.1096
2026-08-16 11:30:00+00:00,62958.3,62969.3,62956.2,62963.8,15.9044
2026-08-16 11:45:00+00:00,62963.8,62981.2,62949.2,62981.2,42.1578
2026-08-16 12:00:00+00:00,62981.2,62998.9,62981.2,62990.4,21.5578
2026-08-16 12:15:00+00:00,62990.4,62990.6,62990.3,62990.4,18.5575
2026-08-16 12:30:00+00:00,62990.4,62990.5,62959.2,62962.4,27.342
2026-08-16 12:45:00+00:00,62962.4,62987.9,62962.3,62986.5,46.5236
2026-08-16 13:00:00+00:00,62986.5,63035.2,62986.4,63035.0,39.078
2026-08-16 13:15:00+00:00,63035.0,63041.1,63035.0,63040.2,24.7184
2026-08-16 13:30:00+00:00,63040.2,63040.4,63035.6,63039.6,22.0802
2026-08-16 13:45:00+00:00,63039.6,63039.8,63035.6,63035.7,19.547
2026-08-16 14:00:00+00:00,63035.7,63035.7,63031.4,63031.6,20.8596
2026-08-16 14:15:00+00:00,63031.6,63076.0,63031.5,63045.6,56.9283
2026-08-16 14:30:00+00:00,63045.6,63072.8,63040.7,63071.7,29.0759
2026-08-16 14:45:00+00:00,63071.7,63078.1,63071.0,63078.0,17.2481
2026-08-16 15:00:00+00:00,63078.0,63091.3,63077.5,63081.2,28.9942
2026-08-16 15:15:00+00:00,63081.2,63087.1,63081.1,63087.0,18.9463
2026-08-16 15:30:00+00:00,63087.0,63111.8,63087.0,63089.0,43.632
2026-08-16 15:45:00+00:00,63089.0,63113.4,63088.2,63113.3,40.4712
2026-08-16 16:00:00+00:00,63113.3,63189.2,63107.9,63181.7,178.9235
2026-08-16 16:15:00+00:00,63181.7,63329.0,63175.2,63294.3,457.6084
2026-08-16 16:30:00+00:00,63294.3,63369.3,63260.3,63260.4,196.6299
2026-08-16 16:45:00+00:00,63260.4,63261.5,63168.3,63232.4,149.1249
2026-08-16 17:00:00+00:00,63232.4,63247.1,63186.8,63191.9,62.6604
2026-08-16 17:15:00+00:00,63191.9,63209.5,63154.6,63165.7,49.1347
2026-08-16 17:30:00+00:00,63165.7,63166.5,63096.3,63096.3,107.0013
2026-08-16 17:45:00+00:00,63096.3,63139.0,63093.8,63130.5,32.0479
2026-08-16 18:00:00+00:00,63130.5,63141.9,63091.6,63113.0,116.7094
2026-08-16 18:15:00+00:00,63113.0,63148.0,63112.7,63129.1,38.4319
2026-08-16 18:30:00+00:00,63129.1,63129.2,63113.5,63113.5,16.5725
2026-08-16 18:45:00+00:00,63113.5,63117.8,63111.6,63111.7,16.6946
2026-08-16 19:00:00+00:00,63111.7,63161.6,63111.6,63149.3,69.2507
2026-08-16 19:15:00+00:00,63149.3,63193.4,63149.3,63188.5,85.2945
2026-08-16 19:30:00+00:00,63188.5,63201.6,63124.2,63132.5,63.0857
2026-08-16 19:45:00+00:00,63132.5,63147.7,63065.1,63082.1,102.2238
2026-08-16 20:00:00+00:00,63082.1,63116.8,63082.1,63105.3,37.0384
2026-08-16 20:15:00+00:00,63105.3,63105.4,63064.0,63067.6,34.4739
2026-08-16 20:30:00+00:00,63067.6,63087.5,63014.0,63043.0,56.4987
2026-08-16 20:45:00+00:00,63043.0,63047.2,62993.2,63041.1,61.9271
2026-08-16 21:00:00+00:00,63041.1,63042.6,62999.9,63035.0,49.753
2026-08-16 21:15:00+00:00,63035.0,63059.2,63000.2,63003.5,54.7596
2026-08-16 21:30:00+00:00,63003.5,63015.0,62710.7,62907.2,695.7175
2026-08-16 21:45:00+00:00,62907.2,62954.9,62851.1,62900.0,169.1058
2026-08-16 22:00:00+00:00,62900.0,62902.3,62758.6,62899.5,307.1857
2026-08-16 22:15:00+00:00,62899.5,62930.1,62804.6,62821.8,151.4825
2026-08-16 22:30:00+00:00,62821.8,62821.8,62681.4,62767.6,458.8412
2026-08-16 22:45:00+00:00,62767.6,62884.9,62706.9,62884.9,158.7889
2026-08-16 23:00:00+00:00,62884.9,62967.1,62815.0,62815.1,178.1579
2026-08-16 23:15:00+00:00,62815.1,62894.0,62803.4,62825.4,163.2989
2026-08-16 23:30:00+00:00,62825.4,62874.7,62807.2,62874.7,101.9718
2026-08-16 23:45:00+00:00,62874.7,62906.8,62853.4,62876.0,64.2265
2026-08-17 00:00:00+00:00,62876.0,62911.0,62833.5,62888.2,109.5023
2026-08-17 00:15:00+00:00,62888.2,62888.2,62732.9,62845.0,304.8272
2026-08-17 00:30:00+00:00,62845.0,62936.4,62724.0,62926.2,331.1743
2026-08-17 00:45:00+00:00,62926.2,62926.2,62815.7,62887.4,212.4747
2026-08-17 01:00:00+00:00,62887.4,63164.3,62867.1,63029.9,692.4396
2026-08-17 01:15:00+00:00,63029.9,63139.8,63002.1,63099.1,278.4933
2026-08-17 01:30:00+00:00,63099.1,63229.7,63099.1,63191.0,289.3415
2026-08-17 01:45:00+00:00,63191.0,63211.9,63083.5,63083.5,173.6279
2026-08-17 02:00:00+00:00,63083.5,63103.8,63007.9,63053.1,133.374
2026-08-17 02:15:00+00:00,63053.1,63184.1,63018.0,63159.6,137.5877
2026-08-17 02:30:00+00:00,63159.6,63343.3,63105.7,63235.4,662.9816
2026-08-17 02:45:00+00:00,63235.4,63480.8,63227.9,63382.4,533.3118
2026-08-17 03:00:00+00:00,63382.4,63426.4,63336.2,63389.4,266.4905
2026-08-17 03:15:00+00:00,63389.4,63394.7,63319.4,63328.0,132.5889
2026-08-17 03:30:00+00:00,63328.0,63358.3,63314.6,63326.8,93.0121
2026-08-17 03:45:00+00:00,63326.8,63497.9,63322.4,63409.4,224.4207
2026-08-17 04:00:00+00:00,63409.4,63499.7,63409.3,63460.6,292.9521
2026-08-17 04:15:00+00:00,63460.6,63499.8,63441.5,63480.5,166.9004
2026-08-17 04:30:00+00:00,63480.5,63498.0,63441.9,63466.3,238.9645
2026-08-17 04:45:00+00:00,63466.3,63563.7,63466.3,63512.2,214.4759
2026-08-17 05:00:00+00:00,63512.2,63517.3,63418.4,63504.6,163.2499
2026-08-17 05:15:00+00:00,63504.6,63572.0,63453.4,63460.0,121.1513
2026-08-17 05:30:00+00:00,63460.0,63475.2,63414.0,63438.3,50.5167
2026-08-17 05:45:00+00:00,63438.3,63500.0,63426.7,63487.9,47.8518
2026-08-17 06:00:00+00:00,63487.9,63590.2,63447.6,63547.4,193.8681
2026-08-17 06:15:00+00:00,63547.4,63564.9,63530.7,63555.0,56.3691
2026-08-17 06:30:00+00:00,63555.0,63576.4,63539.5,63574.8,52.6837
2026-08-17 06:45:00+00:00,63574.8,63691.3,63574.6,63633.0,355.2923
2026-08-17 07:00:00+00:00,63633.0,63636.3,63537.7,63557.3,123.6156
2026-08-17 07:15:00+00:00,63557.3,63557.3,63498.0,63555.6,94.4027
2026-08-17 07:30:00+00:00,63555.6,63555.6,63511.6,63511.6,53.024
2026-08-17 07:45:00+00:00,63511.6,63531.5,63493.3,63493.8,69.6271
2026-08-17 08:00:00+00:00,63493.8,63524.8,63390.7,63400.0,179.0191
2026-08-17 08:15:00+00:00,63400.0,63425.9,63376.0,63397.7,110.4602
2026-08-17 08:30:00+00:00,63397.7,63414.4,63345.0,63345.0,62.6812
2026-08-17 08:45:00+00:00,63345.0,63381.4,63320.0,63350.2,86.3395
2026-08-17 09:00:00+00:00,63350.2,63395.3,63350.2,63393.6,49.6663
2026-08-17 09:15:00+00:00,63393.6,63404.6,63299.9,63346.2,83.6308
2026-08-17 09:30:00+00:00,63346.2,63346.2,63276.4,63279.7,74.1342
2026-08-17 09:45:00+00:00,63279.7,63296.3,63257.2,63289.8,95.1159
2026-08-17 10:00:00+00:00,63289.8,63305.8,63265.1,63302.9,119.5283
2026-08-17 10:15:00+00:00,63302.9,63424.0,63271.8,63423.9,91.2685
2026-08-17 10:30:00+00:00,63423.9,63617.2,63418.5,63608.8,503.5769
2026-08-17 10:45:00+00:00,63608.8,63670.8,63565.4,63661.5,319.662
2026-08-17 11:00:00+00:00,63661.5,63689.1,63615.1,63635.6,374.6915
2026-08-17 11:15:00+00:00,63635.6,63668.7,63611.3,63637.6,130.442
2026-08-17 11:30:00+00:00,63637.6,63676.0,63637.5,63667.9,78.7886
2026-08-17 11:45:00+00:00,63667.9,63753.2,63556.0,63599.6,345.6293
2026-08-17 12:00:00+00:00,63599.6,63655.2,63549.4,63638.3,223.0222
2026-08-17 12:15:00+00:00,63638.3,63638.4,63502.1,63552.1,311.9997
2026-08-17 12:30:00+00:00,63552.1,63619.1,63502.1,63539.5,234.3241
2026-08-17 12:45:00+00:00,63539.5,63606.6,63526.1,63526.2,337.5271
2026-08-17 13:00:00+00:00,63526.2,63554.9,63479.8,63535.3,131.575
2026-08-17 13:15:00+00:00,63535.3,63535.3,63412.2,63470.5,168.9366
2026-08-17 13:30:00+00:00,63470.5,63776.0,63451.3,63626.7,867.8733
2026-08-17 13:45:00+00:00,63626.7,63704.7,63566.7,63646.5,416.4673
2026-08-17 14:00:00+00:00,63646.5,63706.3,63556.7,63669.6,400.8194
2026-08-17 14:15:00+00:00,63669.6,63716.1,63560.9,63593.6,317.1767
2026-08-17 14:30:00+00:00,63593.6,63676.9,63559.8,63593.3,245.0836
2026-08-17 14:45:00+00:00,63593.3,63879.6,63583.1,63871.4,428.6237
2026-08-17 15:00:00+00:00,63871.4,63965.8,63830.0,63842.6,614.4733
2026-08-17 15:15:00+00:00,63842.6,64073.2,63779.0,64022.7,789.7385
2026-08-17 15:30:00+00:00,64022.7,64096.9,63956.0,64053.2,426.5722
2026-08-17 15:45:00+00:00,64053.2,64199.9,64051.2,64169.8,422.6676
2026-08-17 16:00:00+00:00,64169.8,64184.8,64037.0,64044.2,367.0769
2026-08-17 16:15:00+00:00,64044.2,64114.8,64023.5,64062.4,292.3732
2026-08-17 16:30:00+00:00,64062.4,64147.5,64044.3,64051.6,140.6525
2026-08-17 16:45:00+00:00,64051.6,64110.5,64035.7,64082.2,160.2325
2026-08-17 17:00:00+00:00,64082.2,64086.1,63949.7,63949.9,137.107
2026-08-17 17:15:00+00:00,63949.9,64388.6,63944.2,64169.9,1289.671
2026-08-17 17:30:00+00:00,64169.9,64250.8,64030.0,64184.1,559.9796
2026-08-17 17:45:00+00:00,64184.1,64310.4,64184.1,64293.2,464.8076
2026-08-17 18:00:00+00:00,64293.2,64357.9,64244.0,64341.2,387.294
2026-08-17 18:15:00+00:00,64341.2,64592.3,64337.5,64459.1,1863.065
2026-08-17 18:30:00+00:00,64459.1,64479.8,64364.1,64427.9,276.3986
2026-08-17 18:45:00+00:00,64427.9,64455.5,64380.1,64402.4,229.867
2026-08-17 19:00:00+00:00,64402.4,64402.4,64289.4,64298.9,258.3955
2026-08-17 19:15:00+00:00,64298.9,64388.2,64298.1,64369.7,186.0353
2026-08-17 19:30:00+00:00,64369.7,64387.8,64308.6,64341.2,130.5041
2026-08-17 19:45:00+00:00,64341.2,64341.2,64257.9,64280.3,76.9573
2026-08-17 20:00:00+00:00,64280.3,64284.6,64231.4,64284.5,124.7561
2026-08-17 20:15:00+00:00,64284.5,64413.9,64265.6,64386.0,150.4512
2026-08-17 20:30:00+00:00,64386.0,64386.0,64322.7,64361.8,86.1242
2026-08-17 20:45:00+00:00,64361.8,64380.0,64298.6,64360.5,103.5283
2026-08-17 21:00:00+00:00,64360.5,64405.4,64335.6,64347.2,98.2846
2026-08-17 21:15:00+00:00,64347.2,64381.2,64300.0,64302.6,43.2548
2026-08-17 21:30:00+00:00,64302.6,64350.5,64269.3,64307.3,87.0337
2026-08-17 21:45:00+00:00,64307.3,64365.1,64307.2,64349.9,94.1709
2026-08-17 22:00:00+00:00,64349.9,64389.8,64279.6,64283.2,132.0072
2026-08-17 22:15:00+00:00,64283.2,64317.9,64260.2,64264.4,84.574
2026-08-17 22:30:00+00:00,64264.4,64311.8,64247.6,64277.7,59.0001
2026-08-17 22:45:00+00:00,64277.7,64288.8,64258.1,64267.0,45.0304
2026-08-17 23:00:00+00:00,64267.0,64349.3,64260.6,64334.8,66.153
2026-08-17 23:15:00+00:00,64334.8,64459.7,64334.6,64459.7,118.1957
2026-08-17 23:30:00+00:00,64459.7,64538.9,64428.3,64446.8,174.943
2026-08-17 23:45:00+00:00,64446.8,64555.0,64442.8,64503.8,221.3876
2026-08-18 00:00:00+00:00,64503.8,64540.7,64386.4,64413.8,101.036
2026-08-18 00:15:00+00:00,64413.8,64476.6,64413.7,64429.6,138.4424
2026-08-18 00:30:00+00:00,64429.6,64430.1,64355.2,64368.1,118.9135
2026-08-18 00:45:00+00:00,64368.1,64372.0,64329.7,64356.8,135.3693
2026-08-18 01:00:00+00:00,64356.8,64360.0,64261.1,64316.9,158.9679
2026-08-18 01:15:00+00:00,64316.9,64331.1,64274.9,64297.0,113.8503
2026-08-18 01:30:00+00:00,64297.0,64318.1,64210.9,64250.3,94.9653
2026-08-18 01:45:00+00:00,64250.3,64250.3,64117.0,64175.1,208.0341
2026-08-18 02:00:00+00:00,64175.1,64246.1,64149.9,64150.1,120.5971
2026-08-18 02:15:00+00:00,64150.1,64177.9,64121.6,64124.4,129.5229
2026-08-18 02:30:00+00:00,64124.4,64178.8,64089.1,64092.5,132.2306
2026-08-18 02:45:00+00:00,64092.5,64110.0,64008.4,64073.8,406.4071
2026-08-18 03:00:00+00:00,64073.8,64105.7,64053.6,64057.7,85.1603
2026-08-18 03:15:00+00:00,64057.7,64116.0,64057.6,64079.6,177.2429
2026-08-18 03:30:00+00:00,64079.6,64152.3,64010.8,64152.0,131.8067
2026-08-18 03:45:00+00:00,64152.0,64156.6,64110.4,64147.5,61.5465
2026-08-18 04:00:00+00:00,64147.5,64147.5,64055.0,64111.5,155.6172
2026-08-18 04:15:00+00:00,64111.5,64126.4,64088.9,64126.4,40.7653
2026-08-18 04:30:00+00:00,64126.4,64214.9,64126.4,64187.0,152.3205
2026-08-18 04:45:00+00:00,64187.0,64197.6,64155.4,64184.5,57.3812
2026-08-18 05:00:00+00:00,64184.5,64245.7,64149.6,64204.4,150.5454
2026-08-18 05:15:00+00:00,64204.4,64227.6,64179.7,64220.7,89.0836
2026-08-18 05:30:00+00:00,64220.7,64225.2,64107.1,64221.0,100.0509
2026-08-18 05:45:00+00:00,64221.0,64221.0,64169.5,64202.6,77.7797
2026-08-18 06:00:00+00:00,64202.6,64246.0,64129.9,64204.0,104.0189
2026-08-18 06:15:00+00:00,64204.0,64332.1,64203.9,64314.3,138.1638
2026-08-18 06:30:00+00:00,64314.3,64424.9,64314.3,64408.7,151.9953
2026-08-18 06:45:00+00:00,64408.7,64412.3,64247.4,64297.6,145.516
2026-08-18 07:00:00+00:00,64297.6,64322.1,64255.6,64312.8,99.0245
2026-08-18 07:15:00+00:00,64312.8,64329.7,64252.0,64252.1,68.6057
2026-08-18 07:30:00+00:00,64252.1,64253.9,64209.6,64220.0,80.2222
2026-08-18 07:45:00+00:00,64220.0,64220.1,64135.9,64170.9,74.2615
2026-08-18 08:00:00+00:00,64170.9,64186.6,64056.8,64130.5,229.7535
2026-08-18 08:15:00+00:00,64130.5,64212.1,64130.5,64185.1,99.5716
2026-08-18 08:30:00+00:00,64185.1,64310.0,64175.0,64261.4,103.7911
2026-08-18 08:45:00+00:00,64261.4,64264.3,64212.5,64264.2,55.1599
2026-08-18 09:00:00+00:00,64264.2,64264.2,64199.9,64213.5,65.1188
2026-08-18 09:15:00+00:00,64213.5,64213.5,64122.5,64132.9,53.5662
2026-08-18 09:30:00+00:00,64132.9,64161.9,64112.0,64130.9,52.3091
2026-08-18 09:45:00+00:00,64130.9,64160.0,64108.1,64141.1,89.8763
2026-08-18 10:00:00+00:00,64141.1,64181.8,64101.9,64128.8,149.2572
2026-08-18 10:15:00+00:00,64128.8,64149.9,64100.2,64137.1,45.9282
2026-08-18 10:30:00+00:00,64137.1,64194.6,64137.0,64160.6,68.7995
2026-08-18 10:45:00+00:00,64160.6,64183.4,64158.7,64172.0,30.8828
2026-08-18 11:00:00+00:00,64172.0,64305.5,64161.7,64300.1,383.9542
2026-08-18 11:15:00+00:00,64300.1,64355.4,64300.1,64345.8,144.3826
2026-08-18 11:30:00+00:00,64345.8,64370.3,64313.4,64358.7,79.2331
2026-08-18 11:45:00+00:00,64358.7,64379.9,64310.1,64325.8,76.7928
2026-08-18 12:00:00+00:00,64325.8,64328.0,64255.7,64269.8,81.4742
2026-08-18 12:15:00+00:00,64269.8,64309.6,64253.2,64274.8,128.86
2026-08-18 12:30:00+00:00,64274.8,64274.8,64221.8,64221.9,83.2144
2026-08-18 12:45:00+00:00,64221.9,64226.6,64190.2,64194.3,103.5375
2026-08-18 13:00:00+00:00,64194.3,64194.3,64129.8,64162.7,133.1227
2026-08-18 13:15:00+00:00,64162.7,64162.8,64027.6,64042.6,219.9429
2026-08-18 13:30:00+00:00,64042.6,64222.5,64004.4,64160.0,900.9897
2026-08-18 13:45:00+00:00,64160.0,64261.7,64084.8,64187.8,382.7596
2026-08-18 14:00:00+00:00,64187.8,64349.9,64187.6,64230.5,406.8667
2026-08-18 14:15:00+00:00,64230.5,65005.5,64223.8,64962.3,2279.918
2026-08-18 14:30:00+00:00,64962.3,65023.9,64706.9,64754.3,1068.1081
2026-08-18 14:45:00+00:00,64754.3,64817.8,64630.8,64683.7,498.9591
2026-08-18 15:00:00+00:00,64683.7,64780.2,64615.1,64707.4,385.9151
2026-08-18 15:15:00+00:00,64707.4,64807.4,64685.9,64770.1,306.8774
2026-08-18 15:30:00+00:00,64770.1,64848.8,64760.8,64783.2,275.3385
2026-08-18 15:45:00+00:00,64783.2,64860.4,64765.3,64824.0,161.7501
2026-08-18 16:00:00+00:00,64824.0,64861.2,64713.2,64720.6,235.9403
2026-08-18 16:15:00+00:00,64720.6,64724.9,64662.7,64674.3,103.644
2026-08-18 16:30:00+00:00,64674.3,64791.7,64643.3,64758.8,178.1156
2026-08-18 16:45:00+00:00,64758.8,64842.9,64750.3,64804.7,127.1309
2026-08-18 17:00:00+00:00,64804.7,64805.1,64742.8,64771.6,102.3002
2026-08-18 17:15:00+00:00,64771.6,64799.6,64728.0,64797.9,79.4279
2026-08-18 17:30:00+00:00,64797.9,64803.3,64673.1,64692.2,427.2637
2026-08-18 17:45:00+00:00,64692.2,64701.6,64634.5,64634.6,75.7731
2026-08-18 18:00:00+00:00,64634.6,64708.3,64622.4,64704.4,78.5757
2026-08-18 18:15:00+00:00,64704.4,64779.6,64694.3,64762.6,75.7915
2026-08-18 18:30:00+00:00,64762.6,64793.9,64727.1,64731.9,81.877
2026-08-18 18:45:00+00:00,64731.9,64776.5,64720.2,64744.6,55.2611
2026-08-18 19:00:00+00:00,64744.6,64744.7,64682.7,64692.3,54.1102
2026-08-18 19:15:00+00:00,64692.3,64773.2,64673.9,64749.8,49.5935
2026-08-18 19:30:00+00:00,64749.8,64756.7,64643.1,64643.1,80.7371
2026-08-18 19:45:00+00:00,64643.1,64659.0,64611.6,64619.5,103.0826
2026-08-18 20:00:00+00:00,64619.5,64631.2,64556.6,64625.3,161.5183
2026-08-18 20:15:00+00:00,64625.3,64625.4,64580.6,64582.7,52.5134
2026-08-18 20:30:00+00:00,64582.7,64623.5,64572.1,64576.3,47.6342
2026-08-18 20:45:00+00:00,64576.3,64589.5,64530.5,64547.6,114.5012
2026-08-18 21:00:00+00:00,64547.6,64625.2,64547.6,64596.5,48.8677
2026-08-18 21:15:00+00:00,64596.5,64600.3,64574.4,64594.3,25.0127
2026-08-18 21:30:00+00:00,64594.3,64594.3,64533.6,64555.0,84.7316
2026-08-18 21:45:00+00:00,64555.0,64580.9,64546.5,64576.3,154.9773
2026-08-18 22:00:00+00:00,64576.3,64581.0,64538.0,64542.2,89.7101
2026-08-18 22:15:00+00:00,64542.2,64579.6,64531.5,64565.2,51.7795
2026-08-18 22:30:00+00:00,64565.2,64622.2,64565.2,64606.4,63.3019
2026-08-18 22:45:00+00:00,64606.4,64607.4,64568.8,64607.3,39.0774
2026-08-18 23:00:00+00:00,64607.3,64688.3,64598.8,64667.3,93.457
2026-08-18 23:15:00+00:00,64667.3,64707.6,64667.3,64690.9,48.4838
2026-08-18 23:30:00+00:00,64690.9,64750.3,64690.8,64742.2,57.2909
2026-08-18 23:45:00+00:00,64742.2,64751.4,64694.3,64694.3,92.3719
2026-08-19 00:00:00+00:00,64694.3,64706.1,64550.2,64550.4,143.3287
2026-08-19 00:15:00+00:00,64550.4,64640.3,64512.4,64572.4,179.0471
2026-08-19 00:30:00+00:00,64572.4,64626.2,64512.5,64527.6,110.9569
2026-08-19 00:45:00+00:00,64527.6,64553.3,64451.5,64459.4,185.1069
2026-08-19 01:00:00+00:00,64459.4,64518.0,64405.4,64496.1,251.772
2026-08-19 01:15:00+00:00,64496.1,64505.1,64413.5,64455.6,181.2751
2026-08-19 01:30:00+00:00,64455.6,64463.9,64362.7,64387.6,152.6072
2026-08-19 01:45:00+00:00,64387.6,64418.2,64356.7,64371.9,105.4383
2026-08-19 02:00:00+00:00,64371.9,64381.9,64325.7,64370.5,153.2479
2026-08-19 02:15:00+00:00,64370.5,64389.2,64315.3,64363.3,130.3371
2026-08-19 02:30:00+00:00,64363.3,64383.5,64344.8,64360.5,57.1527
2026-08-19 02:45:00+00:00,64360.5,64388.5,64316.2,64322.5,59.0797
2026-08-19 03:00:00+00:00,64322.5,64333.5,64251.9,64321.3,111.8209
2026-08-19 03:15:00+00:00,64321.3,64390.8,64321.1,64331.2,92.295
2026-08-19 03:30:00+00:00,64331.2,64337.2,64300.1,64312.0,67.3754
2026-08-19 03:45:00+00:00,64312.0,64347.6,64296.8,64296.8,61.7471
2026-08-19 04:00:00+00:00,64296.8,64300.1,64262.6,64282.1,49.6528
2026-08-19 04:15:00+00:00,64282.1,64367.8,64282.0,64327.8,249.8107
2026-08-19 04:30:00+00:00,64327.8,64342.4,64300.0,64315.2,58.1652
2026-08-19 04:45:00+00:00,64315.2,64341.1,64272.0,64285.6,51.0551
2026-08-19 05:00:00+00:00,64285.6,64384.4,64282.3,64371.0,123.9568
2026-08-19 05:15:00+00:00,64371.0,64371.0,64280.1,64326.2,77.7285
2026-08-19 05:30:00+00:00,64326.2,64331.8,64288.1,64288.2,257.2831
2026-08-19 05:45:00+00:00,64288.2,64292.0,64204.4,64209.3,119.3824
2026-08-19 06:00:00+00:00,64209.3,64222.6,64131.8,64150.1,142.8333
2026-08-19 06:15:00+00:00,64150.1,64278.9,64150.0,64243.2,159.5378
2026-08-19 06:30:00+00:00,64243.2,64268.0,64225.0,64241.1,71.3763
2026-08-19 06:45:00+00:00,64241.1,64321.3,64234.4,64315.3,121.932
2026-08-19 07:00:00+00:00,64315.3,64350.3,64243.9,64346.0,179.8566
2026-08-19 07:15:00+00:00,64346.0,64346.1,64279.4,64312.1,73.2169
2026-08-19 07:30:00+00:00,64312.1,64373.7,64307.1,64330.2,67.0471
2026-08-19 07:45:00+00:00,64330.2,64347.7,64266.0,64266.0,56.5037
2026-08-19 08:00:00+00:00,64266.0,64297.6,64227.7,64227.7,73.3996
2026-08-19 08:15:00+00:00,64227.7,64261.4,64219.5,64261.4,60.1329
2026-08-19 08:30:00+00:00,64261.4,64482.6,64261.0,64422.5,206.0352
2026-08-19 08:45:00+00:00,64422.5,64449.8,64384.9,64384.9,88.3481
2026-08-19 09:00:00+00:00,64384.9,64446.2,64360.3,64360.4,173.1776
2026-08-19 09:15:00+00:00,64360.4,64392.3,64341.9,64357.7,46.6292
2026-08-19 09:30:00+00:00,64357.7,64368.1,64327.6,64338.2,56.4282
2026-08-19 09:45:00+00:00,64338.2,64395.4,64334.5,64395.1,40.3581
2026-08-19 10:00:00+00:00,64395.1,64395.2,64340.8,64362.5,47.5687
2026-08-19 10:15:00+00:00,64362.5,64369.7,64334.0,64369.6,46.3867
2026-08-19 10:30:00+00:00,64369.6,64399.6,64344.8,64371.4,68.3588
2026-08-19 10:45:00+00:00,64371.4,64430.4,64365.1,64423.8,86.9425
2026-08-19 11:00:00+00:00,64423.8,64509.6,64417.4,64472.9,142.193
2026-08-19 11:15:00+00:00,64472.9,64502.3,64448.1,64473.9,105.8368
2026-08-19 11:30:00+00:00,64473.9,64498.1,64430.6,64437.3,86.386
2026-08-19 11:45:00+00:00,64437.3,64495.0,64437.3,64478.9,105.6079
2026-08-19 12:00:00+00:00,64478.9,64487.6,64439.6,64477.5,70.303
2026-08-19 12:15:00+00:00,64477.5,64479.7,64448.0,64458.4,1804.9371
2026-08-19 12:30:00+00:00,64458.4,64927.0,64449.6,64914.7,1586.9962
2026-08-19 12:45:00+00:00,64914.7,64961.3,64792.6,64857.0,757.6193
2026-08-19 13:00:00+00:00,64857.0,64968.3,64760.1,64890.5,621.052
2026-08-19 13:15:00+00:00,64890.5,65010.5,64889.6,64976.8,313.7648
2026-08-19 13:30:00+00:00,64976.8,65189.9,64779.4,65017.6,1744.6946
2026-08-19 13:45:00+00:00,65017.6,65157.0,64950.3,64984.0,1238.0797
2026-08-19 14:00:00+00:00,64984.0,65412.7,64984.0,65375.7,1560.71
2026-08-19 14:15:00+00:00,65375.7,65449.5,65293.4,65378.3,987.0134
2026-08-19 14:30:00+00:00,65378.3,65495.4,65318.0,65430.3,768.6176
2026-08-19 14:45:00+00:00,65430.3,65948.2,65418.3,65895.4,2254.557
2026-08-19 15:00:00+00:00,65895.4,66767.2,65862.8,66620.9,4637.8955
2026-08-19 15:15:00+00:00,66620.9,70272.8,66546.4,68286.3,123139.2939
2026-08-19 15:30:00+00:00,68286.3,68833.9,67739.6,68651.2,16966.3483
2026-08-19 15:45:00+00:00,68651.2,68660.0,68206.6,68525.5,4798.9392
2026-08-19 16:00:00+00:00,68525.5,68990.6,68500.4,68535.3,4685.4837
2026-08-19 16:15:00+00:00,68535.3,68898.5,68535.3,68872.9,1379.9786
2026-08-19 16:30:00+00:00,68872.9,68872.9,68531.0,68563.1,1077.2082
2026-08-19 16:45:00+00:00,68563.1,68675.8,68384.3,68431.3,657.0349
2026-08-19 17:00:00+00:00,68431.3,68509.0,68190.3,68217.0,1398.724
2026-08-19 17:15:00+00:00,68217.0,68291.6,67817.9,67983.6,1304.7293
2026-08-19 17:30:00+00:00,67983.6,68029.9,67804.8,68029.8,1004.8305
2026-08-19 17:45:00+00:00,68029.8,68243.2,68019.2,68170.7,992.4699
2026-08-19 18:00:00+00:00,68170.7,68230.1,68010.2,68164.8,777.3554
2026-08-19 18:15:00+00:00,68164.8,68298.4,68150.3,68249.2,498.6967
2026-08-19 18:30:00+00:00,68249.2,68407.7,68197.3,68405.5,532.1767
2026-08-19 18:45:00+00:00,68405.5,68426.6,68291.1,68361.1,363.2944
2026-08-19 19:00:00+00:00,68361.1,68424.5,68077.9,68093.8,917.2874
2026-08-19 19:15:00+00:00,68093.8,68369.5,68093.8,68152.8,1011.0982
2026-08-19 19:30:00+00:00,68152.8,68379.5,68101.0,68370.0,583.7971
2026-08-19 19:45:00+00:00,68370.0,68459.9,68329.9,68403.3,502.4847
2026-08-19 20:00:00+00:00,68403.3,68681.9,68356.7,68650.0,789.4173
2026-08-19 20:15:00+00:00,68650.0,68783.7,68532.7,68673.3,649.251
2026-08-19 20:30:00+00:00,68673.3,68768.5,68609.7,68641.2,436.2295
2026-08-19 20:45:00+00:00,68641.2,69560.1,68586.7,69016.4,11060.8347
2026-08-19 21:00:00+00:00,69016.4,69897.1,68950.3,69407.0,9466.546
2026-08-19 21:15:00+00:00,69407.0,69738.6,69228.9,69607.9,4033.5994
2026-08-19 21:30:00+00:00,69607.9,69801.6,69339.7,69647.7,2663.1281
2026-08-19 21:45:00+00:00,69647.7,70039.4,69468.9,69685.7,4308.6039
2026-08-19 22:00:00+00:00,69685.7,69813.0,69266.3,69266.3,1705.7698
2026-08-19 22:15:00+00:00,69266.3,69379.5,69118.1,69118.6,934.0548
2026-08-19 22:30:00+00:00,69118.6,69450.1,68952.3,69317.9,1150.2617
2026-08-19 22:45:00+00:00,69317.9,69319.8,69077.6,69227.2,774.8828
2026-08-19 23:00:00+00:00,69227.2,69384.6,69182.7,69320.5,967.9473
2026-08-19 23:15:00+00:00,69320.5,69430.5,69237.9,69350.4,725.5562
2026-08-19 23:30:00+00:00,69350.4,69368.9,69214.9,69293.8,573.2975
2026-08-19 23:45:00+00:00,69293.8,69319.9,69130.4,69309.8,564.6415
2026-08-20 00:00:00+00:00,69309.8,69641.8,69290.0,69544.0,1111.167
2026-08-20 00:15:00+00:00,69544.0,69764.9,69526.5,69598.0,747.9913
2026-08-20 00:30:00+00:00,69598.0,69671.3,69449.0,69541.9,1000.1592
2026-08-20 00:45:00+00:00,69541.9,69692.5,69339.9,69389.4,773.2202
2026-08-20 01:00:00+00:00,69389.4,69488.3,69255.4,69344.1,648.5586
2026-08-20 01:15:00+00:00,69344.1,69418.4,69246.1,69303.8,491.4267
2026-08-20 01:30:00+00:00,69303.8,69616.1,69265.7,69611.3,611.6654
2026-08-20 01:45:00+00:00,69611.3,69866.6,69611.2,69691.5,731.3276
2026-08-20 02:00:00+00:00,69691.5,69799.7,69554.1,69661.0,683.9393
2026-08-20 02:15:00+00:00,69661.0,69688.3,69459.4,69486.3,501.6751
2026-08-20 02:30:00+00:00,69486.3,69527.8,69295.5,69299.1,571.5128
2026-08-20 02:45:00+00:00,69299.1,69354.0,69247.1,69288.2,869.1443
2026-08-20 03:00:00+00:00,69288.2,69293.9,68892.6,68977.4,781.0081
2026-08-20 03:15:00+00:00,68977.4,69193.5,68930.6,68962.8,644.8518
2026-08-20 03:30:00+00:00,68962.8,69198.6,68962.7,69182.2,482.6968
2026-08-20 03:45:00+00:00,69182.2,69341.7,69151.4,69183.3,429.3799
2026-08-20 04:00:00+00:00,69183.3,69375.9,69154.7,69362.6,394.9487
2026-08-20 04:15:00+00:00,69362.6,69395.8,69281.8,69352.9,230.5228
2026-08-20 04:30:00+00:00,69352.9,69376.8,69218.5,69338.3,234.5407
2026-08-20 04:45:00+00:00,69338.3,69599.0,69338.3,69480.0,785.3464
2026-08-20 05:00:00+00:00,69480.0,69549.5,69445.5,69455.1,259.739
2026-08-20 05:15:00+00:00,69455.1,69657.2,69439.3,69570.6,376.9262
2026-08-20 05:30:00+00:00,69570.6,69621.0,69509.8,69545.7,249.0504
2026-08-20 05:45:00+00:00,69545.7,69545.7,69349.6,69407.8,463.3607
2026-08-20 06:00:00+00:00,69407.8,69432.0,69349.8,69367.6,334.9831
2026-08-20 06:15:00+00:00,69367.6,69686.9,69330.4,69586.3,651.6007
2026-08-20 06:30:00+00:00,69586.3,69772.2,69582.0,69760.7,500.7567
2026-08-20 06:45:00+00:00,69760.7,69911.1,69755.8,69838.2,552.9923
2026-08-20 07:00:00+00:00,69838.2,69997.1,69735.5,69766.3,989.6844
2026-08-20 07:15:00+00:00,69766.3,69771.1,69585.8,69660.2,345.3727
2026-08-20 07:30:00+00:00,69660.2,69660.2,69481.9,69600.0,500.4517
2026-08-20 07:45:00+00:00,69600.0,69816.0,69550.9,69816.0,339.5079
2026-08-20 08:00:00+00:00,69816.0,71368.0,69772.1,71287.3,9656.3337
2026-08-20 08:15:00+00:00,71287.3,71569.1,71002.5,71326.2,6814.8326
2026-08-20 08:30:00+00:00,71326.2,71686.2,71149.5,71481.1,3459.9865
2026-08-20 08:45:00+00:00,71481.1,71799.6,71414.7,71560.2,3319.2015
2026-08-20 09:00:00+00:00,71560.2,71945.0,71458.3,71909.7,5017.1564
2026-08-20 09:15:00+00:00,71909.7,72057.7,71723.6,71799.8,2691.137
2026-08-20 09:30:00+00:00,71799.8,72048.3,71709.7,71971.7,1670.3555
2026-08-20 09:45:00+00:00,71971.7,72012.3,71666.8,71781.1,1025.6744
2026-08-20 10:00:00+00:00,71781.1,72176.2,71689.7,72122.2,2692.6173
2026-08-20 10:15:00+00:00,72122.2,72484.4,71943.1,72016.3,4280.9379
2026-08-20 10:30:00+00:00,72016.3,72023.0,71735.6,71787.3,1091.1255
2026-08-20 10:45:00+00:00,71787.3,71978.2,71787.3,71977.8,975.0767
2026-08-20 11:00:00+00:00,71977.8,72128.0,71806.9,71963.6,1060.4765
2026-08-20 11:15:00+00:00,71963.6,72023.8,71842.5,71866.3,637.4826
2026-08-20 11:30:00+00:00,71866.3,72299.9,71832.9,72117.3,1783.7205
2026-08-20 11:45:00+00:00,72117.3,72249.9,71783.2,71896.1,1178.6042
2026-08-20 12:00:00+00:00,71896.1,71954.9,71467.5,71769.9,1934.8369
2026-08-20 12:15:00+00:00,71769.9,71872.1,71660.4,71813.3,1101.4582
2026-08-20 12:30:00+00:00,71813.3,71990.8,71627.0,71652.3,1488.0034
2026-08-20 12:45:00+00:00,71652.3,71932.7,71435.5,71929.7,1454.3686
2026-08-20 13:00:00+00:00,71929.7,72099.3,71864.4,72035.6,1393.5306
2026-08-20 13:15:00+00:00,72035.6,72035.6,71797.8,71930.0,1421.399
2026-08-20 13:30:00+00:00,71930.0,71934.3,71101.0,71643.2,9417.1691
2026-08-20 13:45:00+00:00,71643.2,71827.1,71405.5,71663.0,2193.7787
2026-08-20 14:00:00+00:00,71663.0,71960.7,71571.4,71789.8,1619.7582
2026-08-20 14:15:00+00:00,71789.8,71797.8,71322.4,71417.4,1638.921
2026-08-20 14:30:00+00:00,71417.4,71685.5,71376.5,71516.7,1307.9299
2026-08-20 14:45:00+00:00,71516.7,71793.9,71378.0,71792.8,1161.161
2026-08-20 15:00:00+00:00,71792.8,72551.2,71759.9,72211.2,6491.4623
2026-08-20 15:15:00+00:00,72211.2,72390.6,71942.0,72383.1,2507.651
2026-08-20 15:30:00+00:00,72383.1,72815.6,72129.9,72206.3,3466.6766
2026-08-20 15:45:00+00:00,72206.3,72535.3,72130.0,72429.2,2009.8191
2026-08-20 16:00:00+00:00,72429.2,72481.7,72230.0,72279.1,1328.1352
2026-08-20 16:15:00+00:00,72279.1,72388.8,72160.2,72377.4,753.3007
2026-08-20 16:30:00+00:00,72377.4,72665.2,72248.5,72590.9,1917.276
2026-08-20 16:45:00+00:00,72590.9,72884.0,72485.2,72802.7,1452.4209
2026-08-20 17:00:00+00:00,72802.7,72843.0,72488.5,72658.5,1197.9362
2026-08-20 17:15:00+00:00,72658.5,72815.5,72525.0,72766.2,677.6199
2026-08-20 17:30:00+00:00,72766.2,72830.6,72631.0,72719.9,621.4095
2026-08-20 17:45:00+00:00,72719.9,72941.2,72672.6,72695.5,1090.9647
2026-08-20 18:00:00+00:00,72695.5,72779.8,72423.6,72579.8,1811.6962
2026-08-20 18:15:00+00:00,72579.8,72708.6,72455.6,72648.3,610.7006
2026-08-20 18:30:00+00:00,72648.3,72664.3,72352.3,72469.5,799.246
2026-08-20 18:45:00+00:00,72469.5,72592.6,72379.9,72398.2,708.3371
2026-08-20 19:00:00+00:00,72398.2,72476.0,72287.5,72450.0,583.1735
2026-08-20 19:15:00+00:00,72450.0,72599.9,72437.8,72565.3,346.9619
2026-08-20 19:30:00+00:00,72565.3,72748.1,72505.8,72680.2,519.8038
2026-08-20 19:45:00+00:00,72680.2,72720.8,72547.6,72648.6,647.6648
2026-08-20 20:00:00+00:00,72648.6,72753.0,72591.9,72664.2,339.9063
2026-08-20 20:15:00+00:00,72664.2,72886.9,72584.7,72794.8,544.33
2026-08-20 20:30:00+00:00,72794.8,73050.5,72667.0,72728.6,1897.2951
2026-08-20 20:45:00+00:00,72728.6,72748.0,72553.9,72638.3,427.6389
2026-08-20 21:00:00+00:00,72638.3,72664.0,72514.9,72662.5,351.4795
2026-08-20 21:15:00+00:00,72662.5,72818.9,72605.9,72623.7,545.9296
2026-08-20 21:30:00+00:00,72623.7,72798.8,72623.5,72708.7,261.0594
2026-08-20 21:45:00+00:00,72708.7,72744.0,72670.8,72706.6,166.4768
2026-08-20 22:00:00+00:00,72706.6,72721.8,72458.6,72571.3,776.921
2026-08-20 22:15:00+00:00,72571.3,72799.8,72520.0,72758.8,321.9526
2026-08-20 22:30:00+00:00,72758.8,72773.4,72641.8,72656.9,224.6791
2026-08-20 22:45:00+00:00,72656.9,72854.0,72638.9,72648.2,315.633
2026-08-20 23:00:00+00:00,72648.2,72907.9,72624.9,72901.9,246.7354
2026-08-20 23:15:00+00:00,72901.9,73389.5,72863.9,73185.1,7322.3473
2026-08-20 23:30:00+00:00,73185.1,73369.0,73042.9,73078.8,928.9995
2026-08-20 23:45:00+00:00,73078.8,73126.1,72947.8,72998.5,719.3937
2026-08-21 00:00:00+00:00,72998.5,73479.0,72992.2,73460.2,1924.9599
2026-08-21 00:15:00+00:00,73460.2,73873.9,73310.8,73694.3,6734.5332
2026-08-21 00:30:00+00:00,73694.3,73969.8,73496.2,73664.7,2696.5111
2026-08-21 00:45:00+00:00,73664.7,73828.4,73550.0,73681.8,1244.1157
2026-08-21 01:00:00+00:00,73681.8,73973.7,73634.9,73958.8,1156.157
2026-08-21 01:15:00+00:00,73958.8,74870.7,73920.9,74699.8,32893.037
2026-08-21 01:30:00+00:00,74699.8,75022.8,74513.8,74710.8,5093.3987
2026-08-21 01:45:00+00:00,74710.8,75767.2,74675.2,75103.0,45030.5204
2026-08-21 02:00:00+00:00,75103.0,75174.9,74647.6,74850.0,3327.9018
2026-08-21 02:15:00+00:00,74850.0,74968.1,74620.8,74945.9,1822.4525
2026-08-21 02:30:00+00:00,74945.9,75069.0,74545.6,74690.4,1867.3437
2026-08-21 02:45:00+00:00,74690.4,74699.9,74346.9,74410.5,1873.1812
2026-08-21 03:00:00+00:00,74410.5,74469.6,74214.3,74420.0,1067.1817
2026-08-21 03:15:00+00:00,74420.0,74610.5,74280.1,74570.6,651.6106
2026-08-21 03:30:00+00:00,74570.6,74697.2,74401.5,74635.9,708.0936
2026-08-21 03:45:00+00:00,74635.9,74846.4,74459.1,74482.8,1068.844
2026-08-21 04:00:00+00:00,74482.8,74873.2,74482.8,74835.0,841.3166
2026-08-21 04:15:00+00:00,74835.0,74918.7,74744.4,74780.0,395.3541
2026-08-21 04:30:00+00:00,74780.0,74961.6,74744.4,74919.0,489.1997
2026-08-21 04:45:00+00:00,74919.0,75000.4,74883.1,74990.4,483.6455
2026-08-21 05:00:00+00:00,74990.4,75334.7,74871.8,75280.5,1212.3118
2026-08-21 05:15:00+00:00,75280.5,75471.6,75023.9,75166.4,1889.4684
2026-08-21 05:30:00+00:00,75166.4,75356.8,75059.2,75250.2,864.4902
2026-08-21 05:45:00+00:00,75250.2,75433.3,75179.2,75433.1,1031.4214
2026-08-21 06:00:00+00:00,75433.1,75498.2,75233.9,75255.7,1214.4455
2026-08-21 06:15:00+00:00,75255.7,75485.1,75066.0,75304.4,1147.3523
2026-08-21 06:30:00+00:00,75304.4,75709.1,75280.0,75353.4,1949.1262
2026-08-21 06:45:00+00:00,75353.4,75618.0,75252.9,75613.2,1509.6014
2026-08-21 07:00:00+00:00,75613.2,75997.7,75577.0,75935.0,2417.3039
2026-08-21 07:15:00+00:00,75935.0,76893.9,75900.8,76375.0,30053.7607
2026-08-21 07:30:00+00:00,76375.0,76779.1,76256.8,76570.0,2745.902
2026-08-21 07:45:00+00:00,76570.0,76619.5,76206.2,76310.1,2231.9504
2026-08-21 08:00:00+00:00,76310.1,77199.9,76256.2,76883.5,9488.3913
2026-08-21 08:15:00+00:00,76883.5,77445.0,76835.8,77217.5,6577.1585
2026-08-21 08:30:00+00:00,77217.5,77797.5,77149.9,77637.2,7423.1732
2026-08-21 08:45:00+00:00,77637.2,79535.7,77559.5,79273.1,21042.5037
2026-08-21 09:00:00+00:00,79273.1,79372.8,77255.0,77875.8,191640.5707
2026-08-21 09:15:00+00:00,77875.8,77954.9,77451.2,77709.9,7782.2981
2026-08-21 09:30:00+00:00,77709.9,78363.6,77610.1,78180.5,4130.8665
2026-08-21 09:45:00+00:00,78180.5,78365.8,77554.8,77900.6,5520.0598
2026-08-21 10:00:00+00:00,77900.6,78102.7,77609.5,78031.3,2795.9158
2026-08-21 10:15:00+00:00,78031.3,78243.5,77652.9,77913.5,2926.5585
2026-08-21 10:30:00+00:00,77913.5,77958.1,77608.1,77829.8,1639.4192
2026-08-21 10:45:00+00:00,77829.8,77995.5,77724.1,77803.5,1208.1373
2026-08-21 11:00:00+00:00,77803.5,77856.3,77318.0,77546.3,2573.5971
2026-08-21 11:15:00+00:00,77546.3,77676.7,77221.9,77419.5,3509.8408
2026-08-21 11:30:00+00:00,77419.5,77445.8,76415.0,76837.5,10597.4896
2026-08-21 11:45:00+00:00,76837.5,77043.9,76593.1,76749.1,2782.2599
2026-08-21 12:00:00+00:00,76749.1,77019.2,76537.8,76939.0,3235.8652
2026-08-21 12:15:00+00:00,76939.0,76939.0,76658.1,76698.1,1345.4638
2026-08-21 12:30:00+00:00,76698.1,77443.3,76637.1,77420.8,2617.552
2026-08-21 12:45:00+00:00,77420.8,77485.7,77099.9,77228.0,1479.4956
2026-08-21 13:00:00+00:00,77228.0,77399.5,77031.6,77195.5,1427.8524
2026-08-21 13:15:00+00:00,77195.5,77221.7,76838.3,77096.7,1854.0844
2026-08-21 13:30:00+00:00,77096.7,77332.9,76238.4,77300.0,18593.052
2026-08-21 13:45:00+00:00,77300.0,77718.4,77116.7,77244.4,5674.0824
2026-08-21 14:00:00+00:00,77244.4,77251.3,76682.6,76759.7,4646.0912
2026-08-21 14:15:00+00:00,76759.7,77203.6,76540.4,77059.9,7227.4281
2026-08-21 14:30:00+00:00,77059.9,77238.9,76850.3,77150.0,2347.5058
2026-08-21 14:45:00+00:00,77150.0,77450.1,77124.4,77387.7,1731.2641
2026-08-21 15:00:00+00:00,77387.7,77798.6,77320.9,77700.4,2112.2839
2026-08-21 15:15:00+00:00,77700.4,77871.5,77508.2,77604.0,2047.0728
2026-08-21 15:30:00+00:00,77604.0,77744.3,77464.8,77498.2,1194.7762
2026-08-21 15:45:00+00:00,77498.2,77543.9,77157.5,77221.1,1394.8512
2026-08-21 16:00:00+00:00,77221.1,77315.9,76841.8,76845.7,1934.6749
2026-08-21 16:15:00+00:00,76845.7,77379.5,76778.1,77379.5,2305.8742
2026-08-21 16:30:00+00:00,77379.5,77404.3,77222.2,77346.4,941.3614
2026-08-21 16:45:00+00:00,77346.4,77548.6,77301.1,77462.2,1048.0032
2026-08-21 17:00:00+00:00,77462.2,77708.9,77441.6,77546.8,1404.1471
2026-08-21 17:15:00+00:00,77546.8,77549.9,77173.2,77549.9,1258.8048
2026-08-21 17:30:00+00:00,77549.9,77641.2,77321.6,77370.7,772.2684
2026-08-21 17:45:00+00:00,77370.7,77505.7,77293.9,77381.5,265.7293
2026-08-21 18:00:00+00:00,77381.5,77539.4,77256.0,77304.2,300.5021
2026-08-21 18:15:00+00:00,77304.2,77488.7,77238.3,77372.8,289.4717
2026-08-21 18:30:00+00:00,77372.8,77434.5,76829.2,76920.5,572.7777
2026-08-21 18:45:00+00:00,76920.5,77115.5,76584.3,77115.3,1175.2892
2026-08-21 19:00:00+00:00,77115.3,77157.4,76817.6,77109.2,329.1536
2026-08-21 19:15:00+00:00,77109.2,77308.2,76934.0,77288.4,287.932
2026-08-21 19:30:00+00:00,77288.4,77325.0,77058.5,77143.0,294.8805
2026-08-21 19:45:00+00:00,77143.0,77214.8,76977.0,76995.3,356.2891
2026-08-21 20:00:00+00:00,76995.3,77270.1,76815.7,77242.9,679.5067
2026-08-21 20:15:00+00:00,77242.9,77499.8,77242.9,77456.7,458.0722
2026-08-21 20:30:00+00:00,77456.7,77499.9,77310.8,77438.9,268.1005
2026-08-21 20:45:00+00:00,77438.9,77517.3,77275.6,77480.1,272.6382
2026-08-21 21:00:00+00:00,77480.1,77786.8,77346.0,77650.3,839.4902
2026-08-21 21:15:00+00:00,77650.3,78185.4,77549.3,78073.8,1434.3146
2026-08-21 21:30:00+00:00,78073.8,78487.4,77957.2,78220.2,1302.5376
2026-08-21 21:45:00+00:00,78220.2,78662.5,78192.4,78491.5,922.4127
2026-08-21 22:00:00+00:00,78491.5,78746.4,78150.1,78737.1,1504.8516
2026-08-21 22:15:00+00:00,78737.1,78737.1,78319.1,78485.7,751.6252
2026-08-21 22:30:00+00:00,78485.7,78561.7,78061.6,78491.5,854.4356
2026-08-21 22:45:00+00:00,78491.5,78606.7,78215.7,78436.7,478.7929
2026-08-21 23:00:00+00:00,78436.7,78600.1,78309.1,78520.1,455.4832
2026-08-21 23:15:00+00:00,78520.1,78705.7,78330.6,78383.8,746.3653
2026-08-21 23:30:00+00:00,78383.8,78489.8,78100.1,78353.4,466.281
2026-08-21 23:45:00+00:00,78353.4,78383.8,78093.3,78309.3,313.5346
2026-08-22 00:00:00+00:00,78309.3,78486.5,77707.3,77888.8,1370.6033
2026-08-22 00:15:00+00:00,77888.8,78083.4,77833.2,77898.7,364.9638
2026-08-22 00:30:00+00:00,77898.7,78032.3,77728.1,77812.2,361.6486
2026-08-22 00:45:00+00:00,77812.2,77963.7,77653.0,77921.7,478.9829
2026-08-22 01:00:00+00:00,77921.7,78181.0,77879.6,78077.1,292.2497
2026-08-22 01:15:00+00:00,78077.1,78148.7,77862.6,77991.5,205.4635
2026-08-22 01:30:00+00:00,77991.5,78219.9,77856.9,77891.9,308.9862
2026-08-22 01:45:00+00:00,77891.9,77988.4,77781.3,77807.7,265.3578
2026-08-22 02:00:00+00:00,77807.7,78094.6,77763.2,78029.7,296.3283
2026-08-22 02:15:00+00:00,78029.7,78466.9,78012.6,78358.3,354.12
2026-08-22 02:30:00+00:00,78358.3,78494.8,78134.4,78489.9,411.0829
2026-08-22 02:45:00+00:00,78489.9,78549.2,78288.6,78468.1,331.3958
2026-08-22 03:00:00+00:00,78468.1,78690.4,78350.2,78378.2,332.165
2026-08-22 03:15:00+00:00,78378.2,78779.9,78344.4,78747.1,320.2847
2026-08-22 03:30:00+00:00,78747.1,78831.6,78531.2,78630.5,272.1248
2026-08-22 03:45:00+00:00,78630.5,78677.1,78365.4,78395.0,201.6524
2026-08-22 04:00:00+00:00,78395.0,78456.5,78222.1,78384.3,275.8388
2026-08-22 04:15:00+00:00,78384.3,78580.0,78183.1,78576.4,283.725
2026-08-22 04:30:00+00:00,78576.4,78813.8,78502.7,78645.3,387.948
2026-08-22 04:45:00+00:00,78645.3,78681.6,78444.8,78453.4,568.9967
2026-08-22 05:00:00+00:00,78453.4,78583.7,76515.6,77311.2,13669.3963
2026-08-22 05:15:00+00:00,77311.2,77528.1,76732.3,77296.8,3098.0564
2026-08-22 05:30:00+00:00,77296.8,77570.9,76901.2,77175.8,1462.2261
2026-08-22 05:45:00+00:00,77175.8,77497.5,77053.7,77371.3,771.9085
2026-08-22 06:00:00+00:00,77371.3,77437.9,77138.8,77162.3,509.8577
2026-08-22 06:15:00+00:00,77162.3,77387.6,77162.3,77234.3,327.0804
2026-08-22 06:30:00+00:00,77234.3,77563.3,76968.3,77384.2,552.0705
2026-08-22 06:45:00+00:00,77384.2,77539.2,77369.4,77476.6,264.2272
2026-08-22 07:00:00+00:00,77476.6,77668.3,77255.1,77365.1,518.6969
2026-08-22 07:15:00+00:00,77365.1,77482.2,77201.4,77471.0,308.976
2026-08-22 07:30:00+00:00,77471.0,77496.9,77285.4,77402.2,251.6416
2026-08-22 07:45:00+00:00,77402.2,77430.2,77258.4,77286.6,206.9146
2026-08-22 08:00:00+00:00,77286.6,77420.1,77177.6,77413.9,332.4836
2026-08-22 08:15:00+00:00,77413.9,77429.7,77088.7,77204.7,254.149
2026-08-22 08:30:00+00:00,77204.7,77317.4,77012.9,77275.6,463.6959
2026-08-22 08:45:00+00:00,77275.6,77275.6,77090.0,77193.3,227.3524
2026-08-22 09:00:00+00:00,77193.3,77355.4,77031.2,77355.4,302.9184
2026-08-22 09:15:00+00:00,77355.4,77384.9,77145.1,77189.3,214.0519
2026-08-22 09:30:00+00:00,77189.3,77239.3,77133.0,77187.5,161.5208
2026-08-22 09:45:00+00:00,77187.5,77187.5,76816.3,77047.5,504.832
2026-08-22 10:00:00+00:00,77047.5,77059.4,76665.5,76703.0,571.3655
2026-08-22 10:15:00+00:00,76703.0,76953.4,76516.0,76936.3,851.3278
2026-08-22 10:30:00+00:00,76936.3,77176.5,76861.7,77169.2,383.3747
2026-08-22 10:45:00+00:00,77169.2,77194.7,76899.8,76975.7,253.5574
2026-08-22 11:00:00+00:00,76975.7,77078.8,76821.7,76862.0,231.9852
2026-08-22 11:15:00+00:00,76862.0,76996.8,76815.5,76991.6,248.5747
2026-08-22 11:30:00+00:00,76991.6,77197.5,76950.1,77182.7,245.4436
2026-08-22 11:45:00+00:00,77182.7,77218.8,77069.9,77137.7,228.3643
2026-08-22 12:00:00+00:00,77137.7,77292.9,77081.6,77243.6,296.8281
2026-08-22 12:15:00+00:00,77243.6,77347.7,77201.1,77329.8,260.9504
2026-08-22 12:30:00+00:00,77329.8,77350.1,77204.8,77343.8,171.5631
2026-08-22 12:45:00+00:00,77343.8,77387.5,77248.2,77295.6,165.4673
2026-08-22 13:00:00+00:00,77295.6,77318.1,77183.0,77222.5,146.1881
2026-08-22 13:15:00+00:00,77222.5,77259.5,77117.1,77175.4,269.213
2026-08-22 13:30:00+00:00,77175.4,77206.6,77104.9,77165.7,100.0257
2026-08-22 13:45:00+00:00,77165.7,77374.1,77149.3,77290.5,209.5523
2026-08-22 14:00:00+00:00,77290.5,77321.9,76963.7,77040.7,356.9084
2026-08-22 14:15:00+00:00,77040.7,77107.7,76969.9,77107.7,166.4114
2026-08-22 14:30:00+00:00,77107.7,77174.9,76961.5,76970.2,218.0071
2026-08-22 14:45:00+00:00,76970.2,77091.8,76936.0,77018.5,175.1228
2026-08-22 15:00:00+00:00,77018.5,77100.1,76951.0,76951.1,184.0356
2026-08-22 15:15:00+00:00,76951.1,77044.0,76887.9,76994.0,199.4643
2026-08-22 15:30:00+00:00,76994.0,77118.2,76994.0,77067.1,193.2563
2026-08-22 15:45:00+00:00,77067.1,77112.2,76922.9,76995.3,131.1311
2026-08-22 16:00:00+00:00,76995.3,77087.7,76969.4,77068.9,142.1568
2026-08-22 16:15:00+00:00,77068.9,77266.3,77057.0,77208.9,240.5942
2026-08-22 16:30:00+00:00,77208.9,77489.4,77193.3,77405.5,338.2655
2026-08-22 16:45:00+00:00,77405.5,77570.0,77293.5,77298.9,238.5176
2026-08-22 17:00:00+00:00,77298.9,77352.1,77256.0,77293.7,249.8551
2026-08-22 17:15:00+00:00,77293.7,77357.0,77081.0,77103.6,219.9453
2026-08-22 17:30:00+00:00,77103.6,77241.1,77103.6,77234.9,149.3838
2026-08-22 17:45:00+00:00,77234.9,77394.8,77234.9,77289.0,100.233
2026-08-22 18:00:00+00:00,77289.0,77370.7,77225.1,77253.5,51.0602
2026-08-22 18:15:00+00:00,77253.5,77363.5,77253.5,77308.6,97.4772
2026-08-22 18:30:00+00:00,77308.6,77339.8,77234.4,77234.4,80.4681
2026-08-22 18:45:00+00:00,77234.4,77276.4,77142.8,77276.2,93.6772
2026-08-22 19:00:00+00:00,77276.2,77349.9,77209.4,77334.6,98.0129
2026-08-22 19:15:00+00:00,77334.6,77349.9,77256.5,77294.9,58.6686
2026-08-22 19:30:00+00:00,77294.9,77439.8,77293.1,77439.7,71.1301
2026-08-22 19:45:00+00:00,77439.7,77483.9,77415.1,77422.2,103.5935
2026-08-22 20:00:00+00:00,77422.2,77478.5,77369.0,77419.1,58.227
2026-08-22 20:15:00+00:00,77419.1,77438.2,77296.3,77304.6,54.0632
2026-08-22 20:30:00+00:00,77304.6,77427.3,77267.6,77373.9,103.1533
2026-08-22 20:45:00+00:00,77373.9,77393.4,77275.1,77330.1,49.6571
2026-08-22 21:00:00+00:00,77330.1,77330.1,77028.8,77054.2,260.9245
2026-08-22 21:15:00+00:00,77054.2,77219.4,77054.2,77187.0,114.9977
2026-08-22 21:30:00+00:00,77187.0,77214.2,76922.3,77040.4,186.7297
2026-08-22 21:45:00+00:00,77040.4,77040.6,76819.9,76862.8,163.2318
2026-08-22 22:00:00+00:00,76862.8,77170.6,76772.0,77108.9,305.2163
2026-08-22 22:15:00+00:00,77108.9,77166.3,77043.7,77056.8,128.907
2026-08-22 22:30:00+00:00,77056.8,77077.5,76871.0,77052.6,309.773
2026-08-22 22:45:00+00:00,77052.6,77157.5,76961.5,77000.9,114.0161
2026-08-22 23:00:00+00:00,77000.9,77094.5,76941.1,76989.8,88.819
2026-08-22 23:15:00+00:00,76989.8,77034.5,76951.1,76956.4,64.1905
2026-08-22 23:30:00+00:00,76956.4,77048.2,76905.4,77024.3,54.6022
2026-08-22 23:45:00+00:00,77024.3,77146.1,77015.2,77084.4,54.5131
2026-08-23 00:00:00+00:00,77084.4,77157.1,77058.9,77091.3,63.7765
2026-08-23 00:15:00+00:00,77091.3,77267.9,77059.9,77237.9,96.5139
2026-08-23 00:30:00+00:00,77237.9,77373.3,77234.0,77288.7,594.1591
2026-08-23 00:45:00+00:00,77288.7,77362.9,77261.4,77308.0,106.9738
2026-08-23 01:00:00+00:00,77308.0,77423.5,77177.7,77423.5,182.2893
2026-08-23 01:15:00+00:00,77423.5,77423.6,77267.9,77282.2,58.2385
2026-08-23 01:30:00+00:00,77282.2,77332.9,77174.0,77262.7,93.9549
2026-08-23 01:45:00+00:00,77262.7,77343.9,77169.4,77201.9,93.2681
2026-08-23 02:00:00+00:00,77201.9,77227.5,77063.7,77063.7,108.0228
2026-08-23 02:15:00+00:00,77063.7,77148.3,77016.0,77126.4,82.8407
2026-08-23 02:30:00+00:00,77126.4,77219.6,77123.1,77188.9,92.1457
2026-08-23 02:45:00+00:00,77188.9,77224.0,77071.9,77080.6,84.5043
2026-08-23 03:00:00+00:00,77080.6,77128.6,77016.7,77094.4,72.4755
2026-08-23 03:15:00+00:00,77094.4,77158.2,76988.8,76992.9,77.0893
2026-08-23 03:30:00+00:00,76992.9,77004.2,76842.2,76863.1,149.1183
2026-08-23 03:45:00+00:00,76863.1,76998.1,76863.1,76941.2,116.4689
2026-08-23 04:00:00+00:00,76941.2,77035.3,76685.6,77006.8,1967.9785
2026-08-23 04:15:00+00:00,77006.8,77046.7,76802.4,76968.2,166.8627
2026-08-23 04:30:00+00:00,76968.2,76980.1,76816.1,76827.2,109.5928
2026-08-23 04:45:00+00:00,76827.2,76829.8,76477.3,76610.9,1289.5356
2026-08-23 05:00:00+00:00,76610.9,76747.5,75808.0,75902.3,2961.6966
2026-08-23 05:15:00+00:00,75902.3,76347.0,75587.9,76243.5,2031.0782
2026-08-23 05:30:00+00:00,76243.5,76349.9,76107.9,76175.9,438.77
2026-08-23 05:45:00+00:00,76175.9,76262.9,76033.0,76065.0,249.6764
2026-08-23 06:00:00+00:00,76065.0,76176.9,75873.5,76091.0,601.5489
2026-08-23 06:15:00+00:00,76091.0,76319.3,76073.3,76239.9,914.1851
2026-08-23 06:30:00+00:00,76239.9,76376.9,76182.8,76272.5,211.7534
2026-08-23 06:45:00+00:00,76272.5,76292.9,76023.3,76110.1,186.297
2026-08-23 07:00:00+00:00,76110.1,76339.3,76037.7,76309.8,208.6031
2026-08-23 07:15:00+00:00,76309.8,76368.6,76231.5,76232.3,97.0491
2026-08-23 07:30:00+00:00,76232.3,76241.6,76056.3,76068.8,98.355
2026-08-23 07:45:00+00:00,76068.8,76167.9,75902.7,76020.3,206.2258
2026-08-23 08:00:00+00:00,76020.3,76306.8,75966.8,76213.9,458.5658
2026-08-23 08:15:00+00:00,76213.9,76314.6,76201.7,76250.7,140.1218
2026-08-23 08:30:00+00:00,76250.7,76685.9,76250.6,76529.3,445.0218
2026-08-23 08:45:00+00:00,76529.3,76626.6,76455.1,76486.5,193.5653
2026-08-23 09:00:00+00:00,76486.5,76657.8,76471.2,76586.3,203.7619
2026-08-23 09:15:00+00:00,76586.3,76619.3,76477.3,76555.1,103.805
2026-08-23 09:30:00+00:00,76555.1,76583.9,76470.0,76569.9,79.8107
2026-08-23 09:45:00+00:00,76569.9,76655.0,76510.0,76533.4,155.4116
2026-08-23 10:00:00+00:00,76533.4,76740.1,76533.4,76650.7,166.7461
2026-08-23 10:15:00+00:00,76650.7,76930.3,76640.4,76758.6,396.5855
2026-08-23 10:30:00+00:00,76758.6,76934.8,76738.3,76853.0,211.4887
2026-08-23 10:45:00+00:00,76853.0,76879.9,76775.8,76784.3,116.591
2026-08-23 11:00:00+00:00,76784.3,76885.4,76737.8,76873.8,103.5614
2026-08-23 11:15:00+00:00,76873.8,77322.8,76817.9,77160.9,677.0405
2026-08-23 11:30:00+00:00,77160.9,77399.1,77127.0,77272.2,289.0496
2026-08-23 11:45:00+00:00,77272.2,77399.9,77165.3,77296.0,197.6057
2026-08-23 12:00:00+00:00,77296.0,77299.9,77005.7,77075.7,198.9674
2026-08-23 12:15:00+00:00,77075.7,77129.9,77008.6,77035.1,92.649
2026-08-23 12:30:00+00:00,77035.1,77249.0,77035.1,77234.4,130.4878
2026-08-23 12:45:00+00:00,77234.4,77258.8,77152.1,77202.8,64.5615
2026-08-23 13:00:00+00:00,77202.8,77337.9,77189.6,77323.2,71.1465
2026-08-23 13:15:00+00:00,77323.2,77771.5,77323.2,77426.7,1125.8575
2026-08-23 13:30:00+00:00,77426.7,77612.9,77333.0,77507.9,288.7922
2026-08-23 13:45:00+00:00,77507.9,77554.9,77359.9,77471.8,246.228
2026-08-23 14:00:00+00:00,77471.8,77604.4,77310.4,77538.0,299.1718
2026-08-23 14:15:00+00:00,77538.0,77636.1,77399.7,77431.1,182.2664
2026-08-23 14:30:00+00:00,77431.1,77479.6,76769.2,77005.2,40026.0894
2026-08-23 14:45:00+00:00,77005.2,77297.8,77005.2,77174.0,582.8663
2026-08-23 15:00:00+00:00,77174.0,77316.8,77040.0,77139.6,348.8025
2026-08-23 15:15:00+00:00,77139.6,77224.9,76903.5,77175.5,365.8998
2026-08-23 15:30:00+00:00,77175.5,77299.9,77102.8,77248.1,218.2242
2026-08-23 15:45:00+00:00,77248.1,77248.1,77108.1,77124.2,122.2554
2026-08-23 16:00:00+00:00,77124.2,77274.0,77124.2,77250.2,93.9512
2026-08-23 16:15:00+00:00,77250.2,77304.5,77181.3,77296.8,105.5467
2026-08-23 16:30:00+00:00,77296.8,77421.6,77284.9,77352.6,185.4242
2026-08-23 16:45:00+00:00,77352.6,77448.5,77326.3,77389.2,100.6004
2026-08-23 17:00:00+00:00,77389.2,77420.1,77117.4,77260.3,258.6698
2026-08-23 17:15:00+00:00,77260.3,77358.1,77158.5,77232.1,144.691
2026-08-23 17:30:00+00:00,77232.1,77293.5,77124.9,77212.1,116.2865
2026-08-23 17:45:00+00:00,77212.1,77300.5,77158.2,77158.4,87.6805
2026-08-23 18:00:00+00:00,77158.4,77381.5,77075.4,77311.7,214.2718
2026-08-23 18:15:00+00:00,77311.7,77379.1,77236.0,77321.4,126.8961
2026-08-23 18:30:00+00:00,77321.4,77341.4,77270.5,77309.5,65.7596
2026-08-23 18:45:00+00:00,77309.5,77317.7,77227.5,77317.7,88.843
2026-08-23 19:00:00+00:00,77317.7,77388.0,77217.3,77289.3,100.595
2026-08-23 19:15:00+00:00,77289.3,77368.9,77257.3,77329.0,47.3243
2026-08-23 19:30:00+00:00,77329.0,77419.6,77220.2,77407.2,95.2563
2026-08-23 19:45:00+00:00,77407.2,77462.4,77293.1,77305.3,100.9489
2026-08-23 20:00:00+00:00,77305.3,77306.5,77167.4,77249.5,113.7897
2026-08-23 20:15:00+00:00,77249.5,77390.2,77239.4,77353.0,76.625
2026-08-23 20:30:00+00:00,77353.0,77438.2,77349.9,77395.0,48.2716
2026-08-23 20:45:00+00:00,77395.0,77413.1,77360.0,77376.8,51.837
2026-08-23 21:00:00+00:00,77376.8,77685.0,77376.8,77670.1,315.2656
2026-08-23 21:15:00+00:00,77670.1,78029.5,77668.1,78000.9,895.633
2026-08-23 21:30:00+00:00,78000.9,78023.8,77518.9,77613.9,609.866
2026-08-23 21:45:00+00:00,77613.9,77849.8,77613.9,77809.0,382.2527
2026-08-23 22:00:00+00:00,77809.0,77960.8,77555.7,77667.4,698.8531
2026-08-23 22:15:00+00:00,77667.4,77795.9,77607.4,77635.4,253.7953
2026-08-23 22:30:00+00:00,77635.4,77706.0,77568.9,77622.1,204.5716
2026-08-23 22:45:00+00:00,77622.1,77690.7,77535.3,77578.6,146.9992
2026-08-23 23:00:00+00:00,77578.6,77597.4,77266.7,77450.2,282.2586
2026-08-23 23:15:00+00:00,77450.2,77649.0,77416.0,77642.0,214.5761
2026-08-23 23:30:00+00:00,77642.0,77803.1,77370.2,77457.5,276.5509
2026-08-23 23:45:00+00:00,77457.5,77779.4,77454.0,77719.0,255.2675
2026-08-24 00:00:00+00:00,77719.0,77728.4,77484.0,77606.4,231.0878
2026-08-24 00:15:00+00:00,77606.4,77628.0,77245.3,77415.5,384.9074
2026-08-24 00:30:00+00:00,77415.5,77575.9,77187.8,77214.0,265.5129
2026-08-24 00:45:00+00:00,77214.0,77673.8,77133.6,77673.8,413.7792
2026-08-24 01:00:00+00:00,77673.8,77715.0,77413.9,77417.5,308.3936
2026-08-24 01:15:00+00:00,77417.5,77454.5,77206.9,77225.0,314.6999
2026-08-24 01:30:00+00:00,77225.0,77359.8,77150.0,77201.7,314.4931
2026-08-24 01:45:00+00:00,77201.7,77250.0,76888.2,76893.1,655.1599
2026-08-24 02:00:00+00:00,76893.1,77405.1,76857.1,77351.5,428.7166
2026-08-24 02:15:00+00:00,77351.5,77495.9,77351.5,77436.7,199.7643
2026-08-24 02:30:00+00:00,77436.7,77536.3,77380.3,77426.2,165.9973
2026-08-24 02:45:00+00:00,77426.2,77515.7,77214.3,77461.6,230.5643
2026-08-24 03:00:00+00:00,77461.6,77516.6,77201.6,77201.8,150.8306
2026-08-24 03:15:00+00:00,77201.8,77262.3,77105.1,77105.1,179.5406
2026-08-24 03:30:00+00:00,77105.1,77149.3,76949.1,76974.0,242.7588
2026-08-24 03:45:00+00:00,76974.0,77149.9,76916.0,76925.3,179.6237
2026-08-24 04:00:00+00:00,76925.3,77092.8,76925.3,77018.0,151.8207
2026-08-24 04:15:00+00:00,77018.0,77248.9,77018.0,77219.7,120.3668
2026-08-24 04:30:00+00:00,77219.7,77230.7,77052.7,77106.4,207.2345
2026-08-24 04:45:00+00:00,77106.4,77130.0,76651.9,76890.2,1189.5408
2026-08-24 05:00:00+00:00,76890.2,77213.5,76829.5,77209.7,296.8068
2026-08-24 05:15:00+00:00,77209.7,77230.2,76937.2,77047.4,313.7454
2026-08-24 05:30:00+00:00,77047.4,77174.7,76832.2,77075.1,249.9607
2026-08-24 05:45:00+00:00,77075.1,77166.4,76983.2,77139.3,152.708
2026-08-24 06:00:00+00:00,77139.3,77424.9,77053.5,77380.4,288.2963
2026-08-24 06:15:00+00:00,77380.4,77464.2,77285.9,77344.3,225.9781
2026-08-24 06:30:00+00:00,77344.3,77374.9,77211.7,77337.0,125.4119
2026-08-24 06:45:00+00:00,77337.0,77519.5,77320.3,77455.5,228.6142
2026-08-24 07:00:00+00:00,77455.5,77789.0,77442.4,77738.8,530.3264
2026-08-24 07:15:00+00:00,77738.8,77738.8,77531.3,77583.2,266.3171
2026-08-24 07:30:00+00:00,77583.2,77587.7,77334.6,77334.6,150.9972
2026-08-24 07:45:00+00:00,77334.6,77419.9,77272.6,77301.7,121.7681
2026-08-24 08:00:00+00:00,77301.7,77401.8,77193.9,77240.9,203.7004
2026-08-24 08:15:00+00:00,77240.9,77241.0,76813.7,76903.5,357.9408
2026-08-24 08:30:00+00:00,76903.5,77117.8,76890.0,77117.8,135.0183
2026-08-24 08:45:00+00:00,77117.8,77136.1,77000.0,77032.8,91.835
2026-08-24 09:00:00+00:00,77032.8,77299.8,77012.6,77271.8,130.9518
2026-08-24 09:15:00+00:00,77271.8,77412.8,77203.5,77412.8,206.5532
2026-08-24 09:30:00+00:00,77412.8,77499.9,77386.3,77459.9,116.6432
2026-08-24 09:45:00+00:00,77459.9,77593.2,77429.5,77546.0,128.8106
2026-08-24 10:00:00+00:00,77546.0,77869.6,77525.4,77830.2,493.13
2026-08-24 10:15:00+00:00,77830.2,77937.9,77752.8,77845.4,347.1086
2026-08-24 10:30:00+00:00,77845.4,78016.2,77670.0,77719.8,275.867
2026-08-24 10:45:00+00:00,77719.8,77824.7,77539.2,77614.0,248.6235
2026-08-24 11:00:00+00:00,77614.0,77847.9,77434.8,77809.9,292.2202
2026-08-24 11:15:00+00:00,77809.9,77887.6,77713.4,77819.5,220.8787
2026-08-24 11:30:00+00:00,77819.5,78563.8,77801.5,78558.0,1494.468
2026-08-24 11:45:00+00:00,78558.0,78594.1,78081.3,78429.0,666.2376
2026-08-24 12:00:00+00:00,78429.0,78430.4,78085.7,78126.8,295.3467
2026-08-24 12:15:00+00:00,78126.8,78488.7,77949.9,78434.3,403.723
2026-08-24 12:30:00+00:00,78434.3,78874.9,78350.0,78711.1,10446.684
2026-08-24 12:45:00+00:00,78711.1,79316.8,78693.8,79146.0,1508.5003
2026-08-24 13:00:00+00:00,79146.0,79417.4,78938.7,79199.8,874.1087
2026-08-24 13:15:00+00:00,79199.8,79216.4,78854.9,78988.6,772.2146
2026-08-24 13:30:00+00:00,78988.6,79011.3,78173.0,78269.2,3830.9481
2026-08-24 13:45:00+00:00,78269.2,78589.9,77831.4,78565.0,2139.8681
2026-08-24 14:00:00+00:00,78565.0,79213.7,78556.8,79173.3,1222.5113
2026-08-24 14:15:00+00:00,79173.3,79632.3,78843.1,79364.1,2666.978
2026-08-24 14:30:00+00:00,79364.1,79810.8,79300.2,79629.7,1924.2708
2026-08-24 14:45:00+00:00,79629.7,79749.9,79238.5,79480.7,1039.5659
2026-08-24 15:00:00+00:00,79480.7,79690.5,79329.2,79512.0,746.7617
2026-08-24 15:15:00+00:00,79512.0,79971.9,79490.1,79853.0,1194.1952
2026-08-24 15:30:00+00:00,79853.0,79974.3,78976.3,79262.4,2241.505
2026-08-24 15:45:00+00:00,79262.4,79519.0,78780.4,79069.2,1620.304
2026-08-24 16:00:00+00:00,79069.2,79499.8,79059.2,79458.6,1211.954
2026-08-24 16:15:00+00:00,79458.6,79836.2,79444.4,79625.0,1147.8242
2026-08-24 16:30:00+00:00,79625.0,79739.3,79333.7,79339.0,678.6448
2026-08-24 16:45:00+00:00,79339.0,79366.8,78859.2,79021.9,864.0448
2026-08-24 17:00:00+00:00,79021.9,79161.0,78562.0,79063.9,1393.2207
2026-08-24 17:15:00+00:00,79063.9,79142.6,78423.9,78502.5,1556.4437
2026-08-24 17:30:00+00:00,78502.5,78822.5,78438.5,78595.1,769.0703
2026-08-24 17:45:00+00:00,78595.1,78795.1,78521.7,78726.2,400.5903
2026-08-24 18:00:00+00:00,78726.2,78989.5,78703.1,78973.0,519.3354
2026-08-24 18:15:00+00:00,78973.0,79038.9,78891.1,78977.5,334.0437
2026-08-24 18:30:00+00:00,78977.5,79049.4,78679.9,78938.4,368.9841
2026-08-24 18:45:00+00:00,78938.4,79052.4,78820.0,78901.9,353.8846
2026-08-24 19:00:00+00:00,78901.9,79088.8,78740.1,78990.1,453.6282
2026-08-24 19:15:00+00:00,78990.1,79004.8,78571.5,78835.2,442.3475
2026-08-24 19:30:00+00:00,78835.2,78928.8,78710.0,78838.2,268.0266
2026-08-24 19:45:00+00:00,78838.2,78858.4,78551.4,78715.2,377.9571
2026-08-24 20:00:00+00:00,78715.2,78784.4,78520.2,78648.0,297.7441
2026-08-24 20:15:00+00:00,78648.0,78758.4,78571.7,78660.2,149.2065
2026-08-24 20:30:00+00:00,78660.2,78959.5,78603.5,78873.5,272.4971
2026-08-24 20:45:00+00:00,78873.5,78906.6,78784.3,78903.5,111.3512
2026-08-24 21:00:00+00:00,78903.5,79012.3,78903.5,78995.4,115.5736
2026-08-24 21:15:00+00:00,78995.4,79007.0,78812.5,78890.8,152.2241
2026-08-24 21:30:00+00:00,78890.8,78991.9,78880.5,78950.0,153.3261
2026-08-24 21:45:00+00:00,78950.0,79012.5,78881.2,78944.3,59.3386
2026-08-24 22:00:00+00:00,78944.3,78958.3,78789.9,78838.4,179.8656
2026-08-24 22:15:00+00:00,78838.4,78899.9,78713.1,78743.8,148.1202
2026-08-24 22:30:00+00:00,78743.8,78883.8,78691.0,78720.7,135.7839
2026-08-24 22:45:00+00:00,78720.7,78805.0,78656.5,78703.9,95.53
2026-08-24 23:00:00+00:00,78703.9,78784.0,78579.8,78709.3,208.8273
2026-08-24 23:15:00+00:00,78709.3,78941.9,78700.7,78859.9,147.689
2026-08-24 23:30:00+00:00,78859.9,78954.7,78825.0,78915.4,113.217
2026-08-24 23:45:00+00:00,78915.4,78971.0,78791.7,78952.9,133.8279
2026-08-25 00:00:00+00:00,78952.9,79031.5,78861.0,78922.2,351.5141
2026-08-25 00:15:00+00:00,78922.2,78922.2,78675.7,78762.6,209.6964
2026-08-25 00:30:00+00:00,78762.6,79330.9,78705.7,79330.9,844.8703
2026-08-25 00:45:00+00:00,79330.9,79858.0,79296.5,79703.2,1062.3366
2026-08-25 01:00:00+00:00,79703.2,79957.8,79576.8,79621.0,689.5317
2026-08-25 01:15:00+00:00,79621.0,79944.8,79439.9,79800.0,611.625
2026-08-25 01:30:00+00:00,79800.0,79893.9,79634.4,79673.6,387.7154
2026-08-25 01:45:00+00:00,79673.6,79822.3,79476.4,79803.9,331.2567
2026-08-25 02:00:00+00:00,79803.9,79909.4,79709.9,79833.3,419.5651
2026-08-25 02:15:00+00:00,79833.3,81161.5,79790.3,80981.7,63408.1179
2026-08-25 02:30:00+00:00,80981.7,81259.9,80743.1,80797.7,1115.1021
2026-08-25 02:45:00+00:00,80797.7,80839.5,80401.8,80630.1,730.5489
2026-08-25 03:00:00+00:00,80630.1,80931.9,80566.0,80772.7,411.9278
2026-08-25 03:15:00+00:00,80772.7,80794.5,80482.2,80617.1,387.8498
2026-08-25 03:30:00+00:00,80617.1,80857.2,80510.6,80567.8,424.8489
2026-08-25 03:45:00+00:00,80567.8,80653.0,80285.7,80457.3,612.8842
2026-08-25 04:00:00+00:00,80457.3,80588.3,80234.7,80471.6,376.2007
2026-08-25 04:15:00+00:00,80471.6,80475.6,80217.1,80236.0,311.7973
2026-08-25 04:30:00+00:00,80236.0,80376.3,80127.9,80217.0,322.0624
2026-08-25 04:45:00+00:00,80217.0,80350.0,80200.1,80348.9,177.6238
2026-08-25 05:00:00+00:00,80348.9,80566.3,80301.9,80518.7,301.6223
2026-08-25 05:15:00+00:00,80518.7,80732.1,80454.9,80621.9,336.018
2026-08-25 05:30:00+00:00,80621.9,80800.0,80569.1,80682.6,277.2519
2026-08-25 05:45:00+00:00,80682.6,80783.8,80610.9,80709.6,204.1669
2026-08-25 06:00:00+00:00,80709.6,80839.4,80658.7,80812.8,212.6949
2026-08-25 06:15:00+00:00,80812.8,80905.3,80720.0,80722.8,203.2982
2026-08-25 06:30:00+00:00,80722.8,80722.8,80487.1,80509.2,260.9697
2026-08-25 06:45:00+00:00,80509.2,80549.0,80383.6,80548.8,273.4279
2026-08-25 07:00:00+00:00,80548.8,80788.8,80520.9,80699.6,169.1667
2026-08-25 07:15:00+00:00,80699.6,80724.4,80587.5,80640.2,93.4118
2026-08-25 07:30:00+00:00,80640.2,80676.3,80458.7,80489.6,120.1986
2026-08-25 07:45:00+00:00,80489.6,80507.5,79302.5,79661.7,4070.7372
2026-08-25 08:00:00+00:00,79661.7,79943.2,79579.9,79889.2,397.8088
2026-08-25 08:15:00+00:00,79889.2,80222.7,79889.0,80156.3,498.2256
2026-08-25 08:30:00+00:00,80156.3,80193.9,79872.7,80081.7,270.4616
2026-08-25 08:45:00+00:00,80081.7,80090.0,79800.0,79898.9,199.8393
2026-08-25 09:00:00+00:00,79898.9,79929.7,79676.8,79810.8,268.3017
2026-08-25 09:15:00+00:00,79810.8,79930.0,79738.7,79789.9,184.4545
2026-08-25 09:30:00+00:00,79789.9,79918.3,79717.7,79717.8,236.1932
2026-08-25 09:45:00+00:00,79717.8,79753.2,78837.3,79160.8,2054.2789
2026-08-25 10:00:00+00:00,79160.8,79312.5,78958.0,79285.0,396.095
2026-08-25 10:15:00+00:00,79285.0,79386.1,79192.6,79243.4,252.5524
2026-08-25 10:30:00+00:00,79243.4,79297.9,79194.1,79289.6,122.8912
2026-08-25 10:45:00+00:00,79289.6,79452.7,79269.9,79275.7,186.7714
2026-08-25 11:00:00+00:00,79275.7,79365.3,79057.7,79069.6,296.4525
2026-08-25 11:15:00+00:00,79069.6,79285.6,79029.1,79227.7,254.634
2026-08-25 11:30:00+00:00,79227.7,79456.1,79126.8,79126.9,225.5574
2026-08-25 11:45:00+00:00,79126.9,79159.4,79006.8,79096.8,241.7953
2026-08-25 12:00:00+00:00,79096.8,79153.0,78638.4,79055.2,947.9265
2026-08-25 12:15:00+00:00,79055.2,79059.4,78600.0,78861.5,697.6885
2026-08-25 12:30:00+00:00,78861.5,78982.8,78738.8,78907.1,333.7321
2026-08-25 12:45:00+00:00,78907.1,79063.7,78864.1,78950.0,304.9234
2026-08-25 13:00:00+00:00,78950.0,79054.7,78689.8,78781.6,458.4237
2026-08-25 13:15:00+00:00,78781.6,78797.1,78541.8,78615.1,824.4676
2026-08-25 13:30:00+00:00,78615.1,79194.7,78570.5,78614.5,1592.5971
2026-08-25 13:45:00+00:00,78614.5,78641.7,78100.0,78626.2,5464.0842
2026-08-25 14:00:00+00:00,78626.2,79030.5,78505.4,78973.9,991.932
2026-08-25 14:15:00+00:00,78973.9,79281.5,78871.2,79173.4,1119.8377
2026-08-25 14:30:00+00:00,79173.4,79359.1,79002.5,79141.4,1131.2214
2026-08-25 14:45:00+00:00,79141.4,79344.7,79128.1,79211.3,483.7456
2026-08-25 15:00:00+00:00,79211.3,79325.3,79027.8,79079.5,495.7948
2026-08-25 15:15:00+00:00,79079.5,79253.4,78980.3,79199.4,376.6724
2026-08-25 15:30:00+00:00,79199.4,79452.1,79138.7,79365.7,447.3946
2026-08-25 15:45:00+00:00,79365.7,79496.7,79225.4,79462.9,290.4104
2026-08-25 16:00:00+00:00,79462.9,79539.7,79116.9,79130.5,389.5205
2026-08-25 16:15:00+00:00,79130.5,79241.0,79035.2,79109.0,252.9078
2026-08-25 16:30:00+00:00,79109.0,79327.9,79103.3,79188.1,267.8158
2026-08-25 16:45:00+00:00,79188.1,79326.9,79059.9,79121.3,275.9636
2026-08-25 17:00:00+00:00,79121.3,79121.3,78825.6,78946.2,433.2964
2026-08-25 17:15:00+00:00,78946.2,79000.0,78720.0,78777.1,300.9234
2026-08-25 17:30:00+00:00,78777.1,79156.4,78777.0,79109.4,223.7215
2026-08-25 17:45:00+00:00,79109.4,79229.8,79109.4,79203.1,157.6377
2026-08-25 18:00:00+00:00,79203.1,79347.0,79180.6,79288.9,382.5667
2026-08-25 18:15:00+00:00,79288.9,79307.6,79203.0,79235.8,165.7977
2026-08-25 18:30:00+00:00,79235.8,79235.8,79066.3,79135.2,141.4083
2026-08-25 18:45:00+00:00,79135.2,79209.8,79012.8,79090.5,118.6045
2026-08-25 19:00:00+00:00,79090.5,79158.5,78976.3,79126.1,170.2048
2026-08-25 19:15:00+00:00,79126.1,79199.9,78870.3,78895.0,160.2362
2026-08-25 19:30:00+00:00,78895.0,78912.4,78684.7,78709.9,253.0591
2026-08-25 19:45:00+00:00,78709.9,78910.9,78703.8,78890.7,175.7398
2026-08-25 20:00:00+00:00,78890.7,78945.3,78631.0,78844.8,373.0897
2026-08-25 20:15:00+00:00,78844.8,78929.2,78728.2,78733.3,150.2595
2026-08-25 20:30:00+00:00,78733.3,78755.3,78328.1,78435.9,514.4055
2026-08-25 20:45:00+00:00,78435.9,78511.2,78140.7,78168.6,810.4821
2026-08-25 21:00:00+00:00,78168.6,78275.9,77810.6,78252.9,11222.9724
2026-08-25 21:15:00+00:00,78252.9,78450.0,78167.0,78427.9,317.3621
2026-08-25 21:30:00+00:00,78427.9,78618.5,78338.4,78551.9,341.2546
2026-08-25 21:45:00+00:00,78551.9,78635.3,78502.0,78535.8,318.415
2026-08-25 22:00:00+00:00,78535.8,78913.0,78535.8,78893.6,306.5004
2026-08-25 22:15:00+00:00,78893.6,78977.3,78567.4,78617.0,246.2724
2026-08-25 22:30:00+00:00,78617.0,78837.9,78559.8,78745.2,196.508
2026-08-25 22:45:00+00:00,78745.2,78919.0,78740.9,78850.1,100.4453
2026-08-25 23:00:00+00:00,78850.1,78937.4,78769.1,78918.2,180.8311
2026-08-25 23:15:00+00:00,78918.2,78937.0,78586.5,78699.1,237.0633
2026-08-25 23:30:00+00:00,78699.1,78766.0,78473.8,78559.9,202.1956
2026-08-25 23:45:00+00:00,78559.9,78572.2,78353.2,78505.4,382.6893
2026-08-26 00:00:00+00:00,78505.4,78598.7,78272.8,78324.1,610.7355
2026-08-26 00:15:00+00:00,78324.1,78574.9,78300.2,78557.9,213.0386
2026-08-26 00:30:00+00:00,78557.9,78642.6,78330.6,78362.0,327.4404
2026-08-26 00:45:00+00:00,78362.0,78680.3,78333.1,78593.0,272.2811
2026-08-26 01:00:00+00:00,78593.0,78870.0,78562.6,78709.7,308.1893
2026-08-26 01:15:00+00:00,78709.7,78837.9,78649.4,78676.9,203.1226
2026-08-26 01:30:00+00:00,78676.9,78925.0,78676.9,78833.8,182.4823
2026-08-26 01:45:00+00:00,78833.8,78836.5,78722.1,78780.9,100.6869
2026-08-26 02:00:00+00:00,78780.9,78846.0,78708.5,78743.7,138.888
2026-08-26 02:15:00+00:00,78743.7,79200.3,78699.8,79185.2,328.618
2026-08-26 02:30:00+00:00,79185.2,79200.1,79081.4,79106.8,151.2368
2026-08-26 02:45:00+00:00,79106.8,79139.6,78996.1,79070.0,121.6901
2026-08-26 03:00:00+00:00,79070.0,79149.2,78999.8,79003.2,172.2683
2026-08-26 03:15:00+00:00,79003.2,79076.8,78950.0,79007.5,113.4473
2026-08-26 03:30:00+00:00,79007.5,79088.0,78852.2,79023.6,122.0677
2026-08-26 03:45:00+00:00,79023.6,79078.1,78910.9,79049.1,80.6091
2026-08-26 04:00:00+00:00,79049.1,79149.4,78921.1,79008.5,175.1332
2026-08-26 04:15:00+00:00,79008.5,79100.1,78938.5,78976.7,129.7633
2026-08-26 04:30:00+00:00,78976.7,79019.0,78849.9,78929.1,100.9782
2026-08-26 04:45:00+00:00,78929.1,78929.1,78751.0,78792.2,132.7137
2026-08-26 05:00:00+00:00,78792.2,78926.2,78601.0,78865.0,276.9386
2026-08-26 05:15:00+00:00,78865.0,79040.1,78712.2,78990.3,268.0977
2026-08-26 05:30:00+00:00,78990.3,79104.9,78946.6,79079.8,172.4204
2026-08-26 05:45:00+00:00,79079.8,79079.8,78912.9,79052.4,134.1617
2026-08-26 06:00:00+00:00,79052.4,79179.8,78932.2,78967.4,216.3664
2026-08-26 06:15:00+00:00,78967.4,79019.6,78791.2,78868.9,146.638
2026-08-26 06:30:00+00:00,78868.9,78930.0,78776.4,78904.5,157.9852
2026-08-26 06:45:00+00:00,78904.5,78935.9,78826.9,78908.8,104.164
2026-08-26 07:00:00+00:00,78908.8,79065.0,78824.5,78955.0,145.5654
2026-08-26 07:15:00+00:00,78955.0,78998.8,78860.2,78904.4,111.4393
2026-08-26 07:30:00+00:00,78904.4,79017.6,78848.7,78959.9,114.3081
2026-08-26 07:45:00+00:00,78959.9,79025.6,78881.4,78886.9,98.9577
2026-08-26 08:00:00+00:00,78886.9,79087.7,78792.5,79002.0,182.0817
2026-08-26 08:15:00+00:00,79002.0,79083.7,78871.6,78950.3,90.5902
2026-08-26 08:30:00+00:00,78950.3,78994.8,78865.0,78969.1,134.9641
2026-08-26 08:45:00+00:00,78969.1,78984.8,78570.2,78676.9,248.511
2026-08-26 09:00:00+00:00,78676.9,78849.9,78635.0,78744.6,187.1791
2026-08-26 09:15:00+00:00,78744.6,78744.6,78363.1,78501.2,397.5837
2026-08-26 09:30:00+00:00,78501.2,78563.4,78285.7,78290.3,265.6776
2026-08-26 09:45:00+00:00,78290.3,78465.1,78207.9,78419.8,231.1472
2026-08-26 10:00:00+00:00,78419.8,78449.0,78260.5,78396.8,161.246
2026-08-26 10:15:00+00:00,78396.8,78607.5,78389.4,78593.0,152.2377
2026-08-26 10:30:00+00:00,78593.0,78780.2,78530.8,78689.7,200.1541
2026-08-26 10:45:00+00:00,78689.7,78849.8,78661.2,78688.5,225.8805
2026-08-26 11:00:00+00:00,78688.5,78749.9,78615.0,78670.1,135.8962
2026-08-26 11:15:00+00:00,78670.1,78705.4,78577.9,78590.1,141.5209
2026-08-26 11:30:00+00:00,78590.1,78595.9,78274.2,78438.9,331.1254
2026-08-26 11:45:00+00:00,78438.9,78541.9,78341.0,78442.6,157.8029
2026-08-26 12:00:00+00:00,78442.6,78529.6,78318.3,78360.3,207.3991
2026-08-26 12:15:00+00:00,78360.3,78677.9,78248.9,78670.5,244.0167
2026-08-26 12:30:00+00:00,78670.5,78670.5,77908.3,78224.5,102948.2365
2026-08-26 12:45:00+00:00,78224.5,78415.2,78161.0,78280.3,382.5746
2026-08-26 13:00:00+00:00,78280.3,78415.7,77940.0,78088.6,609.5468
2026-08-26 13:15:00+00:00,78088.6,78142.7,77864.8,78011.4,492.5935
2026-08-26 13:30:00+00:00,78011.4,78461.7,78011.4,78450.2,1299.6055
2026-08-26 13:45:00+00:00,78450.2,78518.6,78072.5,78406.9,708.2477
2026-08-26 14:00:00+00:00,78406.9,78560.1,78255.5,78417.9,471.6296
2026-08-26 14:15:00+00:00,78417.9,78530.8,78160.3,78202.2,425.2414
2026-08-26 14:30:00+00:00,78202.2,78243.5,77900.7,77941.5,511.1181
2026-08-26 14:45:00+00:00,77941.5,78011.0,77727.0,77763.7,708.2486
2026-08-26 15:00:00+00:00,77763.7,77927.1,77601.9,77813.1,694.2385
2026-08-26 15:15:00+00:00,77813.1,78137.1,77692.3,78128.8,392.5102
2026-08-26 15:30:00+00:00,78128.8,78141.7,77891.6,78007.4,252.5377
2026-08-26 15:45:00+00:00,78007.4,78115.8,77936.3,77980.5,220.0207
2026-08-26 16:00:00+00:00,77980.5,78131.3,77938.6,78043.6,187.5357
2026-08-26 16:15:00+00:00,78043.6,78102.7,77943.0,78027.1,183.7582
2026-08-26 16:30:00+00:00,78027.1,78120.0,77820.3,77837.7,291.1721
2026-08-26 16:45:00+00:00,77837.7,78138.0,77837.7,77961.1,243.7006
2026-08-26 17:00:00+00:00,77961.1,78107.5,77961.1,78101.2,125.6107
2026-08-26 17:15:00+00:00,78101.2,78486.1,78101.2,78486.0,497.5462
2026-08-26 17:30:00+00:00,78486.0,78580.7,78455.5,78480.6,284.9732
2026-08-26 17:45:00+00:00,78480.6,78484.5,78328.5,78403.9,173.4516
2026-08-26 18:00:00+00:00,78403.9,78620.3,78360.3,78535.5,263.1072
2026-08-26 18:15:00+00:00,78535.5,78570.6,78397.8,78432.1,161.6972
2026-08-26 18:30:00+00:00,78432.1,78456.2,78244.2,78271.4,211.3376
2026-08-26 18:45:00+00:00,78271.4,78474.0,78256.7,78440.0,98.9178
2026-08-26 19:00:00+00:00,78440.0,78485.9,78340.6,78347.7,126.4355
2026-08-26 19:15:00+00:00,78347.7,78545.3,78252.0,78491.9,205.1504
2026-08-26 19:30:00+00:00,78491.9,78515.3,78339.8,78398.9,131.0272
2026-08-26 19:45:00+00:00,78398.9,78499.6,78398.8,78436.9,185.2152
2026-08-26 20:00:00+00:00,78436.9,78492.1,78354.2,78377.3,110.6693
2026-08-26 20:15:00+00:00,78377.3,78422.6,78156.3,78364.6,276.3321
2026-08-26 20:30:00+00:00,78364.6,78395.2,78243.5,78358.4,106.0654
2026-08-26 20:45:00+00:00,78358.4,78421.6,78341.2,78418.0,52.2966
2026-08-26 21:00:00+00:00,78418.0,78769.9,78347.6,78749.9,263.9587
2026-08-26 21:15:00+00:00,78749.9,78800.3,78667.0,78706.7,234.2607
2026-08-26 21:30:00+00:00,78706.7,78799.9,78612.0,78680.7,116.4595
2026-08-26 21:45:00+00:00,78680.7,78769.6,78630.4,78682.9,92.4948
2026-08-26 22:00:00+00:00,78682.9,78839.0,78640.0,78746.5,188.9917
2026-08-26 22:15:00+00:00,78746.5,78945.0,78724.9,78784.3,253.3886
2026-08-26 22:30:00+00:00,78784.3,78784.3,78552.0,78658.0,147.7472
2026-08-26 22:45:00+00:00,78658.0,78702.6,78514.0,78656.6,129.9823
2026-08-26 23:00:00+00:00,78656.6,78717.7,78607.4,78671.9,89.1446
2026-08-26 23:15:00+00:00,78671.9,78860.2,78636.1,78821.8,123.1526
2026-08-26 23:30:00+00:00,78821.8,79028.1,78821.7,79010.4,334.7646
2026-08-26 23:45:00+00:00,79010.4,79133.5,78962.3,78989.3,236.818
2026-08-27 00:00:00+00:00,78989.3,78999.2,78774.6,78803.7,242.4583
2026-08-27 00:15:00+00:00,78803.7,78909.9,78775.9,78871.4,144.2156
2026-08-27 00:30:00+00:00,78871.4,78875.9,78750.2,78842.5,172.1858
2026-08-27 00:45:00+00:00,78842.5,78853.3,78649.8,78650.2,158.6107
2026-08-27 01:00:00+00:00,78650.2,78747.2,78598.5,78628.2,180.5438
2026-08-27 01:15:00+00:00,78628.2,78935.8,78522.6,78902.8,180.0521
2026-08-27 01:30:00+00:00,78902.8,78947.6,78676.9,78677.1,180.4815
2026-08-27 01:45:00+00:00,78677.1,78988.8,78662.8,78864.6,186.1983
2026-08-27 02:00:00+00:00,78864.6,78950.9,78818.7,78842.8,146.2707
2026-08-27 02:15:00+00:00,78842.8,78842.8,78686.9,78726.5,87.4036
2026-08-27 02:30:00+00:00,78726.5,78767.4,78671.2,78700.0,76.2216
2026-08-27 02:45:00+00:00,78700.0,78756.0,78679.9,78697.0,105.4008
2026-08-27 03:00:00+00:00,78697.0,78754.2,78634.8,78641.4,79.4324
2026-08-27 03:15:00+00:00,78641.4,78966.4,78605.5,78862.1,319.1781
2026-08-27 03:30:00+00:00,78862.1,78896.5,78799.3,78845.8,141.8693
2026-08-27 03:45:00+00:00,78845.8,78899.9,78738.2,78801.7,176.8671
2026-08-27 04:00:00+00:00,78801.7,78863.8,78765.5,78827.7,52.5009
2026-08-27 04:15:00+00:00,78827.7,78873.6,78745.4,78745.4,52.9209
2026-08-27 04:30:00+00:00,78745.4,78787.4,78650.9,78783.6,69.2365
2026-08-27 04:45:00+00:00,78783.6,78791.0,78672.8,78745.8,42.6822
2026-08-27 05:00:00+00:00,78745.8,78749.9,78615.8,78616.5,52.9425
2026-08-27 05:15:00+00:00,78616.5,78771.8,78605.5,78638.0,62.0892
2026-08-27 05:30:00+00:00,78638.0,78776.3,78566.3,78681.6,96.4815
2026-08-27 05:45:00+00:00,78681.6,78904.4,78676.4,78887.8,135.5912
2026-08-27 06:00:00+00:00,78887.8,78887.8,78621.8,78652.1,85.8291
2026-08-27 06:15:00+00:00,78652.1,78771.0,78580.5,78633.5,137.1278
2026-08-27 06:30:00+00:00,78633.5,78771.6,78633.5,78727.7,202.3964
2026-08-27 06:45:00+00:00,78727.7,78818.3,78724.8,78795.6,68.4181
2026-08-27 07:00:00+00:00,78795.6,78837.8,78732.3,78803.1,56.1951
2026-08-27 07:15:00+00:00,78803.1,78817.6,78719.6,78767.0,54.4038
2026-08-27 07:30:00+00:00,78767.0,78850.0,78759.9,78811.8,96.9799
2026-08-27 07:45:00+00:00,78811.8,79074.0,78811.8,79054.0,158.6496
2026-08-27 08:00:00+00:00,79054.0,79838.9,79014.6,79599.8,1410.9973
2026-08-27 08:15:00+00:00,79599.8,79715.6,79410.7,79712.7,399.0445
2026-08-27 08:30:00+00:00,79712.7,79962.8,79676.5,79879.7,429.5186
2026-08-27 08:45:00+00:00,79879.7,79992.2,79644.8,79722.6,343.5824
2026-08-27 09:00:00+00:00,79722.6,79848.4,79640.5,79847.3,281.4972
2026-08-27 09:15:00+00:00,79847.3,80465.0,79756.5,80463.0,1408.0565
2026-08-27 09:30:00+00:00,80463.0,80499.7,80163.3,80219.1,408.9176
2026-08-27 09:45:00+00:00,80219.1,80247.5,79882.8,79957.6,358.8722
2026-08-27 10:00:00+00:00,79957.6,80128.5,79766.5,79899.8,351.7453
2026-08-27 10:15:00+00:00,79899.8,79989.8,79300.3,79631.2,4411.5079
2026-08-27 10:30:00+00:00,79631.2,79643.7,79325.0,79572.0,426.2847
2026-08-27 10:45:00+00:00,79572.0,79599.9,79460.8,79599.3,189.8995
2026-08-27 11:00:00+00:00,79599.3,79726.1,79523.3,79720.4,230.379
2026-08-27 11:15:00+00:00,79720.4,79739.1,79450.2,79490.0,253.3465
2026-08-27 11:30:00+00:00,79490.0,79533.1,79343.0,79396.3,241.8289
2026-08-27 11:45:00+00:00,79396.3,79472.3,79141.6,79440.1,454.0355
2026-08-27 12:00:00+00:00,79440.1,79531.3,79340.9,79461.6,168.9128
2026-08-27 12:15:00+00:00,79461.6,79558.4,79353.2,79512.4,127.8312
2026-08-27 12:30:00+00:00,79512.4,79519.8,79225.7,79238.8,238.5845
2026-08-27 12:45:00+00:00,79238.8,79323.0,79234.5,79247.1,103.1003
2026-08-27 13:00:00+00:00,79247.1,79353.2,79235.8,79330.0,205.0923
2026-08-27 13:15:00+00:00,79330.0,79462.4,79272.2,79317.5,259.4247
2026-08-27 13:30:00+00:00,79317.5,79329.8,79070.6,79205.4,1047.9649
2026-08-27 13:45:00+00:00,79205.4,79537.6,78873.2,79492.9,996.5669
2026-08-27 14:00:00+00:00,79492.9,79760.9,79308.0,79418.3,743.2962
2026-08-27 14:15:00+00:00,79418.3,79879.4,79353.9,79871.8,553.6229
2026-08-27 14:30:00+00:00,79871.8,80350.0,79753.0,80323.1,784.6149
2026-08-27 14:45:00+00:00,80323.1,80323.1,79960.9,80161.1,603.1216
2026-08-27 15:00:00+00:00,80161.1,80766.2,80047.9,80637.9,1567.6549
2026-08-27 15:15:00+00:00,80637.9,80709.6,80379.6,80563.8,832.3337
2026-08-27 15:30:00+00:00,80563.8,80574.9,80312.3,80459.1,497.8777
2026-08-27 15:45:00+00:00,80459.1,80479.0,80257.9,80273.2,309.1631
2026-08-27 16:00:00+00:00,80273.2,80509.5,80162.5,80377.2,323.2513
2026-08-27 16:15:00+00:00,80377.2,80503.7,80357.1,80375.3,326.1412
2026-08-27 16:30:00+00:00,80375.3,80596.4,80235.2,80532.1,360.8068
2026-08-27 16:45:00+00:00,80532.1,80579.6,80315.9,80335.6,297.7959
2026-08-27 17:00:00+00:00,80335.6,80647.2,80199.6,80599.5,433.2547
2026-08-27 17:15:00+00:00,80599.5,80831.1,80561.5,80687.4,543.3534
2026-08-27 17:30:00+00:00,80687.4,80783.7,80429.4,80459.5,318.0793
2026-08-27 17:45:00+00:00,80459.5,80539.8,80399.6,80414.6,181.7312
2026-08-27 18:00:00+00:00,80414.6,80414.6,79943.1,80049.6,861.8407
2026-08-27 18:15:00+00:00,80049.6,80174.0,79706.9,79887.7,608.8134
2026-08-27 18:30:00+00:00,79887.7,79984.0,79793.5,79931.9,206.4802
2026-08-27 18:45:00+00:00,79931.9,80119.9,79866.9,80119.9,190.0759
2026-08-27 19:00:00+00:00,80119.9,80252.0,80077.8,80122.3,170.6014
2026-08-27 19:15:00+00:00,80122.3,80199.5,79999.9,80142.9,133.9761
2026-08-27 19:30:00+00:00,80142.9,80195.0,79939.6,79969.8,136.7411
2026-08-27 19:45:00+00:00,79969.8,80019.0,79844.8,79877.5,133.1514
2026-08-27 20:00:00+00:00,79877.5,80014.5,79843.0,79922.0,142.6557
2026-08-27 20:15:00+00:00,79922.0,80090.8,79912.8,79952.9,102.7021
2026-08-27 20:30:00+00:00,79952.9,80015.1,79937.1,79980.1,63.7141
2026-08-27 20:45:00+00:00,79980.1,80066.2,79925.6,80066.2,125.6674
2026-08-27 21:00:00+00:00,80066.2,80129.4,79984.5,80059.7,115.0589
2026-08-27 21:15:00+00:00,80059.7,80095.8,79948.1,79999.6,142.3368
2026-08-27 21:30:00+00:00,79999.6,80092.4,79936.4,79997.4,100.9114
2026-08-27 21:45:00+00:00,79997.4,80150.1,79965.7,80149.6,118.2938
2026-08-27 22:00:00+00:00,80149.6,80282.8,80149.6,80207.2,136.8726
2026-08-27 22:15:00+00:00,80207.2,80399.4,80160.8,80200.3,237.2386
2026-08-27 22:30:00+00:00,80200.3,80260.1,80110.1,80247.7,103.119
2026-08-27 22:45:00+00:00,80247.7,80266.4,80177.2,80264.8,60.9208
2026-08-27 23:00:00+00:00,80264.8,80266.4,80104.7,80130.6,77.5077
2026-08-27 23:15:00+00:00,80130.6,80359.0,80091.2,80281.3,124.3613
2026-08-27 23:30:00+00:00,80281.3,80285.7,80206.0,80222.9,64.4473
2026-08-27 23:45:00+00:00,80222.9,80282.1,80150.0,80208.8,60.6129
2026-08-28 00:00:00+00:00,80208.8,80238.7,80110.6,80176.0,104.4644
2026-08-28 00:15:00+00:00,80176.0,80428.4,80176.0,80382.7,413.0599
2026-08-28 00:30:00+00:00,80382.7,80464.4,80313.2,80383.9,166.0286
2026-08-28 00:45:00+00:00,80383.9,80678.4,80306.3,80537.5,247.1889
2026-08-28 01:00:00+00:00,80537.5,80845.0,80537.4,80710.9,404.9132
2026-08-28 01:15:00+00:00,80710.9,81147.0,80643.8,81096.0,802.1257
2026-08-28 01:30:00+00:00,81096.0,81470.1,80768.7,80809.5,6276.9759
2026-08-28 01:45:00+00:00,80809.5,80861.4,80399.5,80467.2,481.7591
2026-08-28 02:00:00+00:00,80467.2,80467.2,80191.2,80200.1,421.6505
2026-08-28 02:15:00+00:00,80200.1,80267.9,79882.7,79884.0,597.2055
2026-08-28 02:30:00+00:00,79884.0,80124.9,79786.1,80004.8,468.857
2026-08-28 02:45:00+00:00,80004.8,80004.8,79675.3,79888.0,620.2942
2026-08-28 03:00:00+00:00,79888.0,79946.6,79732.0,79836.7,260.9418
2026-08-28 03:15:00+00:00,79836.7,80017.3,79836.6,79871.3,167.7918
2026-08-28 03:30:00+00:00,79871.3,79959.9,79777.0,79788.6,222.9276
2026-08-28 03:45:00+00:00,79788.6,79835.8,79753.5,79783.2,103.6793
2026-08-28 04:00:00+00:00,79783.2,79828.9,79569.8,79822.4,369.8566
2026-08-28 04:15:00+00:00,79822.4,79942.2,79784.6,79784.9,130.9687
2026-08-28 04:30:00+00:00,79784.9,79819.1,79607.1,79684.5,135.7696
2026-08-28 04:45:00+00:00,79684.5,79719.8,79599.6,79616.1,99.2995
2026-08-28 05:00:00+00:00,79616.1,79698.7,79529.4,79612.9,195.6498
2026-08-28 05:15:00+00:00,79612.9,79708.6,79539.9,79699.6,130.8617
2026-08-28 05:30:00+00:00,79699.6,79836.9,79675.2,79786.2,125.5372
2026-08-28 05:45:00+00:00,79786.2,79847.1,79614.2,79657.7,91.7208
2026-08-28 06:00:00+00:00,79657.7,79887.6,79657.7,79877.0,122.513
2026-08-28 06:15:00+00:00,79877.0,79877.0,79767.7,79799.7,68.6872
2026-08-28 06:30:00+00:00,79799.7,79848.9,79763.6,79834.5,86.9198
2026-08-28 06:45:00+00:00,79834.5,79970.7,79834.5,79863.8,76.416
2026-08-28 07:00:00+00:00,79863.8,79863.8,79630.5,79661.9,132.1548
2026-08-28 07:15:00+00:00,79661.9,79791.3,79643.4,79775.3,68.6981
2026-08-28 07:30:00+00:00,79775.3,79783.1,79543.2,79560.6,230.2791
2026-08-28 07:45:00+00:00,79560.6,79648.2,79560.5,79645.6,142.0227
2026-08-28 08:00:00+00:00,79645.6,79814.9,79645.6,79709.5,101.5022
2026-08-28 08:15:00+00:00,79709.5,79810.0,79709.4,79747.3,61.0733
2026-08-28 08:30:00+00:00,79747.3,79783.7,79682.3,79682.5,80.5308
2026-08-28 08:45:00+00:00,79682.5,79700.0,79440.0,79484.0,255.909
2026-08-28 09:00:00+00:00,79484.0,79484.0,79187.6,79352.4,588.2404
2026-08-28 09:15:00+00:00,79352.4,79439.1,79336.1,79352.9,73.087
2026-08-28 09:30:00+00:00,79352.9,79412.0,79238.7,79238.7,160.9172
2026-08-28 09:45:00+00:00,79238.7,79326.0,79238.7,79254.4,81.534
2026-08-28 10:00:00+00:00,79254.4,79285.4,78966.2,79181.0,443.1012
2026-08-28 10:15:00+00:00,79181.0,79275.9,79110.1,79265.2,99.1796
2026-08-28 10:30:00+00:00,79265.2,79346.7,79255.9,79290.2,90.23
2026-08-28 10:45:00+00:00,79290.2,79543.8,79274.9,79528.5,207.9189
2026-08-28 11:00:00+00:00,79528.5,79684.2,79510.3,79659.1,171.5961
2026-08-28 11:15:00+00:00,79659.1,79733.9,79607.9,79628.0,145.7045
2026-08-28 11:30:00+00:00,79628.0,79708.7,79545.0,79584.7,129.058
2026-08-28 11:45:00+00:00,79584.7,79610.2,79518.2,79563.2,63.03
2026-08-28 12:00:00+00:00,79563.2,79638.3,79468.0,79496.9,159.3349
2026-08-28 12:15:00+00:00,79496.9,79685.1,79476.0,79481.4,144.7761
2026-08-28 12:30:00+00:00,79481.4,79493.6,79264.1,79377.1,194.4055
2026-08-28 12:45:00+00:00,79377.1,79413.3,79313.9,79383.7,78.1994
2026-08-28 13:00:00+00:00,79383.7,79447.7,79237.7,79343.1,155.6472
2026-08-28 13:15:00+00:00,79343.1,79343.1,78978.3,79160.2,676.4498
2026-08-28 13:30:00+00:00,79160.2,79332.0,78987.4,79052.1,529.4843
2026-08-28 13:45:00+00:00,79052.1,79509.0,79031.3,79322.9,630.6298
2026-08-28 14:00:00+00:00,79322.9,79676.1,78400.1,78599.8,45575.9263
2026-08-28 14:15:00+00:00,78599.8,78993.7,78475.1,78909.9,1084.7895
2026-08-28 14:30:00+00:00,78909.9,79665.4,78805.9,79382.7,1599.8608
2026-08-28 14:45:00+00:00,79382.7,79568.1,79056.0,79509.9,830.9807
2026-08-28 15:00:00+00:00,79509.9,79810.3,79250.0,79269.9,1063.2733
2026-08-28 15:15:00+00:00,79269.9,79489.5,79206.7,79309.8,425.9363
2026-08-28 15:30:00+00:00,79309.8,79320.0,78743.9,78764.7,835.1071
2026-08-28 15:45:00+00:00,78764.7,78887.3,78288.9,78308.6,734.8633
2026-08-28 16:00:00+00:00,78308.6,78378.0,77799.9,77800.0,2174.3916
2026-08-28 16:15:00+00:00,77800.0,77838.7,76853.0,77507.1,8956.6953
2026-08-28 16:30:00+00:00,77507.1,77934.7,77480.9,77768.3,1085.8696
2026-08-28 16:45:00+00:00,77768.3,77968.5,77736.9,77755.9,528.4781
2026-08-28 17:00:00+00:00,77755.9,78015.0,77627.4,77973.3,734.9307
2026-08-28 17:15:00+00:00,77973.3,78096.9,77791.4,77915.8,504.6263
2026-08-28 17:30:00+00:00,77915.8,77974.7,77668.4,77757.5,213.446
2026-08-28 17:45:00+00:00,77757.5,77963.9,77757.5,77877.0,344.535
2026-08-28 18:00:00+00:00,77877.0,77913.0,77702.9,77711.4,201.6118
2026-08-28 18:15:00+00:00,77711.4,77769.4,77479.0,77559.3,291.9117
2026-08-28 18:30:00+00:00,77559.3,77599.9,77315.6,77390.3,392.6163
2026-08-28 18:45:00+00:00,77390.3,77533.3,77242.6,77533.3,318.4102
2026-08-28 19:00:00+00:00,77533.3,77714.1,77489.4,77640.7,216.3011
2026-08-28 19:15:00+00:00,77640.7,77790.9,77597.1,77670.5,226.006
2026-08-28 19:30:00+00:00,77670.5,77681.8,77509.8,77509.9,124.3619
2026-08-28 19:45:00+00:00,77509.9,77557.9,77344.5,77545.8,283.3647
2026-08-28 20:00:00+00:00,77545.8,77583.8,77442.8,77541.4,329.4814
2026-08-28 20:15:00+00:00,77541.4,77541.4,77384.0,77485.9,110.5899
2026-08-28 20:30:00+00:00,77485.9,77485.9,77279.9,77374.2,121.8708
2026-08-28 20:45:00+00:00,77374.2,77435.1,77308.8,77377.0,75.0766
2026-08-28 21:00:00+00:00,77377.0,77409.7,77300.0,77374.1,62.213
2026-08-28 21:15:00+00:00,77374.1,77398.2,77288.4,77379.4,58.0546
2026-08-28 21:30:00+00:00,77379.4,77507.6,77379.4,77449.3,107.8899
2026-08-28 21:45:00+00:00,77449.3,77449.4,77215.3,77341.9,121.6898
2026-08-28 22:00:00+00:00,77341.9,77428.7,77310.8,77421.8,101.6591
2026-08-28 22:15:00+00:00,77421.8,77561.9,77365.6,77540.0,88.3948
2026-08-28 22:30:00+00:00,77540.0,77719.9,77528.1,77709.0,181.0822
2026-08-28 22:45:00+00:00,77709.0,77739.5,77645.0,77723.8,93.0403
2026-08-28 23:00:00+00:00,77723.8,77747.8,77647.1,77733.0,74.8592
2026-08-28 23:15:00+00:00,77733.0,77733.0,77628.3,77649.9,89.6893
2026-08-28 23:30:00+00:00,77649.9,77684.3,77640.9,77662.0,52.42
2026-08-28 23:45:00+00:00,77662.0,77821.1,77606.8,77806.0,62.4945
2026-08-29 00:00:00+00:00,77806.0,77856.7,77750.2,77780.0,72.7536
2026-08-29 00:15:00+00:00,77780.0,77920.0,77780.0,77868.1,149.9587
2026-08-29 00:30:00+00:00,77868.1,77868.1,77733.0,77756.7,49.2862
2026-08-29 00:45:00+00:00,77756.7,77786.8,77686.0,77703.5,54.7148
2026-08-29 01:00:00+00:00,77703.5,77703.5,77602.5,77610.1,49.2844
2026-08-29 01:15:00+00:00,77610.1,77761.3,77610.1,77761.1,29.1953
2026-08-29 01:30:00+00:00,77761.1,77799.8,77727.2,77798.2,30.6025
2026-08-29 01:45:00+00:00,77798.2,77815.8,77721.6,77762.1,37.6291
2026-08-29 02:00:00+00:00,77762.1,77797.2,77708.5,77708.6,35.3576
2026-08-29 02:15:00+00:00,77708.6,77718.7,77545.6,77604.2,69.9113
2026-08-29 02:30:00+00:00,77604.2,77647.6,77560.9,77591.3,57.4315
2026-08-29 02:45:00+00:00,77591.3,77684.5,77591.3,77642.9,35.2109
2026-08-29 03:00:00+00:00,77642.9,77699.9,77642.9,77653.0,29.029
2026-08-29 03:15:00+00:00,77653.0,77687.8,77600.1,77657.1,38.0884
2026-08-29 03:30:00+00:00,77657.1,77678.8,77549.9,77591.6,41.1746
2026-08-29 03:45:00+00:00,77591.6,77591.6,77478.0,77482.0,48.7323
2026-08-29 04:00:00+00:00,77482.0,77572.2,77482.0,77561.1,34.9785
2026-08-29 04:15:00+00:00,77561.1,77589.7,77553.6,77581.6,35.5957
2026-08-29 04:30:00+00:00,77581.6,77616.2,77555.0,77588.0,28.7483
2026-08-29 04:45:00+00:00,77588.0,77651.3,77581.1,77619.5,37.9542
2026-08-29 05:00:00+00:00,77619.5,77689.9,77599.6,77671.1,49.9162
2026-08-29 05:15:00+00:00,77671.1,77674.8,77606.4,77629.4,42.0395
2026-08-29 05:30:00+00:00,77629.4,77691.7,77606.2,77657.9,42.7375
2026-08-29 05:45:00+00:00,77657.9,77667.1,77574.7,77606.7,50.9853
2026-08-29 06:00:00+00:00,77606.7,77607.9,77444.4,77452.9,101.1304
2026-08-29 06:15:00+00:00,77452.9,77494.4,77352.4,77387.2,150.9938
2026-08-29 06:30:00+00:00,77387.2,77463.9,77387.2,77417.3,53.8799
2026-08-29 06:45:00+00:00,77417.3,77449.1,77404.1,77437.2,43.861
2026-08-29 07:00:00+00:00,77437.2,77506.8,77412.5,77436.4,192.4584
2026-08-29 07:15:00+00:00,77436.4,77499.4,77420.8,77491.1,176.9134
2026-08-29 07:30:00+00:00,77491.1,77624.0,77477.8,77623.5,106.0726
2026-08-29 07:45:00+00:00,77623.5,77639.1,77586.4,77586.7,106.4291
2026-08-29 08:00:00+00:00,77586.7,77586.9,77442.0,77489.4,61.8496
2026-08-29 08:15:00+00:00,77489.4,77560.6,77472.3,77559.5,26.5674
2026-08-29 08:30:00+00:00,77559.5,77559.5,77478.3,77550.2,24.3428
2026-08-29 08:45:00+00:00,77550.2,77607.9,77500.1,77607.9,115.8532
2026-08-29 09:00:00+00:00,77607.9,77652.9,77538.9,77613.6,113.0274
2026-08-29 09:15:00+00:00,77613.6,77643.0,77578.7,77599.7,30.9422
2026-08-29 09:30:00+00:00,77599.7,77726.9,77599.6,77627.0,61.5852
2026-08-29 09:45:00+00:00,77627.0,77642.9,77618.6,77618.7,19.3998
2026-08-29 10:00:00+00:00,77618.7,77618.7,77481.7,77548.8,61.8532
2026-08-29 10:15:00+00:00,77548.8,77693.3,77548.8,77638.8,112.9956
2026-08-29 10:30:00+00:00,77638.8,77695.2,77633.2,77652.8,27.0298
2026-08-29 10:45:00+00:00,77652.8,77695.6,77593.5,77602.3,55.5797
2026-08-29 11:00:00+00:00,77602.3,77687.8,77588.9,77687.8,51.9789
2026-08-29 11:15:00+00:00,77687.8,77698.5,77644.2,77661.9,30.1675
2026-08-29 11:30:00+00:00,77661.9,77676.7,77609.1,77611.8,48.731
2026-08-29 11:45:00+00:00,77611.8,77641.2,77540.7,77563.1,45.4218
2026-08-29 12:00:00+00:00,77563.1,77590.5,77540.2,77569.9,34.342
2026-08-29 12:15:00+00:00,77569.9,77631.9,77506.5,77562.8,56.386
2026-08-29 12:30:00+00:00,77562.8,77571.2,77474.9,77549.9,122.3686
2026-08-29 12:45:00+00:00,77549.9,77569.8,77518.5,77559.0,37.9394
2026-08-29 13:00:00+00:00,77559.0,77648.0,77538.5,77629.3,48.8344
2026-08-29 13:15:00+00:00,77629.3,77699.9,77615.0,77622.4,60.397
2026-08-29 13:30:00+00:00,77622.4,77686.8,77608.8,77633.6,37.3223
2026-08-29 13:45:00+00:00,77633.6,77699.8,77622.9,77669.8,26.6395
2026-08-29 14:00:00+00:00,77669.8,77695.7,77626.6,77656.5,43.2797
2026-08-29 14:15:00+00:00,77656.5,77723.8,77641.9,77667.7,67.6881
2026-08-29 14:30:00+00:00,77667.7,77994.9,77656.1,77894.2,295.2789
2026-08-29 14:45:00+00:00,77894.2,78133.1,77894.0,77979.0,366.8382
2026-08-29 15:00:00+00:00,77979.0,77988.7,77834.6,77909.9,100.5684
2026-08-29 15:15:00+00:00,77909.9,77959.9,77832.6,77864.3,93.4495
2026-08-29 15:30:00+00:00,77864.3,77864.3,77777.3,77803.6,60.0055
2026-08-29 15:45:00+00:00,77803.6,77907.6,77767.9,77823.9,53.5883
2026-08-29 16:00:00+00:00,77823.9,77959.1,77822.6,77958.8,94.1716
2026-08-29 16:15:00+00:00,77958.8,78092.6,77873.8,77922.9,187.4004
2026-08-29 16:30:00+00:00,77922.9,77999.8,77855.5,77983.4,70.0697
2026-08-29 16:45:00+00:00,77983.4,78066.5,77961.0,77988.8,67.8408
2026-08-29 17:00:00+00:00,77988.8,78053.5,77979.9,78015.2,47.7616
2026-08-29 17:15:00+00:00,78015.2,78069.9,77949.9,77949.9,49.8714
2026-08-29 17:30:00+00:00,77949.9,77999.8,77863.0,77983.9,67.7769
2026-08-29 17:45:00+00:00,77983.9,78072.6,77955.8,78072.6,44.7417
2026-08-29 18:00:00+00:00,78072.6,78125.3,78030.7,78036.2,68.5466
2026-08-29 18:15:00+00:00,78036.2,78070.3,77988.6,78016.4,54.1665
2026-08-29 18:30:00+00:00,78016.4,78190.9,77982.3,78111.4,128.9041
2026-08-29 18:45:00+00:00,78111.4,78225.0,78107.5,78121.8,91.1417
2026-08-29 19:00:00+00:00,78121.8,78275.0,78121.7,78274.9,63.2923
2026-08-29 19:15:00+00:00,78274.9,78308.1,78204.8,78212.0,59.9893
2026-08-29 19:30:00+00:00,78212.0,78234.0,78154.4,78228.2,79.275
2026-08-29 19:45:00+00:00,78228.2,78237.0,78104.4,78154.7,53.2135
2026-08-29 20:00:00+00:00,78154.7,78274.4,78135.4,78198.5,59.1809
2026-08-29 20:15:00+00:00,78198.5,78233.1,78143.8,78143.8,31.965
2026-08-29 20:30:00+00:00,78143.8,78143.8,78079.9,78102.0,45.1917
2026-08-29 20:45:00+00:00,78102.0,78121.9,78077.5,78094.3,25.2314
2026-08-29 21:00:00+00:00,78094.3,78156.1,78016.3,78116.4,85.8833
2026-08-29 21:15:00+00:00,78116.4,78142.7,78063.4,78068.2,29.6908
2026-08-29 21:30:00+00:00,78068.2,78093.4,78030.9,78066.1,35.5742
2026-08-29 21:45:00+00:00,78066.1,78170.6,78060.7,78131.6,38.0543
2026-08-29 22:00:00+00:00,78131.6,78190.0,78082.5,78106.4,59.1303
2026-08-29 22:15:00+00:00,78106.4,78129.9,78052.8,78117.5,50.5617
2026-08-29 22:30:00+00:00,78117.5,78149.8,78108.3,78140.8,18.9189
2026-08-29 22:45:00+00:00,78140.8,78207.0,78140.7,78193.8,24.4898
2026-08-29 23:00:00+00:00,78193.8,78224.3,78163.0,78206.4,36.5509
2026-08-29 23:15:00+00:00,78206.4,78232.8,78153.2,78224.1,33.806
2026-08-29 23:30:00+00:00,78224.1,78238.7,78190.9,78190.9,26.8612
2026-08-29 23:45:00+00:00,78190.9,78253.5,78190.8,78200.4,29.481
2026-08-30 00:00:00+00:00,78200.4,78206.5,78113.1,78142.8,33.3433
2026-08-30 00:15:00+00:00,78142.8,78297.2,78142.8,78186.2,54.3412
2026-08-30 00:30:00+00:00,78186.2,78273.6,78159.7,78175.8,57.7849
2026-08-30 00:45:00+00:00,78175.8,78224.4,78141.8,78144.5,30.8207
2026-08-30 01:00:00+00:00,78144.5,78159.5,78035.4,78047.3,150.7893
2026-08-30 01:15:00+00:00,78047.3,78047.4,77964.5,77983.0,74.5057
2026-08-30 01:30:00+00:00,77983.0,78044.6,77959.7,78025.6,41.1438
2026-08-30 01:45:00+00:00,78025.6,78109.2,78011.0,78050.5,55.8084
2026-08-30 02:00:00+00:00,78050.5,78100.9,78030.8,78055.8,43.0528
2026-08-30 02:15:00+00:00,78055.8,78058.5,77982.9,78007.0,35.1297
2026-08-30 02:30:00+00:00,78007.0,78094.9,77981.8,78070.8,25.2468
2026-08-30 02:45:00+00:00,78070.8,78154.0,78049.7,78071.8,45.6253
2026-08-30 03:00:00+00:00,78071.8,78096.2,78032.9,78052.3,29.1407
2026-08-30 03:15:00+00:00,78052.3,78135.9,78026.9,78135.9,22.7979
2026-08-30 03:30:00+00:00,78135.9,78210.7,78107.2,78154.7,59.891
2026-08-30 03:45:00+00:00,78154.7,78154.8,78101.4,78101.4,24.2993
2026-08-30 04:00:00+00:00,78101.4,78188.4,78101.3,78125.6,34.2715
2026-08-30 04:15:00+00:00,78125.6,78147.2,78052.8,78085.1,26.4048
2026-08-30 04:30:00+00:00,78085.1,78085.1,77980.0,77980.0,47.7967
2026-08-30 04:45:00+00:00,77980.0,78083.0,77951.8,78083.0,42.5182
2026-08-30 05:00:00+00:00,78083.0,78191.7,78083.0,78122.4,44.941
2026-08-30 05:15:00+00:00,78122.4,78122.4,78107.8,78114.8,8.73
2026-08-30 05:30:00+00:00,78114.8,78114.9,78087.5,78099.8,27.2649
2026-08-30 05:45:00+00:00,78099.8,78111.2,78092.0,78108.6,11.7688
2026-08-30 06:00:00+00:00,78108.6,78120.9,78088.1,78099.6,23.6837
2026-08-30 06:15:00+00:00,78099.6,78170.6,78099.4,78156.0,34.1061
2026-08-30 06:30:00+00:00,78156.0,78276.5,78153.3,78215.1,98.8311
2026-08-30 06:45:00+00:00,78215.1,78286.5,78199.9,78252.5,57.9984
2026-08-30 07:00:00+00:00,78252.5,78265.9,78219.2,78232.7,18.1917
2026-08-30 07:15:00+00:00,78232.7,78232.7,78191.8,78191.8,13.8337
2026-08-30 07:30:00+00:00,78191.8,78191.9,78106.7,78108.0,32.0468
2026-08-30 07:45:00+00:00,78108.0,78129.8,78075.0,78082.6,48.9463
2026-08-30 08:00:00+00:00,78082.6,78175.1,78082.6,78122.1,29.5375
2026-08-30 08:15:00+00:00,78122.1,78179.3,78122.0,78129.5,37.0758
2026-08-30 08:30:00+00:00,78129.5,78129.5,78000.4,78038.4,91.7813
2026-08-30 08:45:00+00:00,78038.4,78061.5,77999.9,78048.9,35.7737
2026-08-30 09:00:00+00:00,78048.9,78072.9,78036.7,78072.7,16.0585
2026-08-30 09:15:00+00:00,78072.7,78091.8,77953.0,77960.3,54.2269
2026-08-30 09:30:00+00:00,77960.3,78026.7,77956.6,78007.5,81.5444
2026-08-30 09:45:00+00:00,78007.5,78033.9,77962.0,77967.7,40.9729
2026-08-30 10:00:00+00:00,77967.7,78046.1,77933.9,77983.2,37.4188
2026-08-30 10:15:00+00:00,77983.2,78099.8,77963.0,78013.5,138.757
2026-08-30 10:30:00+00:00,78013.5,78089.2,78013.4,78080.9,30.6792
2026-08-30 10:45:00+00:00,78080.9,78122.0,78080.8,78118.9,33.7481
2026-08-30 11:00:00+00:00,78118.9,78173.4,78118.5,78139.5,40.3009
2026-08-30 11:15:00+00:00,78139.5,78197.9,78120.4,78197.7,23.7601
2026-08-30 11:30:00+00:00,78197.7,78212.3,78116.5,78155.1,101.5038
2026-08-30 11:45:00+00:00,78155.1,78158.9,78088.0,78141.3,23.9955
2026-08-30 12:00:00+00:00,78141.3,78687.9,78141.3,78624.0,1081.7068
2026-08-30 12:15:00+00:00,78624.0,78624.0,78451.0,78593.3,189.9667
2026-08-30 12:30:00+00:00,78593.3,78823.8,78508.5,78614.7,442.6378
2026-08-30 12:45:00+00:00,78614.7,78750.1,78547.5,78750.1,183.8271
2026-08-30 13:00:00+00:00,78750.1,78798.2,78586.2,78595.2,160.4358
2026-08-30 13:15:00+00:00,78595.2,78694.4,78550.0,78686.7,63.6661
2026-08-30 13:30:00+00:00,78686.7,78786.3,78640.7,78754.1,86.2752
2026-08-30 13:45:00+00:00,78754.1,78930.2,78754.0,78817.6,273.7876
2026-08-30 14:00:00+00:00,78817.6,78906.3,78735.8,78882.0,157.6892
2026-08-30 14:15:00+00:00,78882.0,78899.3,78752.8,78822.4,75.3212
2026-08-30 14:30:00+00:00,78822.4,78898.6,78685.1,78727.8,89.6698
2026-08-30 14:45:00+00:00,78727.8,78790.0,78687.7,78745.7,46.4831
2026-08-30 15:00:00+00:00,78745.7,78847.9,78613.6,78635.8,134.8551
2026-08-30 15:15:00+00:00,78635.8,78808.5,78591.0,78750.2,117.3369
2026-08-30 15:30:00+00:00,78750.2,78825.1,78748.4,78822.9,49.9349
2026-08-30 15:45:00+00:00,78822.9,78876.5,78748.6,78791.0,58.2008
2026-08-30 16:00:00+00:00,78791.0,79168.4,78707.2,79084.9,798.2293
2026-08-30 16:15:00+00:00,79084.9,79221.7,78976.0,79004.3,399.2679
2026-08-30 16:30:00+00:00,79004.3,79231.0,78980.6,79163.0,304.696
2026-08-30 16:45:00+00:00,79163.0,79376.8,79100.2,79304.8,319.9287
2026-08-30 17:00:00+00:00,79304.8,79304.8,79099.9,79142.1,162.8792
2026-08-30 17:15:00+00:00,79142.1,79142.2,78736.8,78902.3,480.077
2026-08-30 17:30:00+00:00,78902.3,79026.9,78835.7,79007.8,164.1868
2026-08-30 17:45:00+00:00,79007.8,79049.8,78922.3,78985.6,90.0627
2026-08-30 18:00:00+00:00,78985.6,79039.9,78730.6,78812.3,136.0436
2026-08-30 18:15:00+00:00,78812.3,78974.6,78812.2,78974.6,55.8309
2026-08-30 18:30:00+00:00,78974.6,79146.9,78974.6,79057.9,151.3442
2026-08-30 18:45:00+00:00,79057.9,79058.3,78981.1,79005.0,67.5516
2026-08-30 19:00:00+00:00,79005.0,79013.9,78901.8,79000.2,62.9602
2026-08-30 19:15:00+00:00,79000.2,79008.6,78879.7,78882.2,83.762
2026-08-30 19:30:00+00:00,78882.2,78916.6,78737.5,78754.4,79.4794
2026-08-30 19:45:00+00:00,78754.4,78837.9,78682.1,78828.2,81.0747
2026-08-30 20:00:00+00:00,78828.2,78891.9,78796.2,78826.5,54.9752
2026-08-30 20:15:00+00:00,78826.5,78899.8,78804.1,78804.2,49.0506
2026-08-30 20:30:00+00:00,78804.2,78859.2,78394.2,78450.6,394.9909
2026-08-30 20:45:00+00:00,78450.6,78713.8,78443.0,78561.3,228.0795
2026-08-30 21:00:00+00:00,78561.3,78561.3,78185.9,78475.3,1217.9986
2026-08-30 21:15:00+00:00,78475.3,78636.2,78436.3,78607.2,125.653
2026-08-30 21:30:00+00:00,78607.2,78709.3,78564.0,78609.3,121.2064
2026-08-30 21:45:00+00:00,78609.3,78666.7,78511.5,78623.4,119.2634
2026-08-30 22:00:00+00:00,78623.4,78776.3,78487.9,78534.1,284.6715
2026-08-30 22:15:00+00:00,78534.1,78534.1,78267.1,78350.9,242.8221
2026-08-30 22:30:00+00:00,78350.9,78511.9,78240.1,78420.0,197.6146
2026-08-30 22:45:00+00:00,78420.0,78479.0,78340.5,78390.0,136.9779
2026-08-30 23:00:00+00:00,78390.0,78428.5,78271.4,78334.3,190.3382
2026-08-30 23:15:00+00:00,78334.3,78374.8,77614.7,77647.8,17681.4873
2026-08-30 23:30:00+00:00,77647.8,77857.1,77308.1,77440.0,1377.9162
2026-08-30 23:45:00+00:00,77440.0,77683.4,76951.1,77635.5,3267.5326
2026-08-31 00:00:00+00:00,77635.5,77785.3,77393.5,77726.3,615.4951
2026-08-31 00:15:00+00:00,77726.3,77945.9,77679.9,77871.9,323.6071
2026-08-31 00:30:00+00:00,77871.9,78153.6,77849.9,78001.4,500.6575
2026-08-31 00:45:00+00:00,78001.4,78007.2,77882.7,77903.7,152.919
2026-08-31 01:00:00+00:00,77903.7,77966.0,77524.6,77622.2,283.67
2026-08-31 01:15:00+00:00,77622.2,77823.1,77540.4,77743.9,256.2888
2026-08-31 01:30:00+00:00,77743.9,77922.0,77615.4,77713.0,279.6859
2026-08-31 01:45:00+00:00,77713.0,77821.1,77587.3,77609.8,174.1365
2026-08-31 02:00:00+00:00,77609.8,77972.6,77487.9,77912.8,258.2213
2026-08-31 02:15:00+00:00,77912.8,77922.1,77780.9,77840.4,264.6897
2026-08-31 02:30:00+00:00,77840.4,77895.7,77674.5,77674.5,128.8633
2026-08-31 02:45:00+00:00,77674.5,77734.8,77350.5,77439.9,211.6208
2026-08-31 03:00:00+00:00,77439.9,77654.5,77358.3,77617.5,180.4435
2026-08-31 03:15:00+00:00,77617.5,77734.1,77551.5,77689.0,97.388
2026-08-31 03:30:00+00:00,77689.0,77812.6,77632.1,77799.6,551.0792
2026-08-31 03:45:00+00:00,77799.6,77850.4,77715.7,77727.0,84.5827
2026-08-31 04:00:00+00:00,77727.0,77743.4,77540.7,77563.0,154.0315
2026-08-31 04:15:00+00:00,77563.0,77574.5,77452.1,77480.1,191.9519
2026-08-31 04:30:00+00:00,77480.1,77559.7,77427.2,77541.7,103.9
2026-08-31 04:45:00+00:00,77541.7,77628.9,77437.3,77586.3,199.9954
2026-08-31 05:00:00+00:00,77586.3,77777.7,77479.9,77728.5,138.4785
2026-08-31 05:15:00+00:00,77728.5,78133.2,77727.2,77977.5,492.0365
2026-08-31 05:30:00+00:00,77977.5,78036.5,77842.3,77941.6,159.3069
2026-08-31 05:45:00+00:00,77941.6,78033.2,77921.7,77984.6,92.3584
2026-08-31 06:00:00+00:00,77984.6,78049.9,77822.3,77995.6,830.7583
2026-08-31 06:15:00+00:00,77995.6,78094.2,77940.7,77986.9,111.6855
2026-08-31 06:30:00+00:00,77986.9,78127.1,77887.1,78053.0,199.9454
2026-08-31 06:45:00+00:00,78053.0,78097.3,77978.4,78049.2,142.85
2026-08-31 07:00:00+00:00,78049.2,78142.6,77999.9,78097.1,122.356
2026-08-31 07:15:00+00:00,78097.1,78290.3,78097.1,78182.3,175.6592
2026-08-31 07:30:00+00:00,78182.3,78261.9,78095.1,78243.3,129.1295
2026-08-31 07:45:00+00:00,78243.3,78261.4,78160.6,78168.1,80.7419
2026-08-31 08:00:00+00:00,78168.1,78323.0,78016.8,78132.5,150.2388
2026-08-31 08:15:00+00:00,78132.5,78132.5,77949.9,78064.5,134.1857
2026-08-31 08:30:00+00:00,78064.5,78442.2,78044.7,78299.6,297.5628
2026-08-31 08:45:00+00:00,78299.6,78484.6,78281.3,78438.8,191.201
2026-08-31 09:00:00+00:00,78438.8,78774.0,78359.4,78616.6,430.0491
2026-08-31 09:15:00+00:00,78616.6,78764.5,78559.9,78616.3,208.5013
2026-08-31 09:30:00+00:00,78616.3,78680.0,78557.5,78669.3,108.3801
2026-08-31 09:45:00+00:00,78669.3,78769.4,78479.9,78486.2,154.3944
2026-08-31 10:00:00+00:00,78486.2,78496.6,78287.3,78491.4,159.5893
2026-08-31 10:15:00+00:00,78491.4,78491.4,78368.2,78409.3,90.2703
2026-08-31 10:30:00+00:00,78409.3,78512.8,78343.1,78497.2,99.6565
2026-08-31 10:45:00+00:00,78497.2,78704.7,78468.9,78680.4,234.9062
2026-08-31 11:00:00+00:00,78680.4,78680.7,78535.2,78596.6,135.7141
2026-08-31 11:15:00+00:00,78596.6,78611.2,78434.6,78453.6,119.9584
2026-08-31 11:30:00+00:00,78453.6,78454.4,78327.0,78359.8,76.1264
2026-08-31 11:45:00+00:00,78359.8,78389.6,78262.1,78284.5,98.0994
2026-08-31 12:00:00+00:00,78284.5,78515.7,78232.3,78380.4,378.5932
2026-08-31 12:15:00+00:00,78380.4,78449.7,78019.9,78060.9,406.2472
2026-08-31 12:30:00+00:00,78060.9,78129.8,77666.6,77853.0,627.6639
2026-08-31 12:45:00+00:00,77853.0,77899.9,77742.5,77899.9,307.1406
2026-08-31 13:00:00+00:00,77899.9,78173.3,77899.9,78051.5,298.1973
2026-08-31 13:15:00+00:00,78051.5,78060.5,77851.1,78024.7,218.1115
2026-08-31 13:30:00+00:00,78024.7,78256.2,77803.3,77968.7,1065.9021
2026-08-31 13:45:00+00:00,77968.7,78035.6,77692.1,77834.6,965.0132
2026-08-31 14:00:00+00:00,77834.6,78046.5,77769.2,77864.1,486.2431
2026-08-31 14:15:00+00:00,77864.1,78041.5,77711.6,77998.8,425.1921
2026-08-31 14:30:00+00:00,77998.8,78650.0,77940.0,78482.1,937.5982
2026-08-31 14:45:00+00:00,78482.1,78613.2,78334.1,78547.9,646.6144
2026-08-31 15:00:00+00:00,78547.9,78659.8,78279.9,78285.5,414.2496
2026-08-31 15:15:00+00:00,78285.5,78509.3,78175.4,78425.5,340.0197
2026-08-31 15:30:00+00:00,78425.5,78744.9,78364.1,78676.4,410.514
2026-08-31 15:45:00+00:00,78676.4,78734.9,78504.3,78542.9,290.0102
2026-08-31 16:00:00+00:00,78542.9,78764.9,78490.9,78640.1,309.9891
2026-08-31 16:15:00+00:00,78640.1,78719.9,78481.7,78619.7,273.0144
2026-08-31 16:30:00+00:00,78619.7,78736.5,78542.4,78686.3,219.6056
2026-08-31 16:45:00+00:00,78686.3,78867.6,78598.0,78600.6,312.4507
2026-08-31 17:00:00+00:00,78600.6,78777.0,78572.5,78702.8,239.3106
2026-08-31 17:15:00+00:00,78702.8,78708.2,78450.2,78506.5,315.1582
2026-08-31 17:30:00+00:00,78506.5,79021.0,78502.2,78878.8,455.2116
2026-08-31 17:45:00+00:00,78878.8,78934.4,78804.3,78864.9,184.3068
2026-08-31 18:00:00+00:00,78864.9,78936.7,78736.1,78936.7,171.765
2026-08-31 18:15:00+00:00,78936.7,79056.1,78803.6,78867.4,225.3631
2026-08-31 18:30:00+00:00,78867.4,79193.0,78846.1,79149.9,401.3991
2026-08-31 18:45:00+00:00,79149.9,79149.9,78953.2,78980.3,193.3322
2026-08-31 19:00:00+00:00,78980.3,79223.1,78980.3,79145.7,140.1861
2026-08-31 19:15:00+00:00,79145.7,79145.7,78987.6,79056.7,123.6725
2026-08-31 19:30:00+00:00,79056.7,79112.6,78890.8,78946.9,178.6219
2026-08-31 19:45:00+00:00,78946.9,79072.6,78822.1,78868.9,183.8112
2026-08-31 20:00:00+00:00,78868.9,78940.3,78828.6,78936.6,103.4402
2026-08-31 20:15:00+00:00,78936.6,79161.7,78889.1,78889.1,158.5201
2026-08-31 20:30:00+00:00,78889.1,78923.8,78762.9,78849.9,73.6566
2026-08-31 20:45:00+00:00,78849.9,78892.3,78796.5,78834.2,77.843
2026-08-31 21:00:00+00:00,78834.2,78864.1,78693.0,78804.5,154.4591
2026-08-31 21:15:00+00:00,78804.5,78934.7,78777.9,78927.0,64.3473
2026-08-31 21:30:00+00:00,78927.0,79039.7,78927.0,79025.6,98.9803
2026-08-31 21:45:00+00:00,79025.6,79039.7,78916.9,78928.9,55.4578
2026-08-31 22:00:00+00:00,78928.9,78984.5,78851.9,78854.9,68.8762
2026-08-31 22:15:00+00:00,78854.9,78855.0,78709.9,78729.7,52.123
2026-08-31 22:30:00+00:00,78729.7,78736.2,78616.1,78625.9,111.9812
2026-08-31 22:45:00+00:00,78625.9,78625.9,78542.7,78561.4,58.5642
2026-08-31 23:00:00+00:00,78561.4,78561.4,78362.2,78423.8,137.9902
2026-08-31 23:15:00+00:00,78423.8,78559.1,78423.8,78546.5,112.3956
2026-08-31 23:30:00+00:00,78546.5,78557.4,78464.8,78527.1,118.6491
2026-08-31 23:45:00+00:00,78527.1,78552.6,78507.4,78549.5,34.0732
2026-09-01 00:00:00+00:00,78549.5,78747.4,78519.6,78713.0,109.0778
2026-09-01 00:15:00+00:00,78713.0,78868.5,78701.9,78826.7,99.2922
2026-09-01 00:30:00+00:00,78826.7,78849.6,78635.3,78670.2,155.5199
2026-09-01 00:45:00+00:00,78670.2,78773.7,78547.1,78617.7,112.728
2026-09-01 01:00:00+00:00,78617.7,78766.6,78484.2,78515.8,132.5909
2026-09-01 01:15:00+00:00,78515.8,78609.9,78369.5,78381.5,266.4002
2026-09-01 01:30:00+00:00,78381.5,78553.7,78331.7,78543.0,177.8239
2026-09-01 01:45:00+00:00,78543.0,78543.7,78349.8,78375.5,117.3398
2026-09-01 02:00:00+00:00,78375.5,78375.5,78153.1,78267.4,223.9866
2026-09-01 02:15:00+00:00,78267.4,78298.4,78150.4,78188.1,375.3286
2026-09-01 02:30:00+00:00,78188.1,78378.1,78188.1,78332.2,128.2675
2026-09-01 02:45:00+00:00,78332.2,78427.8,78306.0,78420.6,57.7222
2026-09-01 03:00:00+00:00,78420.6,78472.9,78353.0,78405.9,196.4921
2026-09-01 03:15:00+00:00,78405.9,78474.7,78368.4,78449.2,51.4496
2026-09-01 03:30:00+00:00,78449.2,78846.9,78443.1,78769.7,269.9398
2026-09-01 03:45:00+00:00,78769.7,78769.8,78634.8,78653.9,94.2894
2026-09-01 04:00:00+00:00,78653.9,78777.6,78624.2,78649.8,103.3804
2026-09-01 04:15:00+00:00,78649.8,78905.6,78645.5,78795.2,123.2617
2026-09-01 04:30:00+00:00,78795.2,78826.9,78680.4,78682.8,65.7412
2026-09-01 04:45:00+00:00,78682.8,78757.2,78652.0,78695.9,146.6729
2026-09-01 05:00:00+00:00,78695.9,78943.7,78695.9,78825.8,185.6845
2026-09-01 05:15:00+00:00,78825.8,78978.6,78750.5,78955.6,99.3989
2026-09-01 05:30:00+00:00,78955.6,79148.9,78933.1,79135.5,225.0791
2026-09-01 05:45:00+00:00,79135.5,79195.7,79050.0,79149.6,176.7934
2026-09-01 06:00:00+00:00,79149.6,79149.6,78926.4,78999.8,143.2993
2026-09-01 06:15:00+00:00,78999.8,78999.8,78784.1,78860.3,143.4993
2026-09-01 06:30:00+00:00,78860.3,78912.2,78826.3,78843.8,88.6271
2026-09-01 06:45:00+00:00,78843.8,78849.8,78705.6,78705.6,82.4958
2026-09-01 07:00:00+00:00,78705.6,78774.3,78673.4,78688.8,169.4304
2026-09-01 07:15:00+00:00,78688.8,78758.5,78666.8,78747.2,83.7605
2026-09-01 07:30:00+00:00,78747.2,78758.5,78467.4,78589.9,197.3382
2026-09-01 07:45:00+00:00,78589.9,78656.3,78554.3,78600.1,122.0395
2026-09-01 08:00:00+00:00,78600.1,78627.3,78232.1,78278.2,334.7153
2026-09-01 08:15:00+00:00,78278.2,78300.2,77842.1,77859.7,465.2016
2026-09-01 08:30:00+00:00,77859.7,78021.7,77802.9,77936.1,349.485
2026-09-01 08:45:00+00:00,77936.1,78003.4,77777.6,77849.9,492.1366
2026-09-01 09:00:00+00:00,77849.9,77898.5,77746.9,77789.0,143.9902
2026-09-01 09:15:00+00:00,77789.0,77938.0,77771.9,77888.4,97.5602
2026-09-01 09:30:00+00:00,77888.4,78011.5,77811.0,78011.5,88.1522
2026-09-01 09:45:00+00:00,78011.5,78012.3,77866.8,77875.4,89.228
2026-09-01 10:00:00+00:00,77875.4,77957.9,77772.2,77845.6,133.9291
2026-09-01 10:15:00+00:00,77845.6,78009.9,77711.9,77972.6,246.7306
2026-09-01 10:30:00+00:00,77972.6,78157.1,77972.6,78092.9,181.9055
2026-09-01 10:45:00+00:00,78092.9,78135.3,77942.2,77988.0,154.2914
2026-09-01 11:00:00+00:00,77988.0,78016.0,77880.6,77949.7,106.6931
2026-09-01 11:15:00+00:00,77949.7,77987.9,77844.0,77966.1,77.3758
2026-09-01 11:30:00+00:00,77966.1,78166.8,77912.1,78070.9,145.3717
2026-09-01 11:45:00+00:00,78070.9,78159.9,78015.5,78056.3,106.8969
2026-09-01 12:00:00+00:00,78056.3,78123.6,77911.1,77999.8,179.9748
2026-09-01 12:15:00+00:00,77999.8,78070.9,77877.9,77955.2,154.0868
2026-09-01 12:30:00+00:00,77955.2,77955.2,77694.9,77937.0,336.876
2026-09-01 12:45:00+00:00,77937.0,78044.2,77885.7,77961.0,164.61
2026-09-01 13:00:00+00:00,77961.0,77979.9,77389.1,77782.3,4377.1461
2026-09-01 13:15:00+00:00,77782.3,77869.9,77692.8,77852.1,222.3256
2026-09-01 13:30:00+00:00,77852.1,77995.5,77465.4,77883.8,1103.0212
2026-09-01 13:45:00+00:00,77883.8,78176.4,77816.0,78038.8,660.3512
2026-09-01 14:00:00+00:00,78038.8,78396.3,78011.8,78233.3,763.3351
2026-09-01 14:15:00+00:00,78233.3,78375.8,78100.1,78214.0,314.8196
2026-09-01 14:30:00+00:00,78214.0,78367.8,78187.8,78365.0,250.6929
2026-09-01 14:45:00+00:00,78365.0,78393.7,78099.8,78136.4,289.3831
2026-09-01 15:00:00+00:00,78136.4,78136.4,77687.7,77783.7,542.1994
2026-09-01 15:15:00+00:00,77783.7,77857.5,77722.2,77832.0,183.7302
2026-09-01 15:30:00+00:00,77832.0,77987.8,77766.6,77987.8,161.3271
2026-09-01 15:45:00+00:00,77987.8,78070.2,77874.8,77877.3,162.2586
2026-09-01 16:00:00+00:00,77877.3,77942.6,77606.9,77630.5,251.3482
2026-09-01 16:15:00+00:00,77630.5,77711.4,77428.0,77587.4,579.7538
2026-09-01 16:30:00+00:00,77587.4,77587.6,77267.4,77407.3,674.7264
2026-09-01 16:45:00+00:00,77407.3,77622.9,77393.3,77559.3,189.4969
2026-09-01 17:00:00+00:00,77559.3,77619.3,77469.8,77487.8,164.5967
2026-09-01 17:15:00+00:00,77487.8,77592.6,77376.3,77482.5,308.646
2026-09-01 17:30:00+00:00,77482.5,77694.9,77470.6,77484.3,201.249
2026-09-01 17:45:00+00:00,77484.3,77484.3,77210.1,77239.6,316.7499
2026-09-01 18:00:00+00:00,77239.6,77295.4,77103.5,77192.0,423.8954
2026-09-01 18:15:00+00:00,77192.0,77222.2,76700.5,77018.0,1346.5101
2026-09-01 18:30:00+00:00,77018.0,77089.2,76545.3,76545.3,712.8408
2026-09-01 18:45:00+00:00,76545.3,77126.3,76369.4,77119.9,848.3751
2026-09-01 19:00:00+00:00,77119.9,77279.9,77072.2,77174.7,306.1763
2026-09-01 19:15:00+00:00,77174.7,77447.3,77099.7,77323.0,287.4454
2026-09-01 19:30:00+00:00,77323.0,77355.8,77255.8,77277.8,133.6854
2026-09-01 19:45:00+00:00,77277.8,77303.3,77169.7,77286.0,186.809
2026-09-01 20:00:00+00:00,77286.0,77397.8,77200.0,77397.8,162.9443
2026-09-01 20:15:00+00:00,77397.8,77435.8,77286.0,77368.3,157.7766
2026-09-01 20:30:00+00:00,77368.3,77443.9,77304.9,77355.9,103.6572
2026-09-01 20:45:00+00:00,77355.9,77441.1,77311.4,77415.1,72.5641
2026-09-01 21:00:00+00:00,77415.1,77497.0,77037.2,77079.8,247.9236
2026-09-01 21:15:00+00:00,77079.8,77239.9,76883.3,77162.4,305.2344
2026-09-01 21:30:00+00:00,77162.4,77199.5,76999.9,77115.0,163.8993
2026-09-01 21:45:00+00:00,77115.0,77243.8,77099.7,77180.3,101.3572
2026-09-01 22:00:00+00:00,77180.3,77286.0,77151.7,77265.9,113.4017
2026-09-01 22:15:00+00:00,77265.9,77265.9,77028.7,77036.8,131.8324
2026-09-01 22:30:00+00:00,77036.8,77158.7,76992.9,77121.0,146.8034
2026-09-01 22:45:00+00:00,77121.0,77332.9,77121.0,77240.0,127.2935
2026-09-01 23:00:00+00:00,77240.0,77292.6,77176.1,77225.0,101.8314
2026-09-01 23:15:00+00:00,77225.0,77360.0,77222.9,77359.9,80.574
2026-09-01 23:30:00+00:00,77359.9,77560.1,77340.4,77504.5,133.4712
2026-09-01 23:45:00+00:00,77504.5,77602.3,77377.8,77400.0,226.7348
2026-09-02 00:00:00+00:00,77400.0,77484.9,77316.5,77362.8,110.7625
2026-09-02 00:15:00+00:00,77362.8,77434.3,77225.1,77227.6,121.9298
2026-09-02 00:30:00+00:00,77227.6,77306.4,77093.5,77199.9,144.8239
2026-09-02 00:45:00+00:00,77199.9,77242.5,77150.0,77179.6,86.0895
2026-09-02 01:00:00+00:00,77179.6,77343.4,77113.5,77312.5,176.383
2026-09-02 01:15:00+00:00,77312.5,77320.0,77113.5,77120.0,149.2986
2026-09-02 01:30:00+00:00,77120.0,77158.2,76810.0,76853.8,305.6773
2026-09-02 01:45:00+00:00,76853.8,77016.5,76682.6,76983.0,351.0535
2026-09-02 02:00:00+00:00,76983.0,77181.4,76913.4,77051.2,265.8373
2026-09-02 02:15:00+00:00,77051.2,77318.8,77044.2,77293.1,238.9851
2026-09-02 02:30:00+00:00,77293.1,77293.1,77139.7,77194.8,150.2133
2026-09-02 02:45:00+00:00,77194.8,77299.9,77171.8,77299.8,67.8345
2026-09-02 03:00:00+00:00,77299.8,77573.0,77280.3,77476.8,226.6154
2026-09-02 03:15:00+00:00,77476.8,77767.7,77453.1,77619.8,302.1744
2026-09-02 03:30:00+00:00,77619.8,77627.8,77476.2,77512.9,141.5814
2026-09-02 03:45:00+00:00,77512.9,77614.9,77470.1,77534.2,131.8763
2026-09-02 04:00:00+00:00,77534.2,77534.2,77327.7,77340.8,105.0632
2026-09-02 04:15:00+00:00,77340.8,77418.8,77265.2,77399.9,80.1381
2026-09-02 04:30:00+00:00,77399.9,77560.0,77396.6,77559.8,79.4047
2026-09-02 04:45:00+00:00,77559.8,77578.4,77501.8,77525.7,42.5617
2026-09-02 05:00:00+00:00,77525.7,77572.8,77394.7,77572.6,99.7616
2026-09-02 05:15:00+00:00,77572.6,77732.4,77572.4,77706.8,160.51
2026-09-02 05:30:00+00:00,77706.8,77717.9,77633.0,77669.5,105.4945
2026-09-02 05:45:00+00:00,77669.5,77724.9,77533.9,77618.5,217.7284
2026-09-02 06:00:00+00:00,77618.5,77689.0,77534.5,77545.0,180.9488
2026-09-02 06:15:00+00:00,77545.0,77624.8,77509.5,77509.9,100.9066
2026-09-02 06:30:00+00:00,77509.9,77650.0,77416.2,77582.1,157.0908
2026-09-02 06:45:00+00:00,77582.1,77588.2,77459.9,77578.2,114.3385
2026-09-02 07:00:00+00:00,77578.2,77731.5,77559.2,77640.0,86.0038
2026-09-02 07:15:00+00:00,77640.0,77669.8,77555.4,77560.0,111.9718
2026-09-02 07:30:00+00:00,77560.0,77597.7,77520.4,77520.4,87.7798
2026-09-02 07:45:00+00:00,77520.4,77562.3,77435.5,77444.8,70.7711
2026-09-02 08:00:00+00:00,77444.8,77518.1,77349.9,77386.9,109.4272
2026-09-02 08:15:00+00:00,77386.9,77447.9,77217.0,77217.0,108.9259
2026-09-02 08:30:00+00:00,77217.0,77224.4,76910.9,76934.1,246.3705
2026-09-02 08:45:00+00:00,76934.1,77010.2,76706.2,76819.7,440.3221
2026-09-02 09:00:00+00:00,76819.7,77030.9,76819.7,76918.5,195.8934
2026-09-02 09:15:00+00:00,76918.5,76940.6,76573.6,76864.0,310.047
2026-09-02 09:30:00+00:00,76864.0,76871.1,76478.7,76530.1,374.3135
2026-09-02 09:45:00+00:00,76530.1,76725.0,76437.5,76716.7,267.8286
2026-09-02 10:00:00+00:00,76716.7,76723.8,76530.2,76609.2,162.1534
2026-09-02 10:15:00+00:00,76609.2,76669.9,76537.1,76541.1,160.6194
2026-09-02 10:30:00+00:00,76541.1,76585.2,76438.9,76576.7,236.269
2026-09-02 10:45:00+00:00,76576.7,76654.1,76189.8,76639.3,1013.9423
2026-09-02 11:00:00+00:00,76639.3,76692.9,76483.2,76692.9,270.0939
2026-09-02 11:15:00+00:00,76692.9,76720.3,76324.9,76467.9,290.1476
2026-09-02 11:30:00+00:00,76467.9,76707.6,76444.6,76613.8,246.2601
2026-09-02 11:45:00+00:00,76613.8,76810.1,76563.4,76788.7,123.3271
2026-09-02 12:00:00+00:00,76788.7,76813.9,76645.2,76797.8,239.3048
2026-09-02 12:15:00+00:00,76797.8,77023.6,76730.1,76950.2,390.1315
2026-09-02 12:30:00+00:00,76950.2,76957.3,76757.4,76785.9,185.5024
2026-09-02 12:45:00+00:00,76785.9,76791.9,76573.2,76573.2,140.7228
2026-09-02 13:00:00+00:00,76573.2,76849.9,76573.1,76700.1,174.34
2026-09-02 13:15:00+00:00,76700.1,76921.1,76667.5,76839.9,154.1376
2026-09-02 13:30:00+00:00,76839.9,77375.0,76581.2,77351.5,916.6689
2026-09-02 13:45:00+00:00,77351.5,77418.5,76955.7,77112.6,860.6428
2026-09-02 14:00:00+00:00,77112.6,77317.3,76971.6,77302.1,479.3775
2026-09-02 14:15:00+00:00,77302.1,77465.7,77187.8,77299.9,351.6247
2026-09-02 14:30:00+00:00,77299.9,77368.3,77065.1,77295.8,436.7326
2026-09-02 14:45:00+00:00,77295.8,77305.8,77017.8,77023.7,267.5862
2026-09-02 15:00:00+00:00,77023.7,77148.1,76703.2,76782.5,593.1507
2026-09-02 15:15:00+00:00,76782.5,77117.3,76773.0,77006.3,349.3679
2026-09-02 15:30:00+00:00,77006.3,77356.6,76948.0,77331.1,556.1907
2026-09-02 15:45:00+00:00,77331.1,77333.0,77099.6,77250.0,349.5898
2026-09-02 16:00:00+00:00,77250.0,77364.3,77168.5,77317.7,366.6849
2026-09-02 16:15:00+00:00,77317.7,77546.6,77290.3,77427.0,351.5052
2026-09-02 16:30:00+00:00,77427.0,77528.1,77222.1,77222.2,261.3283
2026-09-02 16:45:00+00:00,77222.2,77294.8,77131.6,77131.6,140.5401
2026-09-02 17:00:00+00:00,77131.6,77211.4,77022.4,77087.8,239.7658
2026-09-02 17:15:00+00:00,77087.8,77125.2,76914.5,77064.5,225.8001
2026-09-02 17:30:00+00:00,77064.5,77274.9,77041.0,77274.8,301.0658
2026-09-02 17:45:00+00:00,77274.8,77370.0,77274.8,77349.9,126.3924
2026-09-02 18:00:00+00:00,77349.9,77414.1,77281.3,77379.3,312.3555
2026-09-02 18:15:00+00:00,77379.3,77493.7,77341.5,77409.5,735.0778
2026-09-02 18:30:00+00:00,77409.5,77419.7,77256.6,77275.1,102.6923
2026-09-02 18:45:00+00:00,77275.1,77381.2,77253.1,77340.9,110.1133
2026-09-02 19:00:00+00:00,77340.9,77382.3,77283.8,77350.0,506.5567
2026-09-02 19:15:00+00:00,77350.0,77384.9,77124.1,77124.1,122.5121
2026-09-02 19:30:00+00:00,77124.1,77217.1,77077.7,77195.7,160.7514
2026-09-02 19:45:00+00:00,77195.7,77317.1,77110.0,77301.2,226.8942
2026-09-02 20:00:00+00:00,77301.2,77489.9,77242.3,77327.7,192.6587
2026-09-02 20:15:00+00:00,77327.7,77433.3,77170.8,77343.0,156.354
2026-09-02 20:30:00+00:00,77343.0,77446.8,77270.5,77328.7,223.9437
2026-09-02 20:45:00+00:00,77328.7,77440.1,77258.6,77364.3,145.5294
2026-09-02 21:00:00+00:00,77364.3,77364.3,77266.9,77284.7,141.4098
2026-09-02 21:15:00+00:00,77284.7,77295.8,77202.7,77241.3,84.7597
2026-09-02 21:30:00+00:00,77241.3,77400.1,77200.2,77399.9,103.6958
2026-09-02 21:45:00+00:00,77399.9,77399.9,77240.0,77252.0,133.4232
2026-09-02 22:00:00+00:00,77252.0,77252.0,77036.8,77118.5,145.2229
2026-09-02 22:15:00+00:00,77118.5,77145.9,76982.9,76984.9,92.9323
2026-09-02 22:30:00+00:00,76984.9,77129.4,76984.9,77094.5,66.8
2026-09-02 22:45:00+00:00,77094.5,77094.5,76995.1,76996.3,83.2909
2026-09-02 23:00:00+00:00,76996.3,77190.0,76973.3,77189.9,82.6961
2026-09-02 23:15:00+00:00,77189.9,77190.0,77099.9,77160.9,65.2956
2026-09-02 23:30:00+00:00,77160.9,77229.1,77079.7,77114.6,80.9475
2026-09-02 23:45:00+00:00,77114.6,77340.0,77114.6,77300.0,79.71
2026-09-03 00:00:00+00:00,77300.0,77362.4,77132.8,77132.8,164.0294
2026-09-03 00:15:00+00:00,77132.8,77134.1,76995.3,76999.5,116.9356
2026-09-03 00:30:00+00:00,76999.5,77102.0,76940.8,77079.9,141.5555
2026-09-03 00:45:00+00:00,77079.9,77107.8,76990.0,77025.3,198.2219
2026-09-03 01:00:00+00:00,77025.3,77393.2,76927.3,77379.9,264.924
2026-09-03 01:15:00+00:00,77379.9,77404.6,77244.8,77399.8,164.5349
2026-09-03 01:30:00+00:00,77399.8,77515.8,77282.5,77309.9,272.6644
2026-09-03 01:45:00+00:00,77309.9,77442.8,77255.0,77321.0,119.6059
2026-09-03 02:00:00+00:00,77321.0,77464.5,77200.1,77458.7,152.2605
2026-09-03 02:15:00+00:00,77458.7,77591.1,77392.0,77568.0,202.5798
2026-09-03 02:30:00+00:00,77568.0,77878.4,77521.3,77743.4,555.6725
2026-09-03 02:45:00+00:00,77743.4,77848.0,77698.4,77783.3,216.6946
2026-09-03 03:00:00+00:00,77783.3,77848.8,77664.9,77795.3,253.244
2026-09-03 03:15:00+00:00,77795.3,77849.9,77676.6,77705.9,178.0859
2026-09-03 03:30:00+00:00,77705.9,77740.4,77609.7,77630.1,66.8215
2026-09-03 03:45:00+00:00,77630.1,77711.0,77596.3,77665.3,104.6017
2026-09-03 04:00:00+00:00,77665.3,77794.9,77577.7,77603.4,153.9565
2026-09-03 04:15:00+00:00,77603.4,77625.3,77510.0,77539.7,142.1535
2026-09-03 04:30:00+00:00,77539.7,77589.7,77508.9,77522.2,89.9305
2026-09-03 04:45:00+00:00,77522.2,77761.5,77522.2,77747.6,106.5868
2026-09-03 05:00:00+00:00,77747.6,77794.8,77565.2,77594.1,123.4282
2026-09-03 05:15:00+00:00,77594.1,77618.5,77058.3,77161.8,392.8276
2026-09-03 05:30:00+00:00,77161.8,77484.0,77133.6,77457.0,222.3393
2026-09-03 05:45:00+00:00,77457.0,77797.2,77373.0,77777.1,289.9704
2026-09-03 06:00:00+00:00,77777.1,77817.9,77654.5,77674.9,147.8201
2026-09-03 06:15:00+00:00,77674.9,77749.2,77666.3,77712.0,94.9709
2026-09-03 06:30:00+00:00,77712.0,77795.0,77685.3,77795.0,73.1597
2026-09-03 06:45:00+00:00,77795.0,77817.3,77728.1,77795.3,93.1345
2026-09-03 07:00:00+00:00,77795.3,78144.6,77769.8,78023.2,738.4771
2026-09-03 07:15:00+00:00,78023.2,78024.6,77844.2,77910.8,378.3307
2026-09-03 07:30:00+00:00,77910.8,78035.7,77822.3,77859.5,223.2888
2026-09-03 07:45:00+00:00,77859.5,77899.9,77559.5,77627.2,223.1855
2026-09-03 08:00:00+00:00,77627.2,78031.9,77627.2,77897.9,400.8815
2026-09-03 08:15:00+00:00,77897.9,77952.8,77785.9,77947.8,140.5285
2026-09-03 08:30:00+00:00,77947.8,77963.7,77833.6,77849.2,89.9212
2026-09-03 08:45:00+00:00,77849.2,77879.3,77729.7,77807.5,120.3362
2026-09-03 09:00:00+00:00,77807.5,77942.6,77775.0,77836.2,92.8322
2026-09-03 09:15:00+00:00,77836.2,77887.4,77709.7,77709.8,102.032
2026-09-03 09:30:00+00:00,77709.8,77746.5,77620.8,77691.4,121.9995
2026-09-03 09:45:00+00:00,77691.4,77754.8,77576.9,77578.0,136.0318
2026-09-03 10:00:00+00:00,77578.0,77653.3,77503.0,77534.4,201.021
2026-09-03 10:15:00+00:00,77534.4,77677.8,77492.3,77594.3,137.5874
2026-09-03 10:30:00+00:00,77594.3,77618.9,77436.4,77476.5,194.4737
2026-09-03 10:45:00+00:00,77476.5,77743.1,77466.8,77707.0,147.8438
2026-09-03 11:00:00+00:00,77707.0,77795.7,77676.6,77790.1,161.8741
2026-09-03 11:15:00+00:00,77790.1,77927.4,77790.0,77894.5,194.0894
2026-09-03 11:30:00+00:00,77894.5,77949.2,77803.3,77900.2,232.8949
2026-09-03 11:45:00+00:00,77900.2,77976.0,77846.5,77909.4,130.0209
2026-09-03 12:00:00+00:00,77909.4,78068.5,77854.0,78047.9,198.1768
2026-09-03 12:15:00+00:00,78047.9,78113.6,77902.4,77934.2,193.4821
2026-09-03 12:30:00+00:00,77934.2,78424.5,77934.2,78278.3,1486.9746
2026-09-03 12:45:00+00:00,78278.3,78756.2,78205.4,78616.4,821.7487
2026-09-03 13:00:00+00:00,78616.4,78680.0,78479.5,78516.6,309.2788
2026-09-03 13:15:00+00:00,78516.6,78573.7,78418.0,78458.6,246.9136
2026-09-03 13:30:00+00:00,78458.6,78898.5,78418.9,78898.4,1066.6953
2026-09-03 13:45:00+00:00,78898.4,78967.9,78705.0,78802.0,642.059
2026-09-03 14:00:00+00:00,78802.0,78970.7,78665.5,78954.7,432.1648
2026-09-03 14:15:00+00:00,78954.7,79647.3,78950.0,79624.6,1264.0969
2026-09-03 14:30:00+00:00,79624.6,79847.0,79561.0,79732.3,1297.2503
2026-09-03 14:45:00+00:00,79732.3,80539.0,79727.3,80508.4,1941.5048
2026-09-03 15:00:00+00:00,80508.4,80928.8,80320.8,80529.1,1949.9491
2026-09-03 15:15:00+00:00,80529.1,80755.1,80439.9,80710.9,733.2375
2026-09-03 15:30:00+00:00,80710.9,80979.4,80653.5,80831.5,612.6051
2026-09-03 15:45:00+00:00,80831.5,81333.4,80692.1,81316.7,1455.5739
2026-09-03 16:00:00+00:00,81316.7,81332.8,80754.9,80915.3,877.0808
2026-09-03 16:15:00+00:00,80915.3,80925.5,80587.8,80740.6,501.6284
2026-09-03 16:30:00+00:00,80740.6,80919.9,80729.8,80768.9,336.0248
2026-09-03 16:45:00+00:00,80768.9,81008.3,80745.7,80937.0,239.6875
2026-09-03 17:00:00+00:00,80937.0,81071.3,80851.6,81064.4,274.4267
2026-09-03 17:15:00+00:00,81064.4,81100.0,80887.9,80961.6,294.7934
2026-09-03 17:30:00+00:00,80961.6,81135.8,80961.0,81035.4,196.0184
2026-09-03 17:45:00+00:00,81035.4,81159.7,80965.9,81006.8,231.2211
2026-09-03 18:00:00+00:00,81006.8,81325.2,80977.1,81217.0,361.7635
2026-09-03 18:15:00+00:00,81217.0,81251.3,80908.8,80915.4,338.1353
2026-09-03 18:30:00+00:00,80915.4,81016.7,80866.0,80948.7,179.2024
2026-09-03 18:45:00+00:00,80948.7,81238.1,80923.0,81226.4,136.522
2026-09-03 19:00:00+00:00,81226.4,81605.5,81132.4,81167.9,902.7908
2026-09-03 19:15:00+00:00,81167.9,81579.1,81133.2,81503.9,317.3216
2026-09-03 19:30:00+00:00,81503.9,81575.9,81339.6,81495.6,266.3244
2026-09-03 19:45:00+00:00,81495.6,81767.2,81413.2,81722.8,634.672
2026-09-03 20:00:00+00:00,81722.8,81749.7,81357.7,81378.0,533.2135
2026-09-03 20:15:00+00:00,81378.0,81562.1,81349.8,81496.6,175.8521
2026-09-03 20:30:00+00:00,81496.6,81605.5,81367.3,81431.5,185.8488
2026-09-03 20:45:00+00:00,81431.5,81547.3,81375.5,81420.1,184.3962
2026-09-03 21:00:00+00:00,81420.1,81595.9,81245.6,81560.4,389.3914
2026-09-03 21:15:00+00:00,81560.4,81753.8,81465.6,81729.3,293.5335
2026-09-03 21:30:00+00:00,81729.3,82271.8,81475.0,81477.1,2072.979
2026-09-03 21:45:00+00:00,81477.1,81721.6,81371.3,81547.0,400.5533
2026-09-03 22:00:00+00:00,81547.0,81570.2,81232.9,81345.9,461.5558
2026-09-03 22:15:00+00:00,81345.9,81372.2,81084.0,81091.7,316.8083
2026-09-03 22:30:00+00:00,81091.7,81208.6,80862.9,81158.3,355.0199
2026-09-03 22:45:00+00:00,81158.3,81242.4,81020.3,81109.0,328.9493
2026-09-03 23:00:00+00:00,81109.0,81187.6,81033.7,81138.5,370.2001
2026-09-03 23:15:00+00:00,81138.5,81264.2,81122.6,81258.2,216.0986
2026-09-03 23:30:00+00:00,81258.2,81310.2,81078.4,81198.6,332.2353
2026-09-03 23:45:00+00:00,81198.6,81309.6,81142.6,81230.5,167.4522
2026-09-04 00:00:00+00:00,81230.5,81237.3,81048.9,81222.2,297.5379
2026-09-04 00:15:00+00:00,81222.2,81328.3,81109.3,81117.0,236.1585
2026-09-04 00:30:00+00:00,81117.0,81393.9,81063.6,81197.5,370.6007
2026-09-04 00:45:00+00:00,81197.5,81213.7,80921.0,80936.7,483.5087
2026-09-04 01:00:00+00:00,80936.7,81064.1,80868.7,80899.5,396.6995
2026-09-04 01:15:00+00:00,80899.5,80996.2,80746.6,80796.5,274.1239
2026-09-04 01:30:00+00:00,80796.5,80899.8,80719.8,80751.5,256.4636
2026-09-04 01:45:00+00:00,80751.5,80997.4,80741.6,80935.2,119.3383
2026-09-04 02:00:00+00:00,80935.2,80935.2,80739.6,80764.1,147.885
2026-09-04 02:15:00+00:00,80764.1,80849.6,80651.0,80689.2,176.5576
2026-09-04 02:30:00+00:00,80689.2,80814.6,80640.0,80701.2,153.6369
2026-09-04 02:45:00+00:00,80701.2,80802.1,80619.4,80799.9,247.5219
2026-09-04 03:00:00+00:00,80799.9,81014.0,80799.9,80901.8,287.1975
2026-09-04 03:15:00+00:00,80901.8,80919.9,80802.0,80802.1,93.4774
2026-09-04 03:30:00+00:00,80802.1,80850.0,80761.4,80849.7,156.5075
2026-09-04 03:45:00+00:00,80849.7,80939.8,80807.8,80807.8,105.7962
2026-09-04 04:00:00+00:00,80807.8,80940.7,80776.0,80932.5,59.1368
2026-09-04 04:15:00+00:00,80932.5,81263.3,80919.9,81226.9,263.0112
2026-09-04 04:30:00+00:00,81226.9,81239.4,80988.0,81004.8,219.9921
2026-09-04 04:45:00+00:00,81004.8,81110.6,80987.7,81040.2,117.7902
2026-09-04 05:00:00+00:00,81040.2,81040.9,80934.6,80938.0,239.3419
2026-09-04 05:15:00+00:00,80938.0,81117.9,80899.5,80981.4,207.114
2026-09-04 05:30:00+00:00,80981.4,80981.8,80862.1,80949.9,153.4186
2026-09-04 05:45:00+00:00,80949.9,81029.8,80817.9,80952.6,127.1101
2026-09-04 06:00:00+00:00,80952.6,81060.5,80865.8,80979.8,168.0556
2026-09-04 06:15:00+00:00,80979.8,80999.7,80659.6,80688.8,176.175
2026-09-04 06:30:00+00:00,80688.8,80817.0,80538.6,80809.1,325.8892
2026-09-04 06:45:00+00:00,80809.1,80827.4,80665.0,80764.0,124.7179
2026-09-04 07:00:00+00:00,80764.0,80935.0,80749.7,80899.6,156.5523
2026-09-04 07:15:00+00:00,80899.6,80939.9,80810.5,80823.8,136.6202
2026-09-04 07:30:00+00:00,80823.8,80879.0,80712.5,80741.5,135.3368
2026-09-04 07:45:00+00:00,80741.5,80757.3,80611.8,80627.9,105.7261
2026-09-04 08:00:00+00:00,80627.9,80753.4,80474.5,80749.6,254.8567
2026-09-04 08:15:00+00:00,80749.6,80969.7,80742.5,80947.0,183.9298
2026-09-04 08:30:00+00:00,80947.0,81124.7,80932.6,81011.7,421.0284
2026-09-04 08:45:00+00:00,81011.7,81208.1,80961.0,81113.5,403.2527
2026-09-04 09:00:00+00:00,81113.5,81205.7,81041.6,81049.8,195.7899
2026-09-04 09:15:00+00:00,81049.8,81278.7,80891.3,81000.0,405.5273
2026-09-04 09:30:00+00:00,81000.0,81188.0,80950.8,81131.5,186.3139
2026-09-04 09:45:00+00:00,81131.5,81182.0,80985.3,81017.7,232.9557
2026-09-04 10:00:00+00:00,81017.7,81091.8,80843.4,80929.6,485.3513
2026-09-04 10:15:00+00:00,80929.6,80940.3,80790.9,80924.8,433.0168
2026-09-04 10:30:00+00:00,80924.8,81082.4,80869.4,81039.4,157.3859
2026-09-04 10:45:00+00:00,81039.4,81160.8,80980.5,81149.8,147.561
2026-09-04 11:00:00+00:00,81149.8,81190.7,81041.2,81157.1,191.022
2026-09-04 11:15:00+00:00,81157.1,81377.5,81087.3,81297.9,211.2729
2026-09-04 11:30:00+00:00,81297.9,81297.9,81159.9,81214.5,145.8856
2026-09-04 11:45:00+00:00,81214.5,81316.9,81163.7,81187.9,201.5848
2026-09-04 12:00:00+00:00,81187.9,81237.4,81089.1,81214.6,229.868
2026-09-04 12:15:00+00:00,81214.6,81323.8,81088.7,81304.3,221.5167
2026-09-04 12:30:00+00:00,81304.3,81304.3,79376.7,79653.6,347185.5622
2026-09-04 12:45:00+00:00,79653.6,79663.6,79126.9,79423.7,1871.9305
2026-09-04 13:00:00+00:00,79423.7,79546.2,79145.5,79199.9,778.2894
2026-09-04 13:15:00+00:00,79199.9,79457.3,79169.8,79278.3,422.9451
2026-09-04 13:30:00+00:00,79278.3,79513.1,78948.9,79371.6,1692.9321
2026-09-04 13:45:00+00:00,79371.6,79669.9,79198.5,79342.8,1068.5501
2026-09-04 14:00:00+00:00,79342.8,79545.4,79215.7,79384.5,591.3248
2026-09-04 14:15:00+00:00,79384.5,79476.0,79054.7,79337.3,575.3099
2026-09-04 14:30:00+00:00,79337.3,79443.0,78817.4,78999.3,605.5692
2026-09-04 14:45:00+00:00,78999.3,79112.2,78617.8,78873.9,1009.5877
2026-09-04 15:00:00+00:00,78873.9,79164.9,78754.9,79164.9,321.4153
2026-09-04 15:15:00+00:00,79164.9,79387.9,79126.7,79374.2,263.7566
2026-09-04 15:30:00+00:00,79374.2,79499.2,79315.6,79485.6,207.6573
2026-09-04 15:45:00+00:00,79485.6,79518.4,79345.0,79384.6,193.1734
2026-09-04 16:00:00+00:00,79384.6,79483.8,79334.0,79407.2,176.206
2026-09-04 16:15:00+00:00,79407.2,79537.6,79395.0,79507.9,127.3593
2026-09-04 16:30:00+00:00,79507.9,79834.4,79499.6,79806.6,418.7961
2026-09-04 16:45:00+00:00,79806.6,79838.1,79681.6,79709.0,161.9505
2026-09-04 17:00:00+00:00,79709.0,79718.1,79578.9,79580.1,169.0254
2026-09-04 17:15:00+00:00,79580.1,79617.6,79467.8,79472.9,256.4148
2026-09-04 17:30:00+00:00,79472.9,79549.7,79390.8,79443.8,159.2413
2026-09-04 17:45:00+00:00,79443.8,79486.6,79347.9,79429.9,155.1107
2026-09-04 18:00:00+00:00,79429.9,79563.5,79429.8,79483.3,121.1831
2026-09-04 18:15:00+00:00,79483.3,79586.7,79483.3,79502.2,57.1484
2026-09-04 18:30:00+00:00,79502.2,79622.0,79496.9,79599.9,81.2317
2026-09-04 18:45:00+00:00,79599.9,79631.2,79553.8,79576.2,78.6282
2026-09-04 19:00:00+00:00,79576.2,79699.4,79576.0,79666.4,97.4335
2026-09-04 19:15:00+00:00,79666.4,79776.1,79653.8,79763.9,81.4209
2026-09-04 19:30:00+00:00,79763.9,79763.9,79594.5,79647.5,96.5422
2026-09-04 19:45:00+00:00,79647.5,79775.9,79595.2,79754.6,126.134
2026-09-04 20:00:00+00:00,79754.6,79825.4,79722.4,79772.2,107.3704
2026-09-04 20:15:00+00:00,79772.2,79799.7,79704.2,79721.0,47.3736
2026-09-04 20:30:00+00:00,79721.0,79736.2,79656.9,79677.3,65.092
2026-09-04 20:45:00+00:00,79677.3,79728.4,79623.8,79656.3,84.6384
2026-09-04 21:00:00+00:00,79656.3,79753.9,79653.0,79727.7,65.4855
2026-09-04 21:15:00+00:00,79727.7,79765.6,79692.3,79730.6,97.4158
2026-09-04 21:30:00+00:00,79730.6,79770.8,79702.2,79738.9,200.6823
2026-09-04 21:45:00+00:00,79738.9,79768.5,79464.0,79584.7,323.8955
2026-09-04 22:00:00+00:00,79584.7,79647.8,79577.6,79647.8,72.1553
2026-09-04 22:15:00+00:00,79647.8,79665.9,79587.4,79664.2,95.4015
2026-09-04 22:30:00+00:00,79664.2,79679.2,79613.2,79613.2,47.6458
2026-09-04 22:45:00+00:00,79613.2,79645.0,79577.6,79600.1,54.3118
2026-09-04 23:00:00+00:00,79600.1,79608.3,79546.8,79568.0,58.3328
2026-09-04 23:15:00+00:00,79568.0,79723.4,79567.9,79690.0,41.1799
2026-09-04 23:30:00+00:00,79690.0,79690.0,79622.9,79623.0,21.0079
2026-09-04 23:45:00+00:00,79623.0,79623.8,79574.2,79616.1,27.0757
2026-09-05 00:00:00+00:00,79616.1,79679.4,79570.3,79629.1,36.9206
2026-09-05 00:15:00+00:00,79629.1,79629.1,79555.0,79609.9,28.2481
2026-09-05 00:30:00+00:00,79609.9,79658.2,79583.7,79591.4,53.8646
2026-09-05 00:45:00+00:00,79591.4,79611.9,79518.2,79542.5,65.5629
2026-09-05 01:00:00+00:00,79542.5,79646.9,79516.0,79586.7,55.0958
2026-09-05 01:15:00+00:00,79586.7,79661.1,79564.2,79649.4,93.9528
2026-09-05 01:30:00+00:00,79649.4,79674.9,79564.2,79600.4,79.2519
2026-09-05 01:45:00+00:00,79600.4,79629.6,79492.0,79492.1,99.6599
2026-09-05 02:00:00+00:00,79492.1,79544.5,79435.4,79524.8,87.372
2026-09-05 02:15:00+00:00,79524.8,79559.8,79471.6,79485.1,46.3548
2026-09-05 02:30:00+00:00,79485.1,79584.0,79485.1,79574.5,32.4531
2026-09-05 02:45:00+00:00,79574.5,79574.5,79491.9,79529.9,33.3063
2026-09-05 03:00:00+00:00,79529.9,79530.0,79474.1,79514.6,30.8381
2026-09-05 03:15:00+00:00,79514.6,79578.1,79514.6,79542.0,38.7849
2026-09-05 03:30:00+00:00,79542.0,79589.4,79542.0,79583.0,24.2848
2026-09-05 03:45:00+00:00,79583.0,79589.5,79538.5,79543.8,19.8651
2026-09-05 04:00:00+00:00,79543.8,79553.5,79458.7,79498.2,55.8036
2026-09-05 04:15:00+00:00,79498.2,79535.2,79498.1,79514.3,15.496
2026-09-05 04:30:00+00:00,79514.3,79514.4,79484.9,79497.2,16.3555
2026-09-05 04:45:00+00:00,79497.2,79520.0,79459.7,79460.0,54.4718
2026-09-05 05:00:00+00:00,79460.0,79524.9,79405.2,79520.0,44.7048
2026-09-05 05:15:00+00:00,79520.0,79550.1,79479.9,79550.0,41.6868
2026-09-05 05:30:00+00:00,79550.0,79563.8,79473.3,79480.6,33.3935
2026-09-05 05:45:00+00:00,79480.6,79560.0,79448.0,79540.0,42.7966
2026-09-05 06:00:00+00:00,79540.0,79599.8,79534.2,79585.2,136.8532
2026-09-05 06:15:00+00:00,79585.2,79606.1,79569.2,79602.4,41.576
2026-09-05 06:30:00+00:00,79602.4,79676.8,79585.8,79622.5,43.049
2026-09-05 06:45:00+00:00,79622.5,79646.4,79603.0,79603.0,189.8656
2026-09-05 07:00:00+00:00,79603.0,79659.1,79599.8,79647.8,58.558
2026-09-05 07:15:00+00:00,79647.8,79680.1,79631.0,79679.7,27.6795
2026-09-05 07:30:00+00:00,79679.7,79708.4,79660.6,79685.4,34.0641
2026-09-05 07:45:00+00:00,79685.4,79722.1,79652.4,79672.9,38.99
2026-09-05 08:00:00+00:00,79672.9,79672.9,79591.3,79616.5,301.5407
2026-09-05 08:15:00+00:00,79616.5,79684.6,79567.8,79603.3,45.4893
2026-09-05 08:30:00+00:00,79603.3,79603.3,79522.4,79581.4,38.384
2026-09-05 08:45:00+00:00,79581.4,79632.5,79561.4,79617.2,21.7571
2026-09-05 09:00:00+00:00,79617.2,79698.0,79613.2,79688.3,40.2911
2026-09-05 09:15:00+00:00,79688.3,79688.3,79658.7,79662.0,22.3216
2026-09-05 09:30:00+00:00,79662.0,79679.8,79621.4,79655.3,33.4684
2026-09-05 09:45:00+00:00,79655.3,79655.3,79572.3,79594.4,31.3447
2026-09-05 10:00:00+00:00,79594.4,79607.0,79581.4,79585.0,19.7663
2026-09-05 10:15:00+00:00,79585.0,79630.1,79563.5,79581.5,58.4474
2026-09-05 10:30:00+00:00,79581.5,79639.6,79551.9,79569.0,69.8079
2026-09-05 10:45:00+00:00,79569.0,79625.7,79553.1,79581.0,25.0502
2026-09-05 11:00:00+00:00,79581.0,79639.0,79580.9,79617.5,41.3403
2026-09-05 11:15:00+00:00,79617.5,79617.5,79580.8,79588.0,28.073
2026-09-05 11:30:00+00:00,79588.0,79603.6,79562.6,79567.6,37.579
2026-09-05 11:45:00+00:00,79567.6,79648.9,79563.0,79577.2,59.5366
2026-09-05 12:00:00+00:00,79577.2,79639.0,79575.3,79621.9,22.002
2026-09-05 12:15:00+00:00,79621.9,79644.4,79615.9,79618.1,17.2449
2026-09-05 12:30:00+00:00,79618.1,79733.6,79572.7,79682.7,112.4058
2026-09-05 12:45:00+00:00,79682.7,79723.7,79664.8,79665.9,44.6203
2026-09-05 13:00:00+00:00,79665.9,79681.3,79622.8,79681.3,46.1661
2026-09-05 13:15:00+00:00,79681.3,79722.5,79632.0,79711.8,44.1254
2026-09-05 13:30:00+00:00,79711.8,79718.6,79601.6,79616.1,53.4731
2026-09-05 13:45:00+00:00,79616.1,79650.2,79503.7,79573.7,91.5953
2026-09-05 14:00:00+00:00,79573.7,79655.6,79573.7,79630.6,25.189
2026-09-05 14:15:00+00:00,79630.6,79696.7,79630.1,79685.8,30.1713
2026-09-05 14:30:00+00:00,79685.8,79708.1,79651.5,79673.5,39.0507
2026-09-05 14:45:00+00:00,79673.5,79719.8,79672.1,79672.2,32.1522
2026-09-05 15:00:00+00:00,79672.2,79727.3,79672.1,79685.3,47.2533
2026-09-05 15:15:00+00:00,79685.3,79734.6,79637.6,79652.8,110.8286
2026-09-05 15:30:00+00:00,79652.8,79731.2,79652.7,79712.0,26.6867
2026-09-05 15:45:00+00:00,79712.0,79781.2,79694.7,79760.1,40.8892
2026-09-05 16:00:00+00:00,79760.1,79805.0,79711.8,79737.0,64.5014
2026-09-05 16:15:00+00:00,79737.0,79867.6,79737.0,79854.1,106.0155
2026-09-05 16:30:00+00:00,79854.1,79957.0,79854.1,79894.4,150.5093
2026-09-05 16:45:00+00:00,79894.4,80167.0,79885.9,80001.5,319.0881
2026-09-05 17:00:00+00:00,80001.5,80120.4,79971.3,80094.0,185.4882
2026-09-05 17:15:00+00:00,80094.0,80119.7,79927.5,79993.7,147.3073
2026-09-05 17:30:00+00:00,79993.7,80104.6,79949.9,80012.8,105.6109
2026-09-05 17:45:00+00:00,80012.8,80065.8,79991.6,80030.0,127.163
2026-09-05 18:00:00+00:00,80030.0,80052.6,79936.1,79969.4,120.0651
2026-09-05 18:15:00+00:00,79969.4,79993.5,79912.8,79916.1,101.6869
2026-09-05 18:30:00+00:00,79916.1,80017.9,79895.8,79939.7,82.3367
2026-09-05 18:45:00+00:00,79939.7,79968.8,79892.5,79959.2,54.3069
2026-09-05 19:00:00+00:00,79959.2,79959.2,79890.9,79901.4,57.3433
2026-09-05 19:15:00+00:00,79901.4,79949.9,79863.4,79925.1,39.6581
2026-09-05 19:30:00+00:00,79925.1,79934.9,79718.0,79819.1,133.9744
2026-09-05 19:45:00+00:00,79819.1,79820.1,79674.2,79719.6,88.3946
2026-09-05 20:00:00+00:00,79719.6,79811.9,79682.6,79705.7,135.5017
2026-09-05 20:15:00+00:00,79705.7,79797.0,79653.0,79687.2,132.1966
2026-09-05 20:30:00+00:00,79687.2,79752.6,79653.1,79752.6,70.2053
2026-09-05 20:45:00+00:00,79752.6,79766.2,79691.4,79702.1,83.0542
2026-09-05 21:00:00+00:00,79702.1,79760.7,79683.0,79749.7,64.4509
2026-09-05 21:15:00+00:00,79749.7,79841.6,79734.8,79818.8,43.6171
2026-09-05 21:30:00+00:00,79818.8,79895.1,79803.9,79876.5,109.6648
2026-09-05 21:45:00+00:00,79876.5,79909.8,79820.7,79872.2,113.7823
2026-09-05 22:00:00+00:00,79872.2,79899.9,79813.7,79881.3,84.2321
2026-09-05 22:15:00+00:00,79881.3,79908.3,79726.4,79769.8,46.7451
2026-09-05 22:30:00+00:00,79769.8,79818.5,79715.7,79734.6,116.5513
2026-09-05 22:45:00+00:00,79734.6,79796.7,79709.0,79757.4,138.2929
2026-09-05 23:00:00+00:00,79757.4,79757.4,79677.4,79719.8,40.2915
2026-09-05 23:15:00+00:00,79719.8,79793.3,79710.2,79764.2,30.3901
2026-09-05 23:30:00+00:00,79764.2,79804.0,79670.5,79770.6,123.5442
2026-09-05 23:45:00+00:00,79770.6,79866.6,79735.5,79797.6,94.2652
2026-09-06 00:00:00+00:00,79797.6,79882.5,79788.1,79871.7,36.3743
2026-09-06 00:15:00+00:00,79871.7,79901.9,79833.3,79891.7,23.8522
2026-09-06 00:30:00+00:00,79891.7,79908.6,79836.0,79838.6,51.383
2026-09-06 00:45:00+00:00,79838.6,79897.2,79823.8,79832.6,67.1507
2026-09-06 01:00:00+00:00,79832.6,79975.3,79832.6,79921.4,82.4109
2026-09-06 01:15:00+00:00,79921.4,79959.8,79860.6,79884.8,51.3592
2026-09-06 01:30:00+00:00,79884.8,80028.8,79884.7,79939.9,98.1868
2026-09-06 01:45:00+00:00,79939.9,79979.7,79892.6,79914.8,79.4423
2026-09-06 02:00:00+00:00,79914.8,79978.0,79857.1,79956.8,92.0654
2026-09-06 02:15:00+00:00,79956.8,79962.4,79862.3,79872.1,36.0101
2026-09-06 02:30:00+00:00,79872.1,79913.4,79839.3,79847.1,39.549
2026-09-06 02:45:00+00:00,79847.1,79891.9,79829.8,79872.0,50.0266
2026-09-06 03:00:00+00:00,79872.0,79897.0,79852.6,79896.9,21.8176
2026-09-06 03:15:00+00:00,79896.9,79929.7,79850.5,79864.0,28.6787
2026-09-06 03:30:00+00:00,79864.0,80080.2,79864.0,80080.1,64.9772
2026-09-06 03:45:00+00:00,80080.1,80080.2,79969.9,79991.1,42.4933
2026-09-06 04:00:00+00:00,79991.1,79991.2,79919.7,79934.2,19.0705
2026-09-06 04:15:00+00:00,79934.2,79950.1,79839.3,79894.9,34.7746
2026-09-06 04:30:00+00:00,79894.9,79899.8,79860.5,79884.5,45.8033
2026-09-06 04:45:00+00:00,79884.5,79914.2,79806.5,79824.0,81.4529
2026-09-06 05:00:00+00:00,79824.0,79869.8,79756.6,79776.9,54.0465
2026-09-06 05:15:00+00:00,79776.9,79849.9,79749.8,79817.7,47.7358
2026-09-06 05:30:00+00:00,79817.7,80085.2,79817.3,79993.0,176.3604
2026-09-06 05:45:00+00:00,79993.0,80003.1,79911.4,79957.2,62.9087
2026-09-06 06:00:00+00:00,79957.2,79959.8,79883.9,79888.3,39.3359
2026-09-06 06:15:00+00:00,79888.3,79893.9,79792.0,79795.2,114.8201
2026-09-06 06:30:00+00:00,79795.2,79814.2,79713.3,79781.4,97.5347
2026-09-06 06:45:00+00:00,79781.4,79781.5,79642.3,79737.9,143.3477
2026-09-06 07:00:00+00:00,79737.9,79765.0,79531.4,79634.9,138.9332
2026-09-06 07:15:00+00:00,79634.9,79819.3,79634.9,79783.7,66.4045
2026-09-06 07:30:00+00:00,79783.7,79832.4,79743.0,79805.4,82.7739
2026-09-06 07:45:00+00:00,79805.4,79813.8,79766.3,79766.3,45.8237
2026-09-06 08:00:00+00:00,79766.3,79856.0,79762.0,79832.5,57.9212
2026-09-06 08:15:00+00:00,79832.5,79832.5,79755.0,79763.3,28.8832
2026-09-06 08:30:00+00:00,79763.3,79782.1,79715.9,79750.9,33.4004
2026-09-06 08:45:00+00:00,79750.9,79847.9,79722.6,79809.7,39.5654
2026-09-06 09:00:00+00:00,79809.7,79894.2,79765.6,79894.1,57.4882
2026-09-06 09:15:00+00:00,79894.1,79954.5,79880.6,79932.8,45.0867
2026-09-06 09:30:00+00:00,79932.8,79961.9,79813.3,79831.1,82.8702
2026-09-06 09:45:00+00:00,79831.1,79874.8,79813.2,79851.6,61.3791
2026-09-06 10:00:00+00:00,79851.6,79914.9,79851.5,79888.7,27.6307
2026-09-06 10:15:00+00:00,79888.7,79946.9,79888.7,79941.4,30.121
2026-09-06 10:30:00+00:00,79941.4,79984.9,79932.0,79984.7,24.512
2026-09-06 10:45:00+00:00,79984.7,79997.5,79942.6,79964.0,49.8504
2026-09-06 11:00:00+00:00,79964.0,79966.8,79887.6,79945.9,47.0659
2026-09-06 11:15:00+00:00,79945.9,79968.4,79865.7,79865.7,95.2805
2026-09-06 11:30:00+00:00,79865.7,79939.8,79845.0,79921.8,58.7014
2026-09-06 11:45:00+00:00,79921.8,79925.9,79871.3,79878.0,25.0424
2026-09-06 12:00:00+00:00,79878.0,79908.9,79815.0,79891.9,83.3668
2026-09-06 12:15:00+00:00,79891.9,79972.7,79891.9,79931.9,41.3097
2026-09-06 12:30:00+00:00,79931.9,79973.4,79895.8,79895.9,60.3458
2026-09-06 12:45:00+00:00,79895.9,79961.3,79879.0,79881.9,72.9046
2026-09-06 13:00:00+00:00,79881.9,79936.8,79832.9,79848.6,92.2295
2026-09-06 13:15:00+00:00,79848.6,79848.6,79745.9,79757.9,96.8645
2026-09-06 13:30:00+00:00,79757.9,79823.8,79719.9,79764.3,78.0773
2026-09-06 13:45:00+00:00,79764.3,79815.9,79726.1,79794.4,109.6211
2026-09-06 14:00:00+00:00,79794.4,79815.5,79703.9,79718.2,67.6835
2026-09-06 14:15:00+00:00,79718.2,79769.3,79550.2,79629.6,237.2736
2026-09-06 14:30:00+00:00,79629.6,79716.8,79174.6,79675.3,4078.5978
2026-09-06 14:45:00+00:00,79675.3,79675.3,79481.2,79507.2,230.9815
2026-09-06 15:00:00+00:00,79507.2,79543.9,79343.3,79508.2,207.4693
2026-09-06 15:15:00+00:00,79508.2,79627.2,79501.7,79601.3,89.8987
2026-09-06 15:30:00+00:00,79601.3,79676.9,79555.3,79653.2,59.3729
2026-09-06 15:45:00+00:00,79653.2,79694.8,79623.1,79677.7,46.6702
2026-09-06 16:00:00+00:00,79677.7,79708.1,79566.4,79658.1,131.6156
2026-09-06 16:15:00+00:00,79658.1,79699.9,79596.0,79684.2,74.4705
2026-09-06 16:30:00+00:00,79684.2,79760.0,79650.9,79690.2,82.079
2026-09-06 16:45:00+00:00,79690.2,79693.1,79607.9,79649.9,35.1289
2026-09-06 17:00:00+00:00,79649.9,79650.0,79542.5,79599.8,51.5328
2026-09-06 17:15:00+00:00,79599.8,79743.0,79599.8,79659.4,67.4808
2026-09-06 17:30:00+00:00,79659.4,79734.8,79636.8,79706.1,79.7608
2026-09-06 17:45:00+00:00,79706.1,79734.9,79686.2,79707.8,64.4517
2026-09-06 18:00:00+00:00,79707.8,79841.2,79707.8,79804.0,63.0556
2026-09-06 18:15:00+00:00,79804.0,79887.9,79791.9,79883.9,52.0967
2026-09-06 18:30:00+00:00,79883.9,79939.7,79883.8,79915.8,57.7682
2026-09-06 18:45:00+00:00,79915.8,79927.8,79859.6,79911.9,60.1912
2026-09-06 19:00:00+00:00,79911.9,79912.0,79822.3,79833.3,97.7161
2026-09-06 19:15:00+00:00,79833.3,79839.9,79786.3,79815.0,26.0856
2026-09-06 19:30:00+00:00,79815.0,79821.3,79769.7,79773.0,35.8732
2026-09-06 19:45:00+00:00,79773.0,79804.4,79762.9,79804.4,49.831
2026-09-06 20:00:00+00:00,79804.4,79804.4,79740.6,79785.8,32.436
2026-09-06 20:15:00+00:00,79785.8,79919.4,79772.9,79893.3,48.9532
2026-09-06 20:30:00+00:00,79893.3,79936.0,79867.1,79913.1,60.5037
2026-09-06 20:45:00+00:00,79913.1,79935.9,79851.3,79873.1,56.2862
2026-09-06 21:00:00+00:00,79873.1,79977.6,79873.1,79973.6,83.9831
2026-09-06 21:15:00+00:00,79973.6,79996.8,79854.7,79862.6,51.5689
2026-09-06 21:30:00+00:00,79862.6,79942.3,79831.4,79869.5,119.9504
2026-09-06 21:45:00+00:00,79869.5,79969.6,79855.6,79902.6,101.4907
2026-09-06 22:00:00+00:00,79902.6,79902.6,79638.9,79711.9,174.8663
2026-09-06 22:15:00+00:00,79711.9,79795.2,79600.0,79781.2,163.068
2026-09-06 22:30:00+00:00,79781.2,79977.0,79769.7,79923.8,148.2931
2026-09-06 22:45:00+00:00,79923.8,80057.9,79903.1,80005.3,124.5872
2026-09-06 23:00:00+00:00,80005.3,80332.9,79964.3,80143.9,345.2423
2026-09-06 23:15:00+00:00,80143.9,80239.8,80056.0,80083.7,128.4687
2026-09-06 23:30:00+00:00,80083.7,80452.3,80082.6,80342.8,258.3798
2026-09-06 23:45:00+00:00,80342.8,80531.0,80256.3,80300.9,261.4353
2026-09-07 00:00:00+00:00,80300.9,80404.8,80191.1,80289.3,213.0738
2026-09-07 00:15:00+00:00,80289.3,80299.8,80020.5,80163.6,189.855
2026-09-07 00:30:00+00:00,80163.6,80241.5,80068.2,80105.4,152.8852
2026-09-07 00:45:00+00:00,80105.4,80163.4,80034.7,80121.7,150.4245
2026-09-07 01:00:00+00:00,80121.7,80205.5,79905.2,79923.0,207.2781
2026-09-07 01:15:00+00:00,79923.0,79981.1,79811.8,79883.7,163.0619
2026-09-07 01:30:00+00:00,79883.7,79954.0,79791.3,79815.9,106.856
2026-09-07 01:45:00+00:00,79815.9,79938.7,79780.7,79886.8,75.4207
2026-09-07 02:00:00+00:00,79886.8,79902.8,79755.0,79800.0,72.1267
2026-09-07 02:15:00+00:00,79800.0,80016.8,79800.0,79998.2,100.9506
2026-09-07 02:30:00+00:00,79998.2,80408.5,79967.1,80226.2,297.4207
2026-09-07 02:45:00+00:00,80226.2,80256.0,79794.3,79842.7,182.4604
2026-09-07 03:00:00+00:00,79842.7,79953.3,79734.2,79763.6,183.5593
2026-09-07 03:15:00+00:00,79763.6,79806.0,79683.0,79692.2,145.7965
2026-09-07 03:30:00+00:00,79692.2,79737.4,79550.3,79604.6,156.7771
2026-09-07 03:45:00+00:00,79604.6,79665.7,79535.4,79559.9,145.0869
2026-09-07 04:00:00+00:00,79559.9,79658.4,79513.2,79658.3,213.0793
2026-09-07 04:15:00+00:00,79658.3,79666.1,79571.2,79571.2,115.4038
2026-09-07 04:30:00+00:00,79571.2,79650.1,79500.8,79646.6,106.3968
2026-09-07 04:45:00+00:00,79646.6,79694.8,79606.7,79685.8,72.5928
2026-09-07 05:00:00+00:00,79685.8,79744.5,79620.7,79732.3,221.8839
2026-09-07 05:15:00+00:00,79732.3,79892.6,79723.0,79818.7,110.6864
2026-09-07 05:30:00+00:00,79818.7,79830.8,79775.9,79827.8,59.2544
2026-09-07 05:45:00+00:00,79827.8,79830.4,79717.4,79717.4,74.5739
2026-09-07 06:00:00+00:00,79717.4,79786.7,79706.0,79772.2,51.8453
2026-09-07 06:15:00+00:00,79772.2,79772.2,79653.5,79671.7,84.3395
2026-09-07 06:30:00+00:00,79671.7,79700.6,79613.6,79634.1,63.7441
2026-09-07 06:45:00+00:00,79634.1,79644.5,79609.9,79617.1,103.6897
2026-09-07 07:00:00+00:00,79617.1,79655.0,79545.1,79579.0,88.0482
2026-09-07 07:15:00+00:00,79579.0,79593.6,79362.8,79390.7,185.0582
2026-09-07 07:30:00+00:00,79390.7,79485.1,78947.5,79238.9,777.0795
2026-09-07 07:45:00+00:00,79238.9,79369.6,79238.9,79357.5,194.3476
2026-09-07 08:00:00+00:00,79357.5,79460.5,79355.5,79421.5,129.5963
2026-09-07 08:15:00+00:00,79421.5,79484.4,79408.5,79429.8,89.9074
2026-09-07 08:30:00+00:00,79429.8,79494.5,79393.6,79447.0,95.2597
2026-09-07 08:45:00+00:00,79447.0,79468.1,79379.8,79395.0,80.1341
2026-09-07 09:00:00+00:00,79395.0,79517.5,79372.0,79489.1,100.7148
2026-09-07 09:15:00+00:00,79489.1,79505.2,79379.9,79446.4,94.7901
2026-09-07 09:30:00+00:00,79446.4,79446.5,79284.0,79352.6,76.0037
2026-09-07 09:45:00+00:00,79352.6,79419.3,79259.8,79278.4,74.6719
2026-09-07 10:00:00+00:00,79278.4,79369.6,79278.4,79340.2,84.7516
2026-09-07 10:15:00+00:00,79340.2,79390.2,79333.5,79382.6,41.8839
2026-09-07 10:30:00+00:00,79382.6,79413.0,79348.0,79412.9,35.5767
2026-09-07 10:45:00+00:00,79412.9,79422.3,79307.9,79325.6,51.9712
2026-09-07 11:00:00+00:00,79325.6,79374.2,79236.2,79374.2,67.2042
2026-09-07 11:15:00+00:00,79374.2,79436.8,79361.6,79405.9,43.6
2026-09-07 11:30:00+00:00,79405.9,79449.8,79370.0,79376.6,50.0209
2026-09-07 11:45:00+00:00,79376.6,79399.3,79335.9,79376.7,76.1647
2026-09-07 12:00:00+00:00,79376.7,79468.4,79364.8,79384.5,88.3257
2026-09-07 12:15:00+00:00,79384.5,79495.2,79373.0,79487.8,42.2017
2026-09-07 12:30:00+00:00,79487.8,79491.9,79419.7,79439.5,35.5858
2026-09-07 12:45:00+00:00,79439.5,79600.8,79436.1,79567.3,91.9284
2026-09-07 13:00:00+00:00,79567.3,79613.5,79486.8,79590.0,113.4323
2026-09-07 13:15:00+00:00,79590.0,79605.2,79534.9,79605.1,51.3689
2026-09-07 13:30:00+00:00,79605.1,79605.2,79268.5,79338.0,219.8385
2026-09-07 13:45:00+00:00,79338.0,79384.8,79279.8,79314.4,117.7638
2026-09-07 14:00:00+00:00,79314.4,79359.5,79078.7,79145.1,278.3859
2026-09-07 14:15:00+00:00,79145.1,79192.5,79011.3,79016.0,248.962
2026-09-07 14:30:00+00:00,79016.0,79069.2,78913.3,78992.4,324.3369
2026-09-07 14:45:00+00:00,78992.4,79239.5,78990.0,79152.2,158.7426
2026-09-07 15:00:00+00:00,79152.2,79152.2,78990.7,79003.0,128.4137
2026-09-07 15:15:00+00:00,79003.0,79110.2,78789.7,78992.6,413.7578
2026-09-07 15:30:00+00:00,78992.6,78998.1,78638.4,78741.2,656.9389
2026-09-07 15:45:00+00:00,78741.2,78824.6,78660.0,78786.1,231.2403
2026-09-07 16:00:00+00:00,78786.1,78890.1,78780.2,78871.6,193.7575
2026-09-07 16:15:00+00:00,78871.6,78871.6,78766.0,78798.1,125.726
2026-09-07 16:30:00+00:00,78798.1,78996.9,78797.8,78964.2,186.635
2026-09-07 16:45:00+00:00,78964.2,78992.9,78931.2,78989.5,98.9785
2026-09-07 17:00:00+00:00,78989.5,79123.3,78974.6,79120.0,88.5356
2026-09-07 17:15:00+00:00,79120.0,79123.3,79057.4,79089.7,94.9529
2026-09-07 17:30:00+00:00,79089.7,79145.0,79037.7,79122.7,72.9752
2026-09-07 17:45:00+00:00,79122.7,79185.0,79107.0,79153.2,102.5483
2026-09-07 18:00:00+00:00,79153.2,79181.5,79109.8,79139.1,96.973
2026-09-07 18:15:00+00:00,79139.1,79159.6,79092.3,79109.2,45.9095
2026-09-07 18:30:00+00:00,79109.2,79132.2,79052.3,79120.3,128.7911
2026-09-07 18:45:00+00:00,79120.3,79209.7,79102.3,79158.6,71.136
2026-09-07 19:00:00+00:00,79158.6,79158.6,79110.1,79131.2,87.8014
2026-09-07 19:15:00+00:00,79131.2,79206.5,79131.1,79201.4,30.5915
2026-09-07 19:30:00+00:00,79201.4,79390.3,79201.4,79304.0,182.2943
2026-09-07 19:45:00+00:00,79304.0,79350.1,79304.0,79325.3,72.507
2026-09-07 20:00:00+00:00,79325.3,79364.9,79168.8,79205.0,105.74
2026-09-07 20:15:00+00:00,79205.0,79229.7,79150.1,79179.6,36.7271
2026-09-07 20:30:00+00:00,79179.6,79211.9,79151.6,79155.8,49.0771
2026-09-07 20:45:00+00:00,79155.8,79231.7,79131.0,79206.7,154.6633
2026-09-07 21:00:00+00:00,79206.7,79238.9,79178.2,79238.9,79.7798
2026-09-07 21:15:00+00:00,79238.9,79246.1,79179.5,79194.5,27.8694
2026-09-07 21:30:00+00:00,79194.5,79199.8,79134.0,79154.8,54.2853
2026-09-07 21:45:00+00:00,79154.8,79187.9,79128.9,79129.0,62.2945
2026-09-07 22:00:00+00:00,79129.0,79188.2,79032.0,79118.2,107.7458
2026-09-07 22:15:00+00:00,79118.2,79167.4,78989.9,79065.4,149.4443
2026-09-07 22:30:00+00:00,79065.4,79065.4,78753.6,78788.6,255.8312
2026-09-07 22:45:00+00:00,78788.6,78934.3,78788.6,78916.2,110.6623
2026-09-07 23:00:00+00:00,78916.2,79138.8,78895.2,79093.7,151.5129
2026-09-07 23:15:00+00:00,79093.7,79106.2,78926.8,78974.3,117.151
2026-09-07 23:30:00+00:00,78974.3,79093.2,78947.6,79093.1,61.917
2026-09-07 23:45:00+00:00,79093.1,79183.6,79070.2,79075.8,94.2533
2026-09-08 00:00:00+00:00,79075.8,79085.3,78950.9,79022.9,142.8679
2026-09-08 00:15:00+00:00,79022.9,79120.9,78937.7,78970.7,133.9913
2026-09-08 00:30:00+00:00,78970.7,79255.4,78951.0,79188.6,136.2909
2026-09-08 00:45:00+00:00,79188.6,79286.7,79170.5,79286.7,78.4268
2026-09-08 01:00:00+00:00,79286.7,79340.4,79229.9,79260.8,114.862
2026-09-08 01:15:00+00:00,79260.8,79439.6,79235.6,79363.6,149.7028
2026-09-08 01:30:00+00:00,79363.6,79363.6,79276.6,79291.9,67.8441
2026-09-08 01:45:00+00:00,79291.9,79424.9,79274.1,79408.8,74.6987
2026-09-08 02:00:00+00:00,79408.8,79409.0,79224.1,79300.9,70.8658
2026-09-08 02:15:00+00:00,79300.9,79458.6,79212.0,79233.1,170.2723
2026-09-08 02:30:00+00:00,79233.1,79243.7,79064.3,79098.4,105.3052
2026-09-08 02:45:00+00:00,79098.4,79121.3,78897.9,78898.7,140.515
2026-09-08 03:00:00+00:00,78898.7,78977.8,78844.9,78877.0,129.6335
2026-09-08 03:15:00+00:00,78877.0,78917.4,78690.0,78746.5,234.1818
2026-09-08 03:30:00+00:00,78746.5,78967.8,78736.4,78918.7,195.8103
2026-09-08 03:45:00+00:00,78918.7,78924.8,78837.6,78879.9,77.0486
2026-09-08 04:00:00+00:00,78879.9,78904.6,78759.4,78789.2,73.0174
2026-09-08 04:15:00+00:00,78789.2,78829.9,78721.3,78788.4,116.6178
2026-09-08 04:30:00+00:00,78788.4,78846.2,78699.8,78755.3,95.3145
2026-09-08 04:45:00+00:00,78755.3,78790.7,78649.7,78649.9,91.7546
2026-09-08 05:00:00+00:00,78649.9,78782.7,78507.4,78675.0,440.3146
2026-09-08 05:15:00+00:00,78675.0,78849.9,78622.4,78793.1,175.1206
2026-09-08 05:30:00+00:00,78793.1,78798.7,78595.9,78595.9,217.59
2026-09-08 05:45:00+00:00,78595.9,78691.0,78537.8,78552.7,118.8855
2026-09-08 06:00:00+00:00,78552.7,78597.2,78394.5,78557.0,539.8658
2026-09-08 06:15:00+00:00,78557.0,78598.4,78327.8,78349.0,280.2237
2026-09-08 06:30:00+00:00,78349.0,78418.4,78325.6,78388.2,167.3934
2026-09-08 06:45:00+00:00,78388.2,78460.2,78225.6,78292.8,307.2266
2026-09-08 07:00:00+00:00,78292.8,78411.3,78263.5,78372.2,151.115
2026-09-08 07:15:00+00:00,78372.2,78489.2,78340.1,78435.7,96.2636
2026-09-08 07:30:00+00:00,78435.7,78564.9,78398.2,78404.0,125.4458
2026-09-08 07:45:00+00:00,78404.0,78445.0,78141.6,78444.9,304.7765
2026-09-08 08:00:00+00:00,78444.9,78444.9,78253.0,78359.0,184.9644
2026-09-08 08:15:00+00:00,78359.0,78480.6,78276.9,78445.1,173.0999
2026-09-08 08:30:00+00:00,78445.1,78540.7,78418.6,78509.8,95.8264
2026-09-08 08:45:00+00:00,78509.8,78557.3,78351.2,78395.6,183.4645
2026-09-08 09:00:00+00:00,78395.6,78469.7,78310.6,78456.8,451.0685
2026-09-08 09:15:00+00:00,78456.8,78480.1,78319.7,78444.8,403.5661
2026-09-08 09:30:00+00:00,78444.8,78756.3,78417.2,78737.6,449.5549
2026-09-08 09:45:00+00:00,78737.6,78772.2,78699.6,78728.1,152.6406
2026-09-08 10:00:00+00:00,78728.1,78728.1,78639.0,78709.6,93.9819
2026-09-08 10:15:00+00:00,78709.6,78968.9,78699.7,78814.7,227.7559
2026-09-08 10:30:00+00:00,78814.7,78837.9,78619.2,78636.7,129.2931
2026-09-08 10:45:00+00:00,78636.7,78662.6,78529.3,78529.3,62.3189
2026-09-08 11:00:00+00:00,78529.3,78544.4,78255.6,78278.6,241.8451
2026-09-08 11:15:00+00:00,78278.6,78449.2,78271.5,78413.1,180.6392
2026-09-08 11:30:00+00:00,78413.1,78471.7,78370.6,78407.4,93.9103
2026-09-08 11:45:00+00:00,78407.4,78435.4,78336.9,78399.9,140.5139
2026-09-08 12:00:00+00:00,78399.9,78400.0,78187.4,78190.3,233.4844
2026-09-08 12:15:00+00:00,78190.3,78367.7,78190.2,78345.2,101.2689
2026-09-08 12:30:00+00:00,78345.2,78423.1,78271.0,78303.9,161.6595
2026-09-08 12:45:00+00:00,78303.9,78453.2,78270.0,78419.9,188.2605
2026-09-08 13:00:00+00:00,78419.9,78512.0,78375.0,78441.9,133.0265
2026-09-08 13:15:00+00:00,78441.9,78457.2,78282.9,78307.5,126.0612
2026-09-08 13:30:00+00:00,78307.5,78344.6,77661.1,77816.3,1367.7841
2026-09-08 13:45:00+00:00,77816.3,78066.7,77602.3,77936.6,915.8983
2026-09-08 14:00:00+00:00,77936.6,78166.3,77819.5,78123.4,568.9928
2026-09-08 14:15:00+00:00,78123.4,78352.4,78123.4,78307.0,358.0042
2026-09-08 14:30:00+00:00,78307.0,78399.8,78206.2,78379.6,297.0255
2026-09-08 14:45:00+00:00,78379.6,78591.6,78350.0,78524.8,451.8224
2026-09-08 15:00:00+00:00,78524.8,78630.4,78439.1,78608.0,238.7886
2026-09-08 15:15:00+00:00,78608.0,78679.9,78415.0,78425.3,227.6635
2026-09-08 15:30:00+00:00,78425.3,78744.9,78415.8,78680.6,184.3249
2026-09-08 15:45:00+00:00,78680.6,78871.1,78636.3,78869.8,342.0623
2026-09-08 16:00:00+00:00,78869.8,78871.0,78592.1,78616.6,195.2163
2026-09-08 16:15:00+00:00,78616.6,78646.1,78539.8,78599.6,171.1553
2026-09-08 16:30:00+00:00,78599.6,78935.9,78583.2,78758.8,192.5667
2026-09-08 16:45:00+00:00,78758.8,78845.9,78617.0,78699.8,240.2339
2026-09-08 17:00:00+00:00,78699.8,78856.7,78626.4,78673.9,171.0102
2026-09-08 17:15:00+00:00,78673.9,78683.9,78510.2,78559.8,136.9616
2026-09-08 17:30:00+00:00,78559.8,78630.6,78491.9,78492.0,103.1514
2026-09-08 17:45:00+00:00,78492.0,78609.9,78459.0,78467.8,106.6298
2026-09-08 18:00:00+00:00,78467.8,78689.8,78458.3,78639.8,97.3184
2026-09-08 18:15:00+00:00,78639.8,78782.8,78632.9,78697.6,92.0358
2026-09-08 18:30:00+00:00,78697.6,78739.8,78543.7,78568.2,78.9062
2026-09-08 18:45:00+00:00,78568.2,78619.2,78233.5,78399.2,418.275
2026-09-08 19:00:00+00:00,78399.2,78485.0,78356.9,78433.0,341.4172
2026-09-08 19:15:00+00:00,78433.0,78495.5,78307.9,78440.8,186.8914
2026-09-08 19:30:00+00:00,78440.8,78483.3,78299.8,78375.5,164.515
2026-09-08 19:45:00+00:00,78375.5,78410.8,78284.9,78407.3,228.8893
2026-09-08 20:00:00+00:00,78407.3,78587.1,78367.7,78575.7,148.1469
2026-09-08 20:15:00+00:00,78575.7,78580.0,78412.5,78550.5,218.8399
2026-09-08 20:30:00+00:00,78550.5,78550.5,78376.1,78494.3,109.6562
2026-09-08 20:45:00+00:00,78494.3,78524.9,78431.1,78447.9,97.5268
2026-09-08 21:00:00+00:00,78447.9,78540.1,78431.8,78519.2,63.8721
2026-09-08 21:15:00+00:00,78519.2,78586.4,78467.9,78495.5,127.5579
2026-09-08 21:30:00+00:00,78495.5,78532.2,78405.0,78488.1,105.0368
2026-09-08 21:45:00+00:00,78488.1,78501.0,78360.3,78458.7,61.5917
2026-09-08 22:00:00+00:00,78458.7,78631.7,78420.6,78474.9,125.3087
2026-09-08 22:15:00+00:00,78474.9,78549.2,78437.0,78464.3,62.488
2026-09-08 22:30:00+00:00,78464.3,78503.6,78430.6,78456.7,48.1261
2026-09-08 22:45:00+00:00,78456.7,78552.7,78456.5,78526.1,108.4819
2026-09-08 23:00:00+00:00,78526.1,78543.3,78431.5,78465.6,63.3648
2026-09-08 23:15:00+00:00,78465.6,78475.3,78391.3,78432.5,59.9933
2026-09-08 23:30:00+00:00,78432.5,78439.9,78406.8,78414.7,29.0944
2026-09-08 23:45:00+00:00,78414.7,78444.2,78375.6,78425.5,58.6497
2026-09-09 00:00:00+00:00,78425.5,78703.7,78425.3,78685.5,88.307
2026-09-09 00:15:00+00:00,78685.5,78714.1,78565.5,78595.5,77.8858
2026-09-09 00:30:00+00:00,78595.5,78666.5,78535.1,78666.4,52.4529
2026-09-09 00:45:00+00:00,78666.4,78759.0,78666.3,78745.7,66.1162
2026-09-09 01:00:00+00:00,78745.7,78833.5,78661.2,78707.3,197.362
2026-09-09 01:15:00+00:00,78707.3,78740.0,78592.7,78695.0,166.4462
2026-09-09 01:30:00+00:00,78695.0,78840.1,78659.7,78801.6,104.802
2026-09-09 01:45:00+00:00,78801.6,78860.7,78768.6,78848.8,162.9888
2026-09-09 02:00:00+00:00,78848.8,78899.0,78761.3,78761.8,178.6049
2026-09-09 02:15:00+00:00,78761.8,78798.6,78645.0,78791.2,130.8632
2026-09-09 02:30:00+00:00,78791.2,78804.8,78718.8,78760.7,54.908
2026-09-09 02:45:00+00:00,78760.7,78769.9,78689.3,78689.3,30.6214
2026-09-09 03:00:00+00:00,78689.3,78689.3,78550.3,78554.9,83.9453
2026-09-09 03:15:00+00:00,78554.9,78588.0,78507.3,78542.9,86.1287
2026-09-09 03:30:00+00:00,78542.9,78632.9,78536.1,78611.7,48.7079
2026-09-09 03:45:00+00:00,78611.7,78647.6,78564.6,78593.7,49.3404
2026-09-09 04:00:00+00:00,78593.7,78911.2,78593.7,78806.2,247.9614
2026-09-09 04:15:00+00:00,78806.2,78916.6,78741.6,78853.2,76.6101
2026-09-09 04:30:00+00:00,78853.2,79179.9,78838.4,79159.4,339.5518
2026-09-09 04:45:00+00:00,79159.4,79186.2,79037.6,79135.9,255.1612
2026-09-09 05:00:00+00:00,79135.9,79321.5,79020.7,79245.7,581.8097
2026-09-09 05:15:00+00:00,79245.7,79342.8,79093.2,79093.3,435.8884
2026-09-09 05:30:00+00:00,79093.3,79106.5,78858.1,78887.8,194.5796
2026-09-09 05:45:00+00:00,78887.8,78930.8,78802.1,78906.4,129.6609
2026-09-09 06:00:00+00:00,78906.4,79104.3,78823.2,79085.3,160.368
2026-09-09 06:15:00+00:00,79085.3,79259.8,79063.2,79122.0,166.7655
2026-09-09 06:30:00+00:00,79122.0,79200.2,79102.8,79156.1,134.821
2026-09-09 06:45:00+00:00,79156.1,79171.9,79080.8,79125.4,92.8698
2026-09-09 07:00:00+00:00,79125.4,79376.4,79119.2,79219.4,230.1953
2026-09-09 07:15:00+00:00,79219.4,79268.2,79193.4,79246.9,130.7036
2026-09-09 07:30:00+00:00,79246.9,79261.6,79140.1,79165.5,86.4731
2026-09-09 07:45:00+00:00,79165.5,79255.0,79161.2,79245.9,78.7171
2026-09-09 08:00:00+00:00,79245.9,79525.1,79231.4,79377.8,361.521
2026-09-09 08:15:00+00:00,79377.8,79680.3,79370.8,79651.3,310.5353
2026-09-09 08:30:00+00:00,79651.3,79735.0,79534.1,79609.6,244.8924
2026-09-09 08:45:00+00:00,79609.6,79673.2,79554.9,79660.5,92.2286
2026-09-09 09:00:00+00:00,79660.5,79680.1,79433.0,79499.1,126.8727
2026-09-09 09:15:00+00:00,79499.1,79518.5,79387.8,79387.9,71.7523
2026-09-09 09:30:00+00:00,79387.9,79407.1,79025.4,79040.0,288.9103
2026-09-09 09:45:00+00:00,79040.0,79100.1,78856.3,78913.1,345.1535
2026-09-09 10:00:00+00:00,78913.1,79013.6,78899.9,78960.5,164.5634
2026-09-09 10:15:00+00:00,78960.5,79090.3,78886.4,79044.9,160.6258
2026-09-09 10:30:00+00:00,79044.9,79149.1,79022.8,79038.4,129.7728
2026-09-09 10:45:00+00:00,79038.4,79038.5,78837.0,78882.6,188.8202
2026-09-09 11:00:00+00:00,78882.6,78925.1,78690.3,78842.9,271.3517
2026-09-09 11:15:00+00:00,78842.9,78968.5,78773.5,78963.4,129.2028
2026-09-09 11:30:00+00:00,78963.4,79075.5,78925.0,78989.0,139.2334
2026-09-09 11:45:00+00:00,78989.0,79347.1,78989.0,79281.6,287.319
2026-09-09 12:00:00+00:00,79281.6,79407.7,79237.1,79345.8,236.2977
2026-09-09 12:15:00+00:00,79345.8,79413.6,79276.1,79369.1,143.7899
2026-09-09 12:30:00+00:00,79369.1,79575.1,79365.0,79480.4,186.0655
2026-09-09 12:45:00+00:00,79480.4,79629.9,79480.4,79566.3,209.1025
2026-09-09 13:00:00+00:00,79566.3,79589.3,79455.0,79478.0,231.0002
2026-09-09 13:15:00+00:00,79478.0,79616.2,79420.0,79585.9,138.5472
2026-09-09 13:30:00+00:00,79585.9,79647.8,79069.9,79211.0,705.9332
2026-09-09 13:45:00+00:00,79211.0,79360.9,79069.8,79108.0,357.2424
2026-09-09 14:00:00+00:00,79108.0,79174.6,78855.8,79049.6,690.7842
2026-09-09 14:15:00+00:00,79049.6,79239.9,78844.8,79239.9,452.3037
2026-09-09 14:30:00+00:00,79239.9,79380.1,78925.0,78968.2,388.9023
2026-09-09 14:45:00+00:00,78968.2,79103.9,78864.8,78932.0,335.8407
2026-09-09 15:00:00+00:00,78932.0,79363.7,78222.2,78441.2,4097.9924
2026-09-09 15:15:00+00:00,78441.2,78596.8,78020.1,78343.9,1251.9525
2026-09-09 15:30:00+00:00,78343.9,78719.1,78303.1,78615.1,655.9819
2026-09-09 15:45:00+00:00,78615.1,78661.7,78522.1,78569.8,198.5077
2026-09-09 16:00:00+00:00,78569.8,78759.4,78462.4,78635.2,320.5611
2026-09-09 16:15:00+00:00,78635.2,78635.2,78419.2,78608.7,330.8625
2026-09-09 16:30:00+00:00,78608.7,78931.4,78608.7,78773.6,258.3902
2026-09-09 16:45:00+00:00,78773.6,78785.9,78701.8,78769.5,88.7313
2026-09-09 17:00:00+00:00,78769.5,78888.0,78687.9,78837.6,195.7109
2026-09-09 17:15:00+00:00,78837.6,78902.3,78756.7,78821.9,118.2538
2026-09-09 17:30:00+00:00,78821.9,78835.4,78650.4,78667.1,175.3128
2026-09-09 17:45:00+00:00,78667.1,78787.2,78626.0,78738.0,134.1794
2026-09-09 18:00:00+00:00,78738.0,78760.2,78562.5,78574.8,107.4614
2026-09-09 18:15:00+00:00,78574.8,78614.1,78532.8,78594.3,201.7859
2026-09-09 18:30:00+00:00,78594.3,78615.5,78460.1,78504.4,114.3846
2026-09-09 18:45:00+00:00,78504.4,78530.2,78369.3,78383.9,199.2421
2026-09-09 19:00:00+00:00,78383.9,78457.0,78307.0,78450.1,183.1009
2026-09-09 19:15:00+00:00,78450.1,78549.4,78435.0,78494.5,74.3376
2026-09-09 19:30:00+00:00,78494.5,78516.3,78254.1,78265.0,158.145
2026-09-09 19:45:00+00:00,78265.0,78300.8,78112.0,78195.8,203.0456
2026-09-09 20:00:00+00:00,78195.8,78259.9,78150.9,78216.3,126.9065
2026-09-09 20:15:00+00:00,78216.3,78302.8,77887.1,78069.3,449.9557
2026-09-09 20:30:00+00:00,78069.3,78279.0,78061.2,78241.4,136.385
2026-09-09 20:45:00+00:00,78241.4,78294.9,78059.3,78281.9,160.0309
2026-09-09 21:00:00+00:00,78281.9,78307.5,78131.8,78204.1,84.9424
2026-09-09 21:15:00+00:00,78204.1,78261.9,78094.7,78246.8,96.5314
2026-09-09 21:30:00+00:00,78246.8,78246.8,78104.0,78209.8,105.1884
2026-09-09 21:45:00+00:00,78209.8,78209.8,77950.8,78109.7,160.3213
2026-09-09 22:00:00+00:00,78109.7,78160.1,77722.9,77824.8,4179.553
2026-09-09 22:15:00+00:00,77824.8,78024.7,77728.5,77994.7,198.8564
2026-09-09 22:30:00+00:00,77994.7,78023.3,77894.8,77999.4,116.9299
2026-09-09 22:45:00+00:00,77999.4,78015.1,77875.4,77885.1,113.5857
2026-09-09 23:00:00+00:00,77885.1,78169.9,77880.0,78116.5,98.1927
2026-09-09 23:15:00+00:00,78116.5,78154.4,78058.2,78154.3,92.1654
2026-09-09 23:30:00+00:00,78154.3,78224.2,78136.1,78187.6,55.2314
2026-09-09 23:45:00+00:00,78187.6,78282.4,78183.0,78264.0,58.3284
2026-09-10 00:00:00+00:00,78264.0,78355.3,78236.0,78236.0,138.9409
2026-09-10 00:15:00+00:00,78236.0,78304.5,78179.4,78291.6,141.6375
2026-09-10 00:30:00+00:00,78291.6,78291.6,78129.9,78130.0,107.9142
2026-09-10 00:45:00+00:00,78130.0,78222.1,78062.2,78137.4,206.0911
2026-09-10 01:00:00+00:00,78137.4,78482.3,78128.8,78304.7,211.346
2026-09-10 01:15:00+00:00,78304.7,78311.4,78128.8,78131.4,142.3561
2026-09-10 01:30:00+00:00,78131.4,78217.0,77912.2,78141.2,249.8556
2026-09-10 01:45:00+00:00,78141.2,78141.2,77958.2,78060.9,155.3064
2026-09-10 02:00:00+00:00,78060.9,78071.2,77972.7,78015.8,90.8782
2026-09-10 02:15:00+00:00,78015.8,78039.4,77951.2,77990.8,76.3288
2026-09-10 02:30:00+00:00,77990.8,78238.6,77973.5,78230.4,99.4514
2026-09-10 02:45:00+00:00,78230.4,78340.1,78222.3,78323.6,118.3386
2026-09-10 03:00:00+00:00,78323.6,78533.2,78303.8,78349.9,194.5077
2026-09-10 03:15:00+00:00,78349.9,78374.0,78274.7,78363.9,94.141
2026-09-10 03:30:00+00:00,78363.9,78428.6,78298.9,78341.7,101.0162
2026-09-10 03:45:00+00:00,78341.7,78419.7,78242.4,78297.4,57.1067
2026-09-10 04:00:00+00:00,78297.4,78372.8,78272.0,78311.7,39.9553
2026-09-10 04:15:00+00:00,78311.7,78399.9,78311.6,78351.0,88.9891
2026-09-10 04:30:00+00:00,78351.0,78380.5,78304.0,78304.0,58.1072
2026-09-10 04:45:00+00:00,78304.0,78410.6,78269.9,78376.1,63.9428
2026-09-10 05:00:00+00:00,78376.1,78465.6,78245.5,78443.4,118.067
2026-09-10 05:15:00+00:00,78443.4,78487.8,78329.7,78443.8,139.5627
2026-09-10 05:30:00+00:00,78443.8,78491.0,78372.8,78389.9,73.3327
2026-09-10 05:45:00+00:00,78389.9,78532.1,78377.1,78503.2,190.8211
2026-09-10 06:00:00+00:00,78503.2,78509.7,78269.9,78278.8,75.9841
2026-09-10 06:15:00+00:00,78278.8,78278.8,78127.5,78181.4,130.6478
2026-09-10 06:30:00+00:00,78181.4,78233.5,78122.2,78165.9,96.3922
2026-09-10 06:45:00+00:00,78165.9,78496.1,78165.9,78388.6,180.5902
2026-09-10 07:00:00+00:00,78388.6,78393.8,78120.8,78180.1,191.0052
2026-09-10 07:15:00+00:00,78180.1,78186.9,77984.9,77986.6,122.4391
2026-09-10 07:30:00+00:00,77986.6,78011.6,77867.5,77980.8,184.0399
2026-09-10 07:45:00+00:00,77980.8,78119.9,77973.3,78070.9,85.3585
2026-09-10 08:00:00+00:00,78070.9,78122.5,78020.3,78039.9,103.0743
2026-09-10 08:15:00+00:00,78039.9,78133.9,78000.8,78130.4,93.2787
2026-09-10 08:30:00+00:00,78130.4,78132.7,77991.2,78072.6,92.8252
2026-09-10 08:45:00+00:00,78072.6,78136.2,78050.0,78072.9,71.7456
2026-09-10 09:00:00+00:00,78072.9,78181.5,78072.8,78121.1,86.4807
2026-09-10 09:15:00+00:00,78121.1,78195.5,78108.5,78174.6,73.2733
2026-09-10 09:30:00+00:00,78174.6,78174.6,77893.5,77931.9,132.5136
2026-09-10 09:45:00+00:00,77931.9,77997.4,77920.0,77964.1,81.5488
2026-09-10 10:00:00+00:00,77964.1,78010.6,77924.2,77959.8,73.8576
2026-09-10 10:15:00+00:00,77959.8,77995.1,77899.9,77955.0,51.7602
2026-09-10 10:30:00+00:00,77955.0,78017.9,77790.1,77962.2,115.206
2026-09-10 10:45:00+00:00,77962.2,78012.5,77836.8,77836.9,132.6075
2026-09-10 11:00:00+00:00,77836.9,77895.4,77660.2,77895.4,288.0437
2026-09-10 11:15:00+00:00,77895.4,78028.7,77894.6,77979.8,135.4737
2026-09-10 11:30:00+00:00,77979.8,78025.5,77952.3,77977.1,85.7651
2026-09-10 11:45:00+00:00,77977.1,77999.3,77800.3,77817.2,138.5401
2026-09-10 12:00:00+00:00,77817.2,77861.6,77689.5,77801.2,203.0515
2026-09-10 12:15:00+00:00,77801.2,77815.0,77637.4,77799.8,211.3525
2026-09-10 12:30:00+00:00,77799.8,77935.6,77008.7,77104.2,4611.3143
2026-09-10 12:45:00+00:00,77104.2,77141.5,76634.3,76860.0,2672.8581
2026-09-10 13:00:00+00:00,76860.0,77062.5,76736.0,76800.0,578.7423
2026-09-10 13:15:00+00:00,76800.0,76940.2,76692.6,76893.1,512.5421
2026-09-10 13:30:00+00:00,76893.1,77070.8,76730.0,76903.3,780.1061
2026-09-10 13:45:00+00:00,76903.3,77207.5,76881.1,77137.5,433.752
2026-09-10 14:00:00+00:00,77137.5,77311.8,76926.1,77055.4,647.0114
2026-09-10 14:15:00+00:00,77055.4,77348.9,76922.7,77245.7,600.3465
2026-09-10 14:30:00+00:00,77245.7,77330.0,77204.4,77252.3,271.8504
2026-09-10 14:45:00+00:00,77252.3,77393.9,77231.7,77376.5,181.7515
2026-09-10 15:00:00+00:00,77376.5,77381.1,77205.4,77305.6,188.7209
2026-09-10 15:15:00+00:00,77305.6,77318.9,77066.0,77075.7,165.4966
2026-09-10 15:30:00+00:00,77075.7,77313.3,77059.0,77186.3,187.3528
2026-09-10 15:45:00+00:00,77186.3,77218.5,77078.7,77218.5,208.0211
2026-09-10 16:00:00+00:00,77218.5,77280.0,76876.0,76953.0,218.0061
2026-09-10 16:15:00+00:00,76953.0,77049.6,76841.7,76895.2,209.2159
2026-09-10 16:30:00+00:00,76895.2,77030.1,76761.6,77007.4,233.5911
2026-09-10 16:45:00+00:00,77007.4,77203.9,77007.3,77172.1,180.05
2026-09-10 17:00:00+00:00,77172.1,77223.1,77092.8,77150.2,120.604
2026-09-10 17:15:00+00:00,77150.2,77311.6,77104.8,77296.1,156.0518
2026-09-10 17:30:00+00:00,77296.1,77514.8,77282.5,77334.4,433.4827
2026-09-10 17:45:00+00:00,77334.4,77407.0,77291.1,77296.7,128.2604
2026-09-10 18:00:00+00:00,77296.7,77312.3,76942.9,76980.3,199.5814
2026-09-10 18:15:00+00:00,76980.3,77127.9,76970.7,77043.6,109.8039
2026-09-10 18:30:00+00:00,77043.6,77135.2,77019.0,77129.6,66.5821
2026-09-10 18:45:00+00:00,77129.6,77269.5,77061.3,77222.6,120.718
2026-09-10 19:00:00+00:00,77222.6,77222.6,77089.3,77142.5,107.7134
2026-09-10 19:15:00+00:00,77142.5,77224.1,77074.8,77165.1,101.6054
2026-09-10 19:30:00+00:00,77165.1,77270.1,77073.7,77226.8,177.0241
2026-09-10 19:45:00+00:00,77226.8,77232.6,77044.0,77129.1,115.0984
2026-09-10 20:00:00+00:00,77129.1,77294.6,77070.5,77293.8,99.6715
2026-09-10 20:15:00+00:00,77293.8,77316.1,77216.9,77248.1,60.7678
2026-09-10 20:30:00+00:00,77248.1,77263.9,77193.6,77260.7,58.8502
2026-09-10 20:45:00+00:00,77260.7,77267.1,77181.5,77233.3,58.2429
2026-09-10 21:00:00+00:00,77233.3,77269.6,77186.6,77218.1,99.9151
2026-09-10 21:15:00+00:00,77218.1,77218.1,77156.6,77195.1,86.7631
2026-09-10 21:30:00+00:00,77195.1,77200.1,77059.4,77119.5,102.0469
2026-09-10 21:45:00+00:00,77119.5,77167.6,77089.8,77113.6,75.2322
2026-09-10 22:00:00+00:00,77113.6,77153.7,77038.8,77107.6,101.0559
2026-09-10 22:15:00+00:00,77107.6,77182.3,77028.6,77028.7,150.0197
2026-09-10 22:30:00+00:00,77028.7,77044.7,76789.0,76819.1,164.4887
2026-09-10 22:45:00+00:00,76819.1,76934.6,76774.1,76794.0,137.3705
2026-09-10 23:00:00+00:00,76794.0,76840.5,76432.8,76473.6,562.6
2026-09-10 23:15:00+00:00,76473.6,76751.5,76414.5,76693.8,299.339
2026-09-10 23:30:00+00:00,76693.8,76777.0,76670.1,76734.1,135.6821
2026-09-10 23:45:00+00:00,76734.1,76744.8,76500.1,76535.6,185.3938
2026-09-11 00:00:00+00:00,76535.6,76822.5,76525.1,76785.8,248.832
2026-09-11 00:15:00+00:00,76785.8,76845.5,76735.8,76817.8,206.5688
2026-09-11 00:30:00+00:00,76817.8,76817.9,76653.7,76732.0,186.7321
2026-09-11 00:45:00+00:00,76732.0,76905.2,76710.0,76881.0,125.0988
2026-09-11 01:00:00+00:00,76881.0,76979.0,76860.1,76870.3,114.5058
2026-09-11 01:15:00+00:00,76870.3,76924.9,76758.1,76777.8,130.369
2026-09-11 01:30:00+00:00,76777.8,76890.6,76637.3,76864.9,232.5906
2026-09-11 01:45:00+00:00,76864.9,76946.8,76765.4,76946.8,130.9585
2026-09-11 02:00:00+00:00,76946.8,76987.7,76866.0,76955.2,142.3949
2026-09-11 02:15:00+00:00,76955.2,76955.2,76737.8,76775.8,103.3255
2026-09-11 02:30:00+00:00,76775.8,76899.8,76744.4,76836.2,78.7602
2026-09-11 02:45:00+00:00,76836.2,76899.8,76773.3,76813.3,74.8087
2026-09-11 03:00:00+00:00,76813.3,76862.6,76667.0,76853.9,129.8725
2026-09-11 03:15:00+00:00,76853.9,76863.9,76725.7,76787.1,110.5506
2026-09-11 03:30:00+00:00,76787.1,76862.7,76671.3,76843.0,186.497
2026-09-11 03:45:00+00:00,76843.0,76860.7,76738.1,76860.7,117.8878
2026-09-11 04:00:00+00:00,76860.7,76967.2,76849.9,76943.1,113.092
2026-09-11 04:15:00+00:00,76943.1,77161.7,76904.5,77144.5,145.6312
2026-09-11 04:30:00+00:00,77144.5,77166.4,77055.8,77064.8,62.3794
2026-09-11 04:45:00+00:00,77064.8,77122.5,77058.8,77076.3,81.6972
2026-09-11 05:00:00+00:00,77076.3,77129.8,77029.3,77107.5,72.9194
2026-09-11 05:15:00+00:00,77107.5,77119.4,77051.2,77061.5,153.6816
2026-09-11 05:30:00+00:00,77061.5,77164.3,77044.9,77162.6,78.9552
2026-09-11 05:45:00+00:00,77162.6,77227.4,77125.6,77220.1,60.3504
2026-09-11 06:00:00+00:00,77220.1,77399.9,77193.2,77367.4,180.363
2026-09-11 06:15:00+00:00,77367.4,77367.4,77214.2,77238.5,82.4956
2026-09-11 06:30:00+00:00,77238.5,77238.5,77140.2,77206.9,74.388
2026-09-11 06:45:00+00:00,77206.9,77265.1,77206.9,77263.9,23.7425
2026-09-11 07:00:00+00:00,77263.9,77356.9,77250.5,77274.8,51.0448
2026-09-11 07:15:00+00:00,77274.8,77373.7,77259.8,77297.2,146.3703
2026-09-11 07:30:00+00:00,77297.2,77305.8,77216.0,77225.9,74.2346
2026-09-11 07:45:00+00:00,77225.9,77231.1,77159.8,77188.0,40.4461
2026-09-11 08:00:00+00:00,77188.0,77230.0,77100.5,77149.0,59.329
2026-09-11 08:15:00+00:00,77149.0,77428.7,77149.0,77355.7,133.3152
2026-09-11 08:30:00+00:00,77355.7,77469.2,77319.7,77381.1,139.8835
2026-09-11 08:45:00+00:00,77381.1,77382.4,77285.2,77324.0,45.6606
2026-09-11 09:00:00+00:00,77324.0,77332.6,77222.8,77240.8,39.6603
2026-09-11 09:15:00+00:00,77240.8,77257.3,77104.4,77104.4,45.2432
2026-09-11 09:30:00+00:00,77104.4,77130.7,76823.3,76931.4,269.2318
2026-09-11 09:45:00+00:00,76931.4,77030.8,76925.5,77001.1,88.3171
2026-09-11 10:00:00+00:00,77001.1,77129.6,76931.7,77046.7,134.7014
2026-09-11 10:15:00+00:00,77046.7,77101.6,76999.7,76999.8,64.2796
2026-09-11 10:30:00+00:00,76999.8,77021.8,76923.8,76982.2,86.0636
2026-09-11 10:45:00+00:00,76982.2,77011.7,76960.1,76960.1,54.9852
2026-09-11 11:00:00+00:00,76960.1,76963.4,76721.9,76756.3,237.4162
2026-09-11 11:15:00+00:00,76756.3,76880.1,76705.0,76814.9,135.837
2026-09-11 11:30:00+00:00,76814.9,76879.8,76755.1,76879.7,88.5276
2026-09-11 11:45:00+00:00,76879.7,77013.8,76863.4,77000.0,143.7763
2026-09-11 12:00:00+00:00,77000.0,77093.4,76868.3,76884.3,192.2339
2026-09-11 12:15:00+00:00,76884.3,77376.7,76862.3,77064.0,1187.9389
2026-09-11 12:30:00+00:00,77064.0,77671.4,75991.2,77557.9,8870.5239
2026-09-11 12:45:00+00:00,77557.9,78115.4,77527.8,77992.6,1524.6636
2026-09-11 13:00:00+00:00,77992.6,77997.0,77528.8,77700.0,610.177
2026-09-11 13:15:00+00:00,77700.0,77805.6,77464.5,77486.5,387.6431
2026-09-11 13:30:00+00:00,77486.5,77899.8,77211.6,77836.2,1579.4843
2026-09-11 13:45:00+00:00,77836.2,79299.0,77720.0,79208.0,2938.4963
2026-09-11 14:00:00+00:00,79208.0,79858.8,78771.5,79027.7,3384.8484
2026-09-11 14:15:00+00:00,79027.7,79150.7,78899.6,78998.7,733.8369
2026-09-11 14:30:00+00:00,78998.7,79005.5,78520.0,78621.9,718.599
2026-09-11 14:45:00+00:00,78621.9,78839.2,78470.6,78757.8,620.2743
2026-09-11 15:00:00+00:00,78757.8,78807.7,78463.1,78467.9,436.2809
2026-09-11 15:15:00+00:00,78467.9,78744.1,78436.4,78674.6,391.733
2026-09-11 15:30:00+00:00,78674.6,78794.1,78600.0,78613.5,250.5573
2026-09-11 15:45:00+00:00,78613.5,78623.0,77264.1,77683.1,2498.6732
2026-09-11 16:00:00+00:00,77683.1,78029.4,77600.2,77755.0,1006.6206
2026-09-11 16:15:00+00:00,77755.0,77797.5,77311.7,77635.2,1009.3523
2026-09-11 16:30:00+00:00,77635.2,77765.1,77495.2,77765.0,411.4931
2026-09-11 16:45:00+00:00,77765.0,77958.0,77758.3,77873.1,358.4915
2026-09-11 17:00:00+00:00,77873.1,77924.0,77707.6,77714.6,266.065
2026-09-11 17:15:00+00:00,77714.6,77874.0,77652.3,77800.2,215.0412
2026-09-11 17:30:00+00:00,77800.2,77834.8,77537.3,77571.2,210.811
2026-09-11 17:45:00+00:00,77571.2,77598.0,77450.1,77494.0,161.5909
2026-09-11 18:00:00+00:00,77494.0,77509.1,76837.8,77049.5,890.5772
2026-09-11 18:15:00+00:00,77049.5,77214.9,77013.3,77173.6,364.2071
2026-09-11 18:30:00+00:00,77173.6,77256.3,77064.1,77078.5,257.7186
2026-09-11 18:45:00+00:00,77078.5,77180.3,76913.4,77020.6,243.9439
2026-09-11 19:00:00+00:00,77020.6,77207.6,76967.0,77174.9,246.1979
2026-09-11 19:15:00+00:00,77174.9,77255.1,77049.9,77192.8,167.624
2026-09-11 19:30:00+00:00,77192.8,77297.5,77153.4,77271.0,138.1109
2026-09-11 19:45:00+00:00,77271.0,77338.9,77206.9,77250.6,208.8098
2026-09-11 20:00:00+00:00,77250.6,77470.3,77241.8,77421.4,219.1994
2026-09-11 20:15:00+00:00,77421.4,77421.4,77331.6,77354.6,88.4475
2026-09-11 20:30:00+00:00,77354.6,77429.3,77241.7,77378.1,183.6203
2026-09-11 20:45:00+00:00,77378.1,77386.5,77162.5,77295.7,220.5114
2026-09-11 21:00:00+00:00,77295.7,77396.6,77280.0,77336.5,94.7227
2026-09-11 21:15:00+00:00,77336.5,77396.7,77315.0,77331.2,103.555
2026-09-11 21:30:00+00:00,77331.2,77364.0,77294.4,77310.0,72.3276
2026-09-11 21:45:00+00:00,77310.0,77321.8,77038.7,77080.1,165.6143
2026-09-11 22:00:00+00:00,77080.1,77148.8,76942.5,77148.8,233.6037
2026-09-11 22:15:00+00:00,77148.8,77203.7,77069.7,77089.3,131.537
2026-09-11 22:30:00+00:00,77089.3,77175.2,76960.1,77088.0,195.5557
2026-09-11 22:45:00+00:00,77088.0,77130.1,76960.7,77109.9,246.1901
2026-09-11 23:00:00+00:00,77109.9,77189.7,77085.2,77097.2,394.0604
2026-09-11 23:15:00+00:00,77097.2,77163.1,77097.2,77159.8,28.0927
2026-09-11 23:30:00+00:00,77159.8,77190.1,77107.3,77145.9,166.9802
2026-09-11 23:45:00+00:00,77145.9,77195.3,77133.2,77190.8,42.9907
2026-09-12 00:00:00+00:00,77190.8,77272.5,77170.4,77258.0,104.6134
2026-09-12 00:15:00+00:00,77258.0,77277.3,77240.5,77240.5,25.3351
2026-09-12 00:30:00+00:00,77240.5,77259.0,77205.3,77248.6,36.6628
2026-09-12 00:45:00+00:00,77248.6,77287.8,77236.3,77251.6,70.2542
2026-09-12 01:00:00+00:00,77251.6,77336.5,77220.0,77336.5,97.4758
2026-09-12 01:15:00+00:00,77336.5,77346.8,77259.8,77287.2,33.8863
2026-09-12 01:30:00+00:00,77287.2,77288.0,77223.9,77241.8,38.3199
2026-09-12 01:45:00+00:00,77241.8,77300.0,77224.2,77236.2,55.7907
2026-09-12 02:00:00+00:00,77236.2,77290.7,77231.7,77265.5,41.3024
2026-09-12 02:15:00+00:00,77265.5,77293.4,77240.4,77250.3,31.053
2026-09-12 02:30:00+00:00,77250.3,77257.7,77177.5,77194.4,54.4515
2026-09-12 02:45:00+00:00,77194.4,77284.7,77179.9,77248.5,71.9422
2026-09-12 03:00:00+00:00,77248.5,77314.5,77216.3,77244.0,46.7527
2026-09-12 03:15:00+00:00,77244.0,77280.0,77195.5,77249.6,86.3514
2026-09-12 03:30:00+00:00,77249.6,77249.7,77201.5,77214.9,15.4349
2026-09-12 03:45:00+00:00,77214.9,77242.3,77203.7,77236.9,23.5772
2026-09-12 04:00:00+00:00,77236.9,77288.8,77236.8,77257.3,32.0086
2026-09-12 04:15:00+00:00,77257.3,77261.1,77185.5,77221.0,43.7703
2026-09-12 04:30:00+00:00,77221.0,77261.9,77206.9,77213.3,69.819
2026-09-12 04:45:00+00:00,77213.3,77233.2,77186.2,77186.5,26.5847
2026-09-12 05:00:00+00:00,77186.5,77206.9,77129.2,77190.8,146.2058
2026-09-12 05:15:00+00:00,77190.8,77206.7,77154.6,77157.5,63.8758
2026-09-12 05:30:00+00:00,77157.5,77226.1,77152.4,77200.0,47.4171
2026-09-12 05:45:00+00:00,77200.0,77222.7,77176.9,77177.7,88.4244
2026-09-12 06:00:00+00:00,77177.7,77199.4,77174.6,77178.4,20.4999
2026-09-12 06:15:00+00:00,77178.4,77206.0,77178.3,77205.8,11.7305
2026-09-12 06:30:00+00:00,77205.8,77297.9,77205.8,77286.6,33.1256
2026-09-12 06:45:00+00:00,77286.6,77327.1,77257.9,77260.2,44.3273
2026-09-12 07:00:00+00:00,77260.2,77310.1,77260.0,77304.3,25.9787
2026-09-12 07:15:00+00:00,77304.3,77304.3,77268.8,77271.6,18.4005
2026-09-12 07:30:00+00:00,77271.6,77271.6,77242.5,77243.9,19.9684
2026-09-12 07:45:00+00:00,77243.9,77272.8,77223.8,77236.8,50.217
2026-09-12 08:00:00+00:00,77236.8,77310.9,77221.0,77264.7,124.272
2026-09-12 08:15:00+00:00,77264.7,77308.3,77255.2,77267.2,31.1443
2026-09-12 08:30:00+00:00,77267.2,77311.2,77267.2,77310.6,18.3984
2026-09-12 08:45:00+00:00,77310.6,77341.4,77290.5,77324.9,53.8521
2026-09-12 09:00:00+00:00,77324.9,77349.8,77302.2,77336.6,59.8251
2026-09-12 09:15:00+00:00,77336.6,77349.9,77310.6,77337.0,45.5053
2026-09-12 09:30:00+00:00,77337.0,77347.6,77291.0,77306.1,39.5947
2026-09-12 09:45:00+00:00,77306.1,77332.2,77295.6,77319.7,44.2945
2026-09-12 10:00:00+00:00,77319.7,77367.2,77319.6,77365.3,31.2174
2026-09-12 10:15:00+00:00,77365.3,77365.4,77338.3,77342.0,18.3993
2026-09-12 10:30:00+00:00,77342.0,77342.1,77314.2,77331.9,18.4692
2026-09-12 10:45:00+00:00,77331.9,77349.7,77275.4,77298.3,29.8751
2026-09-12 11:00:00+00:00,77298.3,77316.8,77276.9,77297.1,27.8418
2026-09-12 11:15:00+00:00,77297.1,77297.2,77259.6,77264.2,36.4842
2026-09-12 11:30:00+00:00,77264.2,77318.8,77260.8,77313.4,20.2532
2026-09-12 11:45:00+00:00,77313.4,77331.7,77313.2,77325.6,14.6054
2026-09-12 12:00:00+00:00,77325.6,77333.3,77279.1,77293.2,27.7543
2026-09-12 12:15:00+00:00,77293.2,77314.9,77273.0,77294.2,43.7611
2026-09-12 12:30:00+00:00,77294.2,77313.4,77292.2,77292.2,23.1405
2026-09-12 12:45:00+00:00,77292.2,77310.2,77250.3,77294.9,64.6285
2026-09-12 13:00:00+00:00,77294.9,77364.3,77266.7,77284.0,104.2248
2026-09-12 13:15:00+00:00,77284.0,77286.5,77208.6,77268.9,123.7425
2026-09-12 13:30:00+00:00,77268.9,77296.0,77228.3,77265.5,62.8958
2026-09-12 13:45:00+00:00,77265.5,77329.4,77234.9,77329.1,37.8719
2026-09-12 14:00:00+00:00,77329.1,77349.9,77329.1,77333.9,20.5316
2026-09-12 14:15:00+00:00,77333.9,77395.4,77333.8,77393.9,29.3476
2026-09-12 14:30:00+00:00,77393.9,77449.8,77393.8,77413.0,67.3796
2026-09-12 14:45:00+00:00,77413.0,77477.5,77413.0,77430.4,47.9734
2026-09-12 15:00:00+00:00,77430.4,77433.7,77377.6,77396.6,116.9346
2026-09-12 15:15:00+00:00,77396.6,77449.1,77391.0,77418.9,54.3206
2026-09-12 15:30:00+00:00,77418.9,77420.1,77336.6,77366.7,42.3242
2026-09-12 15:45:00+00:00,77366.7,77408.9,77339.7,77343.8,67.7627
2026-09-12 16:00:00+00:00,77343.8,77384.8,77294.1,77333.9,68.8791
2026-09-12 16:15:00+00:00,77333.9,77349.8,77333.8,77349.7,9.2481
2026-09-12 16:30:00+00:00,77349.7,77354.0,77321.8,77327.6,15.4449
2026-09-12 16:45:00+00:00,77327.6,77349.5,77301.9,77326.1,109.4579
2026-09-12 17:00:00+00:00,77326.1,77365.6,77307.0,77324.3,42.5432
2026-09-12 17:15:00+00:00,77324.3,77329.9,77227.9,77262.9,48.178
2026-09-12 17:30:00+00:00,77262.9,77263.0,77173.7,77202.2,58.7223
2026-09-12 17:45:00+00:00,77202.2,77202.3,77140.4,77173.7,43.3509
2026-09-12 18:00:00+00:00,77173.7,77190.2,77132.8,77132.9,43.5431
2026-09-12 18:15:00+00:00,77132.9,77174.5,77087.9,77168.6,75.5023
2026-09-12 18:30:00+00:00,77168.6,77168.6,77085.3,77153.2,47.6488
2026-09-12 18:45:00+00:00,77153.2,77153.3,77095.7,77105.9,20.8236
2026-09-12 19:00:00+00:00,77105.9,77152.9,77091.3,77141.6,100.914
2026-09-12 19:15:00+00:00,77141.6,77157.5,77090.2,77093.3,58.7702
2026-09-12 19:30:00+00:00,77093.3,77114.8,77025.1,77040.7,56.8412
2026-09-12 19:45:00+00:00,77040.7,77127.6,77040.6,77084.2,32.4379
2026-09-12 20:00:00+00:00,77084.2,77146.4,77084.2,77143.9,28.5002
2026-09-12 20:15:00+00:00,77143.9,77175.2,77125.2,77157.9,41.1895
2026-09-12 20:30:00+00:00,77157.9,77182.7,77120.0,77142.1,97.2039
2026-09-12 20:45:00+00:00,77142.1,77187.6,77119.5,77129.2,33.0128
2026-09-12 21:00:00+00:00,77129.2,77206.1,77101.0,77128.3,95.1216
2026-09-12 21:15:00+00:00,77128.3,77172.8,77127.4,77172.7,23.6055
2026-09-12 21:30:00+00:00,77172.7,77229.0,77172.7,77200.7,56.2779
2026-09-12 21:45:00+00:00,77200.7,77238.3,77167.1,77218.3,83.0357
2026-09-12 22:00:00+00:00,77218.3,77275.7,77170.3,77226.4,81.6557
2026-09-12 22:15:00+00:00,77226.4,77268.0,77144.4,77165.4,73.6461
2026-09-12 22:30:00+00:00,77165.4,77202.2,77147.1,77156.8,32.2138
2026-09-12 22:45:00+00:00,77156.8,77208.7,77156.8,77195.1,18.8676
2026-09-12 23:00:00+00:00,77195.1,77250.2,77195.1,77241.7,36.7247
2026-09-12 23:15:00+00:00,77241.7,77251.9,77202.5,77220.3,28.1116
2026-09-12 23:30:00+00:00,77220.3,77230.4,77192.6,77219.7,34.9401
2026-09-12 23:45:00+00:00,77219.7,77259.0,77219.7,77242.8,23.8928
2026-09-13 00:00:00+00:00,77242.8,77275.3,77225.0,77238.6,19.433
2026-09-13 00:15:00+00:00,77238.6,77251.8,77227.6,77232.1,14.7161
2026-09-13 00:30:00+00:00,77232.1,77232.2,77127.6,77182.3,29.2843
2026-09-13 00:45:00+00:00,77182.3,77254.7,77182.3,77239.5,26.1182
2026-09-13 01:00:00+00:00,77239.5,77269.5,77218.5,77248.6,61.4663
2026-09-13 01:15:00+00:00,77248.6,77309.1,77221.8,77221.9,101.9291
2026-09-13 01:30:00+00:00,77221.9,77272.7,77207.2,77261.2,31.6084
2026-09-13 01:45:00+00:00,77261.2,77289.8,77239.0,77285.4,33.7108
2026-09-13 02:00:00+00:00,77285.4,77285.5,77235.6,77255.5,31.6635
2026-09-13 02:15:00+00:00,77255.5,77270.0,77217.7,77233.2,19.5434
2026-09-13 02:30:00+00:00,77233.2,77283.8,77208.3,77268.2,66.0116
2026-09-13 02:45:00+00:00,77268.2,77286.9,77251.0,77263.7,43.229
2026-09-13 03:00:00+00:00,77263.7,77287.7,77235.8,77251.9,49.7283
2026-09-13 03:15:00+00:00,77251.9,77252.7,77209.0,77227.2,21.1741
2026-09-13 03:30:00+00:00,77227.2,77227.2,77166.1,77188.3,36.243
2026-09-13 03:45:00+00:00,77188.3,77194.1,77150.8,77162.3,39.1461
2026-09-13 04:00:00+00:00,77162.3,77227.8,77155.5,77176.3,54.4994
2026-09-13 04:15:00+00:00,77176.3,77226.1,77176.2,77193.5,29.1072
2026-09-13 04:30:00+00:00,77193.5,77203.7,77177.4,77182.5,12.4833
2026-09-13 04:45:00+00:00,77182.5,77194.3,77165.3,77179.1,17.2071
2026-09-13 05:00:00+00:00,77179.1,77211.6,77179.0,77210.9,20.4064
2026-09-13 05:15:00+00:00,77210.9,77249.9,77210.8,77249.8,28.0714
2026-09-13 05:30:00+00:00,77249.8,77272.2,77249.8,77272.2,15.3875
2026-09-13 05:45:00+00:00,77272.2,77289.9,77272.2,77280.5,28.3379
2026-09-13 06:00:00+00:00,77280.5,77291.1,77264.1,77265.5,36.8981
2026-09-13 06:15:00+00:00,77265.5,77273.6,77250.0,77262.1,26.1489
2026-09-13 06:30:00+00:00,77262.1,77268.1,77229.6,77259.4,36.1562
2026-09-13 06:45:00+00:00,77259.4,77259.4,77013.4,77082.1,73.059
2026-09-13 07:00:00+00:00,77082.1,77130.8,77056.0,77129.9,30.8588
2026-09-13 07:15:00+00:00,77129.9,77136.4,77083.5,77106.0,17.7575
2026-09-13 07:30:00+00:00,77106.0,77133.7,77052.2,77126.4,61.4427
2026-09-13 07:45:00+00:00,77126.4,77132.3,77054.2,77087.6,42.6908
2026-09-13 08:00:00+00:00,77087.6,77146.0,76999.9,77029.6,92.8333
2026-09-13 08:15:00+00:00,77029.6,77029.6,76966.3,76988.5,40.8613
2026-09-13 08:30:00+00:00,76988.5,76988.5,76713.3,76792.8,316.2512
2026-09-13 08:45:00+00:00,76792.8,76841.1,76710.2,76767.9,189.9277
2026-09-13 09:00:00+00:00,76767.9,76869.7,76750.8,76780.0,103.9998
2026-09-13 09:15:00+00:00,76780.0,76791.6,76559.9,76604.8,186.5091
2026-09-13 09:30:00+00:00,76604.8,76742.9,76526.9,76685.6,188.3465
2026-09-13 09:45:00+00:00,76685.6,76791.5,76685.5,76766.2,137.6941
2026-09-13 10:00:00+00:00,76766.2,76781.9,76716.4,76764.9,96.3689
2026-09-13 10:15:00+00:00,76764.9,76778.3,76713.1,76729.7,31.8434
2026-09-13 10:30:00+00:00,76729.7,76785.2,76664.5,76664.7,30.6243
2026-09-13 10:45:00+00:00,76664.7,76720.6,76594.5,76643.4,94.6733
2026-09-13 11:00:00+00:00,76643.4,76681.9,76464.3,76492.5,262.9271
2026-09-13 11:15:00+00:00,76492.5,76638.8,76492.5,76634.4,105.2107
2026-09-13 11:30:00+00:00,76634.4,76768.7,76618.4,76745.8,62.6318
2026-09-13 11:45:00+00:00,76745.8,76770.1,76716.1,76752.6,58.9422
2026-09-13 12:00:00+00:00,76752.6,76774.0,76721.2,76766.3,35.4557
2026-09-13 12:15:00+00:00,76766.3,76827.0,76766.2,76800.1,46.5172
2026-09-13 12:30:00+00:00,76800.1,76830.9,76672.6,76697.4,71.1334
2026-09-13 12:45:00+00:00,76697.4,76756.3,76650.1,76725.7,94.4283
2026-09-13 13:00:00+00:00,76725.7,76736.7,76641.6,76730.1,58.8946
2026-09-13 13:15:00+00:00,76730.1,76748.6,76514.6,76545.8,105.9329
2026-09-13 13:30:00+00:00,76545.8,76740.0,76545.0,76736.0,62.9324
2026-09-13 13:45:00+00:00,76736.0,76892.1,76736.0,76813.7,116.1367
2026-09-13 14:00:00+00:00,76813.7,76979.8,76810.5,76973.9,96.3587
2026-09-13 14:15:00+00:00,76973.9,77092.9,76973.9,77067.7,197.2903
2026-09-13 14:30:00+00:00,77067.7,77232.0,77049.7,77150.8,197.6364
2026-09-13 14:45:00+00:00,77150.8,77221.7,77125.8,77174.9,110.8301
2026-09-13 15:00:00+00:00,77174.9,77178.8,77072.6,77087.9,71.218
2026-09-13 15:15:00+00:00,77087.9,77175.0,76982.5,77007.1,171.8613
2026-09-13 15:30:00+00:00,77007.1,77148.7,77007.1,77130.8,63.3935
2026-09-13 15:45:00+00:00,77130.8,77130.9,77082.0,77097.9,38.1103
2026-09-13 16:00:00+00:00,77097.9,77226.8,77083.2,77165.8,153.6302
2026-09-13 16:15:00+00:00,77165.8,77274.9,77151.8,77209.3,63.5317
2026-09-13 16:30:00+00:00,77209.3,77354.8,77192.9,77282.9,175.6056
